LAT,LON,total_fCO2_obs,total_SST_obs,total_salinity_obs,months_with_data,total_cruises
-12.375,130.375,17526,17526,17526,2,3
38.125,141.375,13722,13722,13722,13,16
-66.375,110.625,11460,11460,11460,2,2
51.375,2.875,11226,11226,11226,10,13
54.625,12.375,9559,9559,9559,21,31
55.125,14.125,8843,8843,8843,21,33
55.375,14.625,8828,8828,8828,21,33
-23.375,151.875,8282,8282,8282,24,28
-42.625,173.625,7846,7846,7846,4,4
56.125,16.875,7750,7750,7750,21,33
-35.875,136.375,7735,7735,7735,24,27
-42.625,148.125,7660,7660,7660,23,25
57.125,18.875,7644,7644,7644,19,21
55.875,16.125,7584,7584,7584,21,34
55.625,15.375,7396,7396,7396,21,33
51.375,2.625,7321,7321,7321,10,11
54.875,13.125,7288,7288,7288,21,30
54.875,13.375,7189,7189,7189,21,32
23.875,-76.125,7129,7129,7129,1,1
55.625,15.125,6983,6983,6983,21,32
55.875,15.875,6526,6526,6526,21,33
54.875,13.625,6440,6440,6440,21,32
54.625,12.625,6385,6385,6385,21,31
57.625,19.625,6374,6374,6374,19,21
57.875,19.875,6336,6336,6336,19,21
43.125,-70.625,6283,6283,6283,23,28
56.125,16.625,6213,6213,6213,21,33
56.875,18.625,6198,6198,6198,19,21
57.375,19.125,6177,6177,6177,19,21
59.625,23.875,6087,6087,6087,21,23
59.625,23.625,6076,6076,6076,21,23
58.875,21.375,6036,6036,6036,20,23
40.625,141.625,5930,5930,5930,3,3
55.125,14.375,5908,5908,5908,21,33
59.125,21.875,5832,5832,5832,21,24
54.875,12.875,5785,5785,5785,21,31
56.625,18.125,5768,5768,5768,19,21
54.375,11.625,5698,5698,5698,21,31
58.375,20.625,5620,5620,5620,19,21
34.375,-120.875,5535,5535,5535,24,30
56.875,18.375,5492,5492,5492,19,21
58.125,20.375,5351,5351,5351,19,21
59.125,21.625,5333,5333,5333,21,24
58.625,20.875,5312,5312,5312,20,22
24.875,-80.625,5190,5190,5190,23,52
51.625,2.875,5145,5145,5145,9,11
56.625,17.875,5108,5108,5108,19,21
18.375,-64.625,4868,4868,4868,8,11
59.375,22.375,4790,4790,4790,21,23
58.875,21.125,4655,4655,4655,20,22
57.375,19.375,4631,4631,4631,19,21
58.625,21.125,4618,4618,4618,19,21
59.625,24.125,4570,4570,4570,21,23
55.875,16.375,4527,4527,4527,21,34
51.375,3.125,4511,4511,4511,10,11
-13.875,121.875,4489,4489,4489,2,2
55.375,14.375,4466,4466,4466,21,33
58.125,20.125,4441,4441,4441,19,21
33.375,-122.625,4431,4431,4431,18,20
55.625,15.625,4244,4244,4244,21,32
55.375,14.875,4079,4079,4079,21,32
59.375,22.625,4028,4028,4028,21,23
-45.125,173.125,3950,3950,3950,2,2
55.125,13.875,3875,3875,3875,20,26
56.375,17.375,3863,3863,3863,19,21
56.375,17.125,3819,3819,3819,21,28
68.125,-12.625,3751,3751,3724,17,19
-11.125,133.375,3746,3746,3746,1,1
55.625,14.875,3627,3627,3627,20,27
40.875,141.625,3593,3593,3593,6,6
59.375,22.125,3586,3586,3586,19,21
-68.625,77.875,3534,3534,3534,3,3
38.875,142.125,3504,3504,3504,8,10
58.875,21.625,3446,3446,3446,20,22
55.875,15.625,3445,3445,3445,19,26
-45.125,172.875,3418,3418,3418,2,2
36.875,-76.125,3400,3400,3400,17,18
57.875,20.125,3353,3353,3353,19,21
59.125,22.125,3349,3349,3349,20,22
40.875,141.875,3332,3332,3332,6,7
38.125,141.125,3321,3321,3321,9,9
17.875,-67.125,3313,3313,3306,16,17
57.625,19.375,3287,3287,3287,19,21
59.625,23.375,3283,3283,3283,21,23
54.875,13.875,3282,3282,3282,21,29
25.875,-77.875,3250,3250,3250,16,69
59.375,22.875,3179,3179,3179,20,22
59.375,23.125,3167,3167,3167,20,22
58.375,20.875,3123,3123,3123,19,21
59.625,24.375,3108,3108,3108,20,22
65.875,2.125,3095,3095,3095,16,16
42.375,143.875,3086,3086,3086,5,5
38.375,142.125,3036,3036,3036,4,4
56.125,16.375,3007,3007,3007,19,25
-44.125,174.375,2989,2989,2989,3,3
59.625,22.875,2984,2984,2984,18,20
59.625,23.125,2966,2966,2966,18,20
59.875,24.375,2953,2953,2953,18,20
59.375,23.375,2844,2844,2844,20,22
-42.625,173.875,2809,2809,2809,6,6
-43.875,174.375,2773,2773,2773,3,3
56.125,17.125,2711,2711,2711,19,21
58.375,20.375,2634,2634,2634,20,21
36.625,141.125,2627,2627,2627,6,6
-41.625,174.625,2616,2616,2616,6,7
-45.125,172.375,2608,2608,2608,2,2
-14.375,121.375,2596,2596,2596,2,2
39.125,142.125,2575,2575,2575,9,11
-67.625,-68.125,2508,2508,2508,5,6
-42.875,173.875,2484,2484,2484,10,12
38.875,141.875,2425,2425,2425,10,10
37.125,141.125,2412,2412,2412,3,3
-66.625,139.875,2401,2401,2401,1,1
58.625,20.625,2380,2380,2380,20,22
36.875,141.375,2321,2321,2321,5,6
59.625,22.625,2298,2298,2298,18,20
-65.125,128.375,2258,2258,2258,1,1
26.125,-79.875,2248,2248,2248,12,84
37.875,141.375,2224,2224,2224,9,9
-45.125,172.625,2207,2207,2207,2,2
56.875,17.375,2197,2197,2197,19,31
41.375,-71.375,2160,2160,2160,12,20
-45.625,171.875,2155,2155,2155,1,1
29.375,-86.375,2144,2144,2144,3,5
26.125,-79.375,2142,2142,2142,16,73
-43.375,147.625,2132,2132,2132,10,13
-41.625,176.125,2070,2070,2070,1,1
37.625,141.625,2069,2069,2069,7,8
18.375,-65.125,2046,2046,2046,16,55
29.125,-86.125,2044,2044,2044,2,4
36.875,141.625,2042,2042,2042,5,5
-13.375,121.625,2026,2026,2026,2,2
-64.875,-64.375,2025,2025,2025,9,11
51.375,2.375,2021,2021,2021,9,11
28.875,-90.375,2005,2005,2005,9,9
57.875,18.375,1997,1997,1997,19,31
25.125,-80.125,1989,1989,1989,18,43
54.625,12.125,1989,1989,1989,19,23
19.375,-75.375,1983,1983,1983,6,9
54.875,12.625,1982,1982,1982,19,24
59.125,21.375,1973,1973,1973,19,21
26.125,-78.875,1954,1954,1954,15,72
40.125,142.125,1943,1943,1943,8,9
57.375,17.625,1907,1907,1907,19,31
59.125,22.375,1895,1895,1895,20,22
-27.125,154.625,1878,1878,1878,1,1
59.875,24.625,1864,1864,1864,8,10
26.125,-79.125,1862,1862,1862,15,71
32.875,135.875,1855,1855,1855,3,3
39.625,142.375,1853,1853,1853,8,9
31.375,-80.875,1850,1850,1850,9,10
-11.125,133.125,1827,1827,1827,1,1
54.625,12.875,1816,1816,1816,21,26
-65.875,144.375,1802,1802,1802,2,2
-43.125,173.875,1791,1791,1791,1,1
25.875,-77.625,1789,1789,1789,16,70
26.125,-79.625,1782,1782,1782,16,79
25.625,-80.125,1771,1771,1771,19,50
69.375,-81.125,1764,1764,1764,1,1
59.875,24.875,1763,1763,1763,8,10
57.125,19.125,1754,1754,1754,19,21
24.375,-81.875,1737,1737,1737,18,35
39.625,142.125,1731,1731,1731,8,9
71.875,-150.375,1728,1728,1728,2,2
57.125,17.625,1728,1728,1728,19,30
-14.375,121.125,1719,1719,1719,2,2
40.125,-70.875,1683,1683,1683,4,6
39.375,-68.875,1681,1681,1681,2,2
57.125,18.625,1672,1672,1672,18,19
59.375,21.875,1669,1669,1669,19,21
26.125,-78.375,1665,1665,1665,16,73
58.375,19.875,1651,1651,1651,19,21
68.875,14.375,1647,1647,1647,2,3
57.625,18.125,1627,1627,1627,19,27
25.375,-80.125,1622,1622,1622,19,47
38.375,141.625,1621,1621,1621,8,8
18.375,-64.875,1614,1614,1614,13,29
-27.125,155.375,1613,1613,1613,1,1
57.625,17.875,1606,1606,1606,19,30
72.625,-144.875,1599,1599,1599,2,2
51.625,3.125,1597,1597,1597,9,10
42.875,-70.125,1587,1587,1587,9,9
36.625,140.875,1578,1578,1578,2,2
26.125,-78.625,1576,1576,1576,16,71
24.625,-83.125,1575,1575,1575,2,2
55.375,-7.125,1570,1570,1570,2,2
38.125,141.625,1562,1562,1562,12,14
58.125,19.375,1535,1535,1535,19,21
42.625,144.375,1528,1528,1528,5,5
18.625,-66.125,1520,1520,1520,16,54
42.875,-70.375,1515,1515,1515,9,9
59.875,24.125,1513,1513,1513,17,19
70.375,-162.125,1498,1498,1498,3,3
55.875,16.625,1471,1471,1471,21,28
19.375,-87.125,1469,1469,1469,13,38
25.625,-79.875,1465,1465,1465,14,49
41.375,143.125,1463,1463,1463,4,4
50.375,-8.875,1457,1457,1457,4,4
63.375,6.625,1455,1455,1455,1,1
-37.625,177.125,1452,1452,1452,1,1
39.875,142.375,1448,1448,1448,7,9
37.125,141.375,1444,1444,1444,6,6
28.625,-85.875,1440,1440,1440,2,4
44.625,-67.625,1438,1438,1438,2,2
39.875,-70.875,1437,1437,1437,3,4
38.375,141.875,1436,1436,1436,8,12
58.625,20.375,1435,1435,1435,19,21
25.875,-78.125,1428,1428,1428,15,65
49.625,-3.375,1427,1427,1427,5,5
-41.375,174.875,1418,1418,1418,8,12
57.875,19.625,1405,1405,1405,17,18
42.875,145.375,1404,1404,1404,4,4
57.625,19.875,1400,1400,1400,19,21
41.125,141.875,1398,1398,1398,8,9
25.625,-76.625,1396,1396,1396,16,55
42.375,145.125,1383,1383,1383,6,6
58.375,20.125,1377,1377,1377,19,21
71.625,-151.125,1376,1376,1376,3,3
57.875,18.625,1375,1375,1375,19,21
-12.125,130.625,1374,1374,1374,2,2
28.625,-85.625,1372,1372,1372,2,4
58.125,19.125,1367,1367,1367,19,21
38.625,141.875,1364,1364,1364,10,11
72.875,-150.125,1352,1352,1352,2,2
24.375,-81.625,1350,1350,1350,18,35
25.625,-76.875,1346,1346,1346,16,56
-65.875,144.625,1334,1334,1334,2,2
70.625,-122.875,1333,1333,1333,3,3
42.125,145.125,1332,1332,1332,7,7
19.125,-87.375,1330,1330,1330,12,30
-27.375,153.875,1329,1329,1329,1,1
-43.875,147.875,1326,1326,1326,4,4
51.375,3.375,1322,1322,1322,6,6
18.625,-65.875,1319,1319,1319,15,47
-14.125,121.375,1311,1311,1311,2,2
22.125,-85.125,1311,1311,1311,15,51
42.625,144.875,1305,1305,1305,6,7
56.625,17.125,1296,1296,1296,17,28
-68.625,77.625,1294,1294,1294,3,3
37.875,141.625,1290,1290,1290,7,9
58.125,20.625,1289,1289,1289,19,21
-27.375,154.125,1282,1282,1282,1,1
50.875,-10.625,1279,1279,1279,3,3
25.875,-79.875,1278,1278,1278,16,68
29.125,-86.375,1274,1274,1274,2,4
18.125,-64.625,1259,1259,1259,14,35
72.625,-144.625,1245,1245,1245,2,2
-62.375,-60.625,1237,1237,1237,7,7
41.875,143.875,1231,1231,1231,6,6
19.625,-87.125,1228,1228,1228,13,36
51.375,-9.625,1226,1226,1226,10,11
73.625,13.375,1221,1221,1221,2,2
23.375,-83.375,1221,1221,1221,15,50
58.625,21.375,1218,1218,1218,19,21
71.875,-150.875,1208,1208,1208,3,4
24.625,-80.875,1207,1207,1207,16,35
26.125,-80.125,1202,1202,1202,15,89
40.375,-70.875,1201,1201,1201,3,4
40.125,142.375,1194,1194,1194,5,5
22.875,-84.375,1193,1193,1193,15,46
-43.375,148.125,1187,1187,1187,5,6
41.375,145.625,1186,1186,1186,4,4
35.625,-121.875,1186,1186,1186,3,3
-62.125,-58.375,1183,1183,1183,3,3
56.375,17.625,1178,1178,1178,19,21
55.625,15.875,1174,1174,1174,21,25
23.125,-83.875,1173,1173,1173,15,51
18.625,-65.625,1155,1155,1155,15,52
-64.625,136.375,1153,1153,1153,1,1
24.625,-81.125,1147,1147,1147,14,23
42.875,-69.875,1139,1139,1139,8,8
40.625,141.875,1137,1137,1137,5,5
29.625,-86.875,1133,1133,1133,3,5
51.375,-9.375,1125,1125,1125,10,11
58.125,18.875,1118,1118,1118,19,21
21.875,-85.375,1114,1114,1114,15,46
41.125,-71.375,1110,1110,1110,11,17
41.875,-70.375,1109,1109,1109,6,7
22.375,-84.875,1107,1107,1107,15,52
-42.375,173.875,1102,1102,1102,5,5
18.875,-87.625,1098,1098,1098,13,33
22.625,-84.625,1097,1097,1097,15,51
57.125,17.375,1096,1096,1096,16,27
49.125,-9.625,1096,1096,1096,3,3
25.875,-80.125,1093,1093,1093,17,64
55.375,-160.375,1069,1069,1054,4,4
-43.875,147.625,1068,1068,1068,4,4
-27.125,154.375,1059,1059,1059,1,1
21.625,-85.625,1052,1052,1052,15,46
24.875,-80.375,1048,1048,1048,19,40
73.125,-150.125,1041,1041,1041,2,2
35.875,-74.875,1041,1041,1041,7,8
41.375,-66.125,1040,1040,1040,3,3
34.875,-75.125,1038,1038,1038,5,6
45.125,-66.125,1029,1029,1029,2,2
59.125,-148.625,1024,1024,1024,5,7
29.375,-86.625,1020,1020,1020,3,5
46.875,-124.875,1020,1020,1020,5,5
25.375,-77.375,1019,1019,1019,14,38
56.625,18.375,1017,1017,1017,19,21
31.875,-77.375,1017,1017,1017,2,2
22.875,-84.125,1016,1016,1016,15,47
20.625,-86.875,1014,1014,1014,15,43
37.625,141.875,1009,1009,1009,5,5
19.875,-87.125,1007,1007,1007,13,32
72.625,-150.125,1004,1004,1004,1,1
41.625,143.625,1004,1004,1004,4,4
41.875,142.875,1000,1000,1000,3,3
20.375,-87.125,997,997,997,13,32
40.375,141.875,991,991,991,6,6
42.375,144.125,986,986,986,6,6
49.125,-9.875,979,979,979,1,1
23.125,-83.625,979,979,979,15,51
41.375,140.375,976,976,976,4,5
58.875,20.875,970,970,970,19,21
-43.375,147.875,967,967,967,8,9
60.125,25.125,963,963,963,8,10
57.375,17.875,963,963,963,19,25
71.125,-140.125,958,958,958,1,1
-43.375,179.625,958,958,958,2,2
25.625,-77.125,952,952,952,16,55
24.375,-81.375,946,946,946,18,37
24.625,-80.625,946,946,946,19,52
23.375,-83.125,945,945,945,15,46
77.375,30.375,941,941,941,1,1
71.875,-94.375,940,940,940,1,1
27.125,-79.875,939,939,939,10,11
28.875,-85.875,939,939,939,2,4
73.875,-149.875,932,932,932,3,3
35.625,-74.875,932,932,932,6,7
74.125,-149.875,931,931,931,2,2
-65.375,112.125,930,930,930,1,1
28.375,-85.375,929,929,929,2,4
-27.125,154.875,929,929,929,1,1
58.125,19.625,928,928,928,19,21
25.375,-79.875,918,918,918,14,44
28.375,-85.625,917,917,917,2,4
56.625,17.625,911,911,911,19,21
-65.875,144.875,910,910,910,1,1
73.625,-146.625,910,910,910,1,2
56.375,16.875,909,909,909,19,30
36.625,141.375,908,908,908,5,6
-27.125,155.125,904,904,904,1,1
25.625,-77.625,903,903,903,14,39
47.875,-4.875,901,901,901,3,3
39.375,-69.125,900,900,900,2,2
49.125,-9.375,898,898,898,2,2
28.875,-86.125,898,898,898,2,4
51.875,-15.125,896,896,896,2,2
24.625,-81.875,895,895,895,13,18
18.625,-66.375,889,889,889,16,52
47.125,-7.375,887,887,887,3,3
18.875,-66.625,887,887,887,15,48
18.125,-65.125,886,886,886,13,34
48.375,-126.375,878,878,878,5,6
37.875,141.875,875,875,875,6,7
20.625,-86.125,874,874,874,15,43
53.875,-160.125,874,874,874,1,1
39.375,-70.375,873,873,873,2,2
-44.625,175.125,872,872,872,2,2
20.625,-86.375,869,869,869,15,43
37.375,141.875,869,869,869,2,2
25.875,-79.625,869,869,869,12,39
-27.375,154.625,865,865,865,1,1
37.125,-75.625,860,860,860,4,4
41.875,145.375,860,860,860,5,5
71.625,-140.125,860,860,860,1,1
59.625,-149.375,859,859,859,9,12
49.625,-5.125,855,855,855,1,1
24.875,-79.625,855,855,855,14,39
51.375,-9.125,851,851,851,11,13
50.875,-8.625,850,850,850,3,5
68.125,10.375,850,850,850,2,2
24.375,-83.125,849,849,849,3,3
18.125,-63.375,847,847,847,12,26
39.625,-70.875,846,846,846,1,1
41.125,145.625,844,844,844,3,3
29.625,-86.625,841,841,841,3,5
25.125,-79.625,835,835,835,14,39
39.625,146.375,835,835,835,3,3
49.875,-7.875,834,834,834,1,1
44.625,-125.125,834,834,834,4,6
40.875,141.375,833,833,833,2,2
50.125,-8.125,832,832,832,1,1
61.375,-69.875,832,832,832,1,1
51.125,-8.625,831,831,831,5,7
32.625,135.375,828,828,828,10,10
-44.375,174.125,828,828,828,3,3
36.125,-122.375,827,827,827,4,4
20.125,-87.125,826,826,826,13,32
57.625,-152.375,823,823,823,6,10
-42.625,174.125,823,823,823,9,10
-27.375,154.375,821,821,821,1,1
44.375,-124.875,821,821,821,5,6
39.875,142.125,818,818,818,7,7
39.375,142.125,816,816,816,7,7
-44.125,148.375,813,813,813,6,6
48.125,-4.875,811,811,811,1,2
25.125,-80.375,809,809,809,13,14
21.125,-85.875,808,808,808,13,33
69.125,14.375,806,806,806,4,5
38.125,141.875,804,804,804,8,10
18.125,-64.875,804,804,804,14,35
27.875,-13.875,803,803,803,6,7
-65.625,139.875,802,802,802,2,2
37.375,141.375,801,801,801,6,6
-41.625,174.875,801,801,801,6,9
13.125,-59.125,800,800,800,2,4
31.625,128.875,800,800,800,3,3
18.875,-87.375,798,798,798,13,35
29.625,-87.125,797,797,797,3,5
24.375,-81.125,796,796,796,15,40
25.375,-79.625,796,796,796,14,38
49.625,-3.625,790,790,790,8,9
48.875,-6.375,785,785,785,3,3
40.375,142.125,785,785,785,4,5
39.875,146.375,779,779,779,5,5
71.375,-140.125,778,778,778,2,2
48.875,-6.625,777,777,777,1,1
61.375,-1.375,777,777,777,3,3
20.375,-86.375,776,776,776,13,32
23.625,-82.375,776,776,776,15,47
26.875,-79.375,776,776,776,9,10
51.375,-9.875,774,774,774,10,10
48.375,-126.125,771,771,771,5,6
40.125,146.125,771,771,771,6,6
51.125,-8.875,770,770,770,4,5
25.875,-77.375,768,768,768,16,52
11.625,-57.875,765,764,765,2,2
57.875,18.125,764,764,764,19,30
19.875,-65.875,764,764,764,14,36
-43.375,147.375,760,760,760,9,11
50.875,-8.375,760,760,760,3,3
40.875,145.875,753,753,753,3,4
-64.125,-61.875,751,751,751,13,21
24.625,-80.375,746,746,746,14,32
37.875,142.125,741,741,741,5,6
36.125,-74.875,741,741,741,7,8
55.125,13.625,741,741,741,19,22
-66.125,147.125,739,739,739,1,1
49.375,-9.625,737,737,737,3,3
48.625,-126.875,736,736,736,4,4
28.375,-13.125,735,735,735,1,1
29.375,-86.125,735,735,735,2,4
18.625,-65.375,732,732,732,15,35
50.625,-8.875,731,731,731,3,3
41.375,142.875,730,730,730,4,4
71.375,-151.875,729,729,729,2,2
39.875,136.375,727,727,727,3,3
25.375,-77.125,723,723,723,14,31
-65.875,-66.125,723,723,723,3,3
79.125,6.125,722,722,722,2,2
57.875,-147.625,721,721,721,5,6
20.125,-86.625,721,721,721,13,31
25.125,-77.375,720,720,720,14,38
24.875,-80.125,720,720,720,15,44
23.875,-73.625,720,720,720,15,40
38.625,141.625,719,719,719,3,3
50.375,-8.625,715,715,715,3,3
-44.625,175.375,714,714,714,2,2
43.125,145.625,713,713,713,1,1
36.375,141.125,712,712,712,5,6
70.875,-140.125,712,712,712,1,1
45.375,145.125,712,712,712,2,2
43.375,-67.625,712,712,712,3,4
74.875,15.375,710,710,710,3,3
23.625,-73.125,709,709,709,17,55
42.125,-65.375,709,709,709,1,1
40.875,-66.625,707,707,707,4,5
58.125,-147.625,707,707,707,4,5
41.875,-69.875,705,705,705,3,3
55.375,15.125,703,703,703,21,26
56.375,-146.375,702,702,702,2,2
27.125,-79.625,702,702,702,8,9
23.625,-82.875,702,702,702,13,40
72.375,-150.125,701,701,701,2,2
49.375,-9.875,699,699,699,2,2
18.375,-65.375,699,699,699,14,36
19.125,-66.875,698,698,698,14,32
47.125,-8.125,696,696,696,2,3
58.375,19.625,696,696,696,19,21
41.625,141.375,695,695,695,5,6
22.625,-84.875,694,694,694,15,43
-43.625,148.125,690,690,690,6,7
39.875,-73.875,689,689,689,9,11
-65.625,149.375,689,689,689,1,1
35.875,-5.625,689,689,689,6,7
58.125,-147.875,687,687,687,4,5
48.125,-126.625,687,687,687,3,3
22.125,-77.375,685,685,685,11,30
49.375,-9.375,684,684,684,2,2
69.625,-99.875,681,681,681,2,2
19.875,-72.375,680,680,680,11,23
55.875,-132.625,679,679,679,8,8
40.625,145.875,678,678,678,3,4
19.125,-75.375,671,671,671,6,7
42.875,145.125,666,666,666,2,2
39.125,-70.375,664,664,664,2,2
51.125,-10.125,661,661,661,5,7
21.375,-85.625,660,660,660,13,32
23.625,-83.125,659,659,659,12,25
21.875,-76.875,659,659,659,11,29
-64.375,-62.125,656,656,656,13,20
44.625,-124.625,656,656,656,7,10
20.875,-69.375,656,656,656,14,32
59.875,25.125,655,655,655,8,10
-14.125,121.125,654,654,654,2,2
70.375,-140.125,654,654,654,1,1
70.625,-140.125,654,654,654,1,1
23.375,-72.875,653,653,653,15,36
-67.875,-68.875,652,652,652,6,7
58.625,-148.375,649,649,649,4,5
48.625,-6.125,648,648,648,4,5
20.375,-68.625,645,645,645,14,34
23.375,-82.875,645,645,645,15,43
27.125,-79.375,642,642,642,8,9
71.875,-139.875,642,642,642,1,1
19.625,-65.375,640,640,640,13,33
-65.875,143.875,639,639,639,1,1
50.875,-8.875,638,638,638,3,4
8.125,-53.875,635,635,635,1,1
48.875,-123.125,634,634,634,7,7
65.625,10.125,634,634,634,1,1
47.625,-4.125,634,634,634,3,3
41.125,142.875,634,634,634,3,3
21.375,-68.625,633,633,633,13,33
20.875,-74.375,632,632,632,11,29
55.375,-8.125,628,628,628,2,2
76.625,-135.375,627,627,627,2,2
20.875,-67.625,626,626,626,13,33
79.125,8.875,626,626,626,1,1
40.375,142.375,625,625,625,4,4
20.125,-66.125,625,625,625,14,35
-43.875,147.375,625,625,625,3,3
23.375,-72.375,624,624,624,14,33
51.625,2.625,624,624,624,7,7
47.125,-8.875,624,624,624,3,4
47.125,-8.625,623,623,623,4,5
20.125,-66.375,623,623,623,14,34
21.625,-70.375,621,621,621,14,34
19.875,-67.875,620,620,620,14,32
22.375,-85.125,619,619,619,15,46
-44.125,147.375,617,617,617,5,5
39.125,142.375,616,616,616,4,4
24.375,-80.625,615,615,615,15,38
23.125,-72.375,615,615,615,16,35
-41.875,175.875,614,614,614,2,2
36.125,-5.375,613,613,613,5,5
-62.625,-61.125,611,611,611,5,5
-63.875,-66.875,611,611,611,3,3
22.125,-69.875,611,611,611,13,33
31.375,-77.125,611,611,611,1,1
-63.625,-61.375,610,610,610,13,19
19.375,-81.625,609,609,609,14,24
20.625,-67.125,608,608,608,13,33
50.875,-10.875,607,607,607,2,2
19.625,-67.625,607,607,607,14,33
20.625,-73.875,606,606,606,11,29
19.625,-86.875,606,606,606,13,32
21.875,-70.625,605,605,605,14,35
13.125,-59.375,605,605,605,1,1
20.375,-66.625,602,602,602,14,34
-73.625,-103.375,601,601,601,5,5
55.625,-132.375,600,600,600,8,8
49.125,-123.375,599,599,598,7,7
26.875,-79.875,599,599,599,10,11
-43.125,148.375,597,597,597,1,1
22.875,-71.375,595,595,595,13,31
-64.625,-62.375,594,594,594,13,20
21.875,-69.625,592,592,592,13,33
49.875,-125.125,592,592,592,7,7
79.125,6.625,591,591,591,3,3
41.125,142.625,591,591,591,3,3
44.625,-124.875,590,590,590,6,8
18.625,-63.875,589,589,589,12,26
41.625,143.125,587,587,587,4,4
22.875,-72.125,587,587,587,15,34
25.625,-79.625,587,587,587,14,31
21.625,-69.125,585,585,585,13,33
26.125,-78.125,585,585,585,16,53
-66.625,-69.875,584,584,584,2,2
70.125,-139.875,583,583,583,1,2
21.375,-85.875,580,580,580,15,45
23.625,-82.125,580,580,580,15,31
22.625,-70.875,579,579,579,13,32
22.375,-71.375,579,579,579,13,31
-44.125,174.625,579,579,579,2,2
47.125,-8.375,578,578,578,3,4
49.875,-3.375,577,577,577,5,6
-65.625,149.875,577,577,577,1,1
-63.125,-60.375,576,576,576,4,4
25.375,-81.375,575,575,575,8,8
65.625,10.375,573,573,573,2,2
-43.125,148.125,573,573,573,1,1
58.875,-148.625,572,572,572,5,7
19.625,-69.375,572,572,572,13,23
21.125,-68.125,570,570,570,13,33
21.875,-77.125,570,570,570,11,30
26.625,-78.875,570,570,570,2,2
48.375,-5.375,569,569,569,3,3
23.625,-82.625,568,568,568,13,38
39.625,142.625,567,567,567,5,5
24.125,-82.375,567,567,567,12,23
39.375,-70.125,567,567,567,1,1
20.875,-86.125,565,565,565,13,32
56.875,17.125,564,564,564,16,19
-26.125,153.875,564,564,564,1,1
22.125,-71.125,564,564,564,14,35
-64.875,116.875,563,563,563,2,2
20.875,-86.625,562,562,562,13,23
-12.625,130.125,562,562,562,1,1
61.125,-69.875,562,562,562,1,1
28.875,-86.375,561,561,561,2,4
-65.875,147.375,560,560,560,2,2
24.375,-80.875,558,558,558,15,38
21.375,-70.125,558,558,558,14,32
38.875,134.125,558,558,558,1,1
70.375,-162.375,557,557,557,3,4
18.125,-64.125,556,556,556,13,25
40.875,-72.125,556,556,556,3,4
71.625,-151.375,555,555,555,2,2
21.625,-76.125,555,555,555,11,26
49.125,-6.625,554,554,554,2,2
48.125,-126.375,554,554,554,4,4
-25.875,153.625,553,553,553,12,12
37.875,142.375,553,553,553,1,2
-66.125,-66.125,553,553,553,5,5
-27.375,153.625,552,552,552,16,16
44.625,145.375,552,552,552,2,2
-41.625,175.875,551,551,551,9,10
41.625,140.875,551,551,551,4,5
-26.375,153.375,550,550,550,17,18
27.125,-79.125,550,550,550,7,8
21.375,-75.625,550,550,550,11,28
49.375,-3.875,548,548,548,5,5
-54.875,-64.875,548,548,548,11,20
-43.625,147.875,547,547,547,7,7
28.125,-85.125,546,546,546,2,4
-64.625,-63.125,545,545,545,12,19
22.375,-70.375,545,545,545,13,32
22.375,-77.625,545,545,545,11,30
25.625,-77.375,544,544,544,16,49
41.125,-66.375,543,543,543,4,5
41.625,143.375,542,542,542,4,4
60.125,-145.625,542,542,510,2,2
59.375,-148.875,542,542,542,5,7
-27.625,154.625,542,542,542,1,1
-64.625,-62.625,541,541,541,13,20
-41.875,175.625,540,540,540,2,2
19.875,-82.375,540,540,540,15,30
20.625,-68.875,540,540,540,14,33
46.875,-124.625,539,539,539,3,3
21.125,-69.625,538,538,538,14,32
39.875,144.625,538,538,538,1,1
41.875,-65.625,537,537,537,2,3
49.625,-7.875,537,537,537,1,1
-63.875,-61.625,537,537,537,13,20
-64.625,149.875,537,537,537,2,2
44.625,144.875,535,535,535,2,2
39.375,146.375,535,535,535,3,3
-62.375,-59.625,533,533,533,1,1
18.375,-63.625,533,533,533,12,26
34.625,-75.625,533,533,533,5,6
24.125,-80.875,532,532,532,14,27
57.125,-146.875,531,531,531,2,2
38.125,142.125,530,530,530,8,8
48.125,-125.125,529,529,529,6,6
-65.125,112.375,529,529,529,1,1
18.875,-66.875,529,529,529,15,36
32.875,135.625,529,529,529,5,5
51.625,2.375,529,529,529,6,6
21.375,-75.875,528,528,528,11,30
71.875,-131.875,527,527,527,2,2
-64.875,-64.625,525,525,525,9,10
42.375,-70.625,525,525,525,4,5
37.375,142.125,524,524,524,1,1
-42.625,148.375,524,524,524,2,2
65.625,9.125,523,523,523,1,1
60.375,-147.875,523,523,523,5,5
21.625,-76.375,523,523,523,11,30
47.625,-4.375,523,523,523,4,4
25.375,-81.125,523,523,523,8,8
72.375,-149.875,521,521,521,1,1
61.125,3.125,520,520,520,2,2
41.375,140.125,519,519,519,4,5
-11.625,129.875,519,519,519,3,3
-41.625,175.625,519,519,519,12,15
54.375,-160.375,518,518,518,2,2
42.875,144.875,518,518,518,3,3
20.375,-66.875,516,516,516,13,33
-38.375,147.375,516,516,516,1,1
57.125,-134.625,513,513,513,6,6
23.125,-84.125,513,513,513,15,43
51.625,-8.375,512,512,512,9,11
22.625,-84.375,512,512,512,13,29
22.625,-78.125,511,511,511,11,28
20.125,-72.625,511,511,511,11,23
21.875,-69.375,511,511,511,13,33
55.375,-6.875,511,511,511,2,2
37.625,-74.375,511,511,511,5,6
25.875,-81.875,510,510,510,7,7
-65.875,147.125,510,510,510,2,2
21.125,-75.125,510,510,510,11,29
51.375,-8.875,507,507,507,10,11
26.875,-79.625,506,506,506,8,9
41.125,141.625,506,506,506,3,4
-65.375,139.875,506,506,506,2,2
-68.625,77.375,505,505,505,3,3
7.125,-52.875,505,505,505,1,1
48.875,-129.625,505,505,505,4,4
-43.625,147.625,504,504,504,4,4
22.125,-70.125,503,503,503,13,31
79.125,7.125,502,502,502,2,2
23.875,-81.125,501,501,501,15,29
-41.875,176.375,501,501,501,1,1
36.375,141.625,501,501,501,3,3
-63.375,-61.625,500,500,500,12,17
19.125,-67.875,500,500,500,13,23
41.875,143.625,499,499,499,3,3
41.875,143.375,499,499,499,4,4
42.125,143.625,498,498,498,4,4
8.125,-52.125,497,497,497,1,1
41.375,143.625,497,497,497,3,3
19.375,-64.875,497,497,497,12,28
22.125,-85.375,497,497,497,13,26
-14.625,121.625,497,497,497,2,2
24.125,-82.125,496,496,496,13,24
38.375,142.875,496,496,496,2,2
40.375,-70.625,495,495,495,5,8
47.875,-5.375,495,495,495,2,2
27.875,-84.875,495,495,495,2,3
19.125,-87.125,494,494,494,9,16
-65.625,120.375,494,494,494,1,1
73.625,-150.125,494,494,494,1,1
-10.875,136.875,493,493,493,1,1
55.375,-8.375,493,493,493,2,2
73.375,-150.125,493,493,493,2,2
-65.875,144.125,493,493,493,1,1
59.625,-146.125,493,493,493,3,3
40.375,-73.625,491,491,491,6,6
70.375,-145.875,490,490,490,2,2
20.125,-68.375,490,490,490,14,33
71.625,-151.625,489,489,489,2,2
-27.625,153.625,488,488,488,15,15
57.375,-135.125,488,488,488,5,5
43.875,-68.375,488,488,488,5,5
-44.375,147.375,487,487,487,4,4
22.625,-71.625,487,487,487,14,32
74.625,-135.375,487,487,487,2,2
41.625,145.375,486,486,486,4,4
74.625,18.875,486,486,486,1,1
47.125,-7.625,483,483,483,2,2
18.875,-67.125,483,483,483,13,23
47.875,-6.125,482,482,482,4,4
19.375,-68.375,482,482,482,10,23
-44.375,173.875,482,482,482,2,2
22.625,-71.875,481,481,481,14,33
20.625,-86.625,481,481,481,15,28
49.625,-5.375,480,480,480,1,1
-64.625,-66.125,480,480,480,3,3
50.375,-9.125,479,479,479,3,3
43.625,-68.875,479,479,479,5,5
18.125,-63.625,479,479,479,12,25
22.625,-78.375,479,479,479,11,26
42.125,144.125,479,479,479,4,4
23.875,-82.625,479,479,479,12,23
73.875,-150.125,479,479,479,3,3
71.875,-150.625,478,478,478,3,4
40.125,142.625,477,477,477,3,4
29.375,-87.625,477,477,477,4,7
23.125,-72.625,476,476,476,15,33
23.625,-81.875,476,476,476,14,27
48.625,-5.875,476,476,476,5,6
48.375,-5.125,476,476,476,2,2
40.875,145.625,475,475,475,2,2
21.125,-86.125,475,475,475,12,21
20.375,-73.375,475,475,475,11,24
47.125,-7.875,474,474,474,2,2
41.375,142.625,474,474,474,1,1
20.125,-84.125,473,473,473,15,29
49.375,-4.125,473,473,473,6,7
43.375,-67.875,473,473,473,4,5
28.375,-85.875,473,473,473,2,4
41.125,143.125,472,472,472,3,3
40.375,146.125,472,472,472,4,4
-65.875,145.125,472,472,472,1,1
49.875,-6.125,472,472,472,1,1
36.375,-74.875,471,471,471,8,8
42.875,144.125,471,471,471,1,1
-38.625,145.125,471,471,471,16,16
-62.375,-61.125,469,469,469,7,7
22.375,-77.875,469,469,469,11,30
-65.375,120.375,469,469,469,1,1
47.875,-5.875,468,468,468,3,3
19.125,-64.375,468,468,468,12,25
77.125,30.375,468,468,468,1,1
23.125,-71.875,468,468,468,14,33
21.375,-69.875,467,467,467,14,35
-11.875,145.375,467,467,467,1,1
41.125,-124.875,467,467,467,4,4
42.125,-67.625,466,466,466,4,5
19.875,-86.875,466,466,466,12,26
47.625,-4.625,465,465,465,3,3
58.375,-148.125,464,464,464,4,6
-65.375,119.625,464,464,464,1,1
65.375,10.375,464,464,464,1,1
-65.125,128.125,464,464,464,1,1
8.125,-53.625,464,464,464,1,1
-63.875,125.625,464,464,464,1,1
23.875,-81.375,463,463,463,13,26
72.875,-136.125,461,461,461,2,2
20.875,-74.625,461,461,461,11,30
23.875,-82.125,460,460,460,12,30
44.125,-67.625,459,459,459,3,4
18.875,-64.125,459,459,459,12,25
-66.375,143.625,459,459,459,1,1
59.125,-148.875,459,459,459,4,6
25.625,-81.375,459,459,459,7,7
23.375,-72.625,458,458,458,16,48
20.375,-85.375,458,458,458,15,28
39.125,134.875,456,456,456,1,1
42.625,144.625,454,454,454,4,4
18.125,-64.375,453,453,453,13,27
19.625,-81.875,453,453,453,14,22
56.875,-164.125,452,452,451,4,4
-27.875,154.875,452,452,452,1,1
54.625,-156.375,452,452,452,2,2
54.625,-130.875,450,450,450,7,7
72.375,-134.125,450,450,450,2,2
47.375,-3.125,450,450,450,2,2
65.625,10.625,449,449,449,2,2
-42.375,174.125,449,449,449,7,8
39.875,144.375,447,447,447,1,1
-12.375,130.625,446,446,446,3,3
55.375,-7.375,446,446,446,3,3
18.125,-63.875,445,445,445,13,25
36.125,140.875,444,444,444,2,2
41.125,-69.375,444,444,444,2,2
23.625,-73.375,444,444,444,14,30
47.875,-5.625,441,441,441,2,2
23.375,-83.625,441,441,441,14,39
34.875,140.125,440,440,440,16,31
42.875,145.625,440,440,440,3,3
-64.875,149.875,440,440,440,2,2
-65.625,144.375,439,439,439,2,2
20.125,-82.625,439,439,439,15,23
20.375,-73.125,439,439,439,11,25
19.875,-82.125,438,438,438,15,30
24.625,-79.625,437,437,437,12,30
33.625,128.375,437,437,437,1,1
-65.875,147.625,436,436,436,2,2
20.625,-67.375,436,436,436,13,33
65.625,8.875,436,436,436,3,3
20.375,-85.625,435,435,435,14,27
-38.875,178.875,435,435,435,2,2
39.375,143.375,434,434,434,4,4
38.625,-73.125,433,433,433,11,12
21.625,-68.875,433,433,433,13,33
34.625,139.625,433,433,433,21,41
53.125,-169.125,433,433,433,2,3
38.125,-74.875,432,432,432,5,6
42.375,143.625,432,432,432,4,4
36.375,140.875,432,432,432,3,3
50.375,-11.375,431,431,431,2,2
26.625,-82.625,431,431,431,6,6
26.625,-79.375,430,430,430,8,10
56.625,17.375,430,430,430,18,24
-62.125,-58.625,430,430,430,2,2
31.875,127.625,429,429,429,2,2
24.875,-83.875,429,429,429,1,1
-64.375,-62.875,428,428,428,2,2
20.125,-72.875,427,427,427,11,24
37.625,142.125,427,427,427,4,4
49.125,-123.625,427,427,427,7,7
-41.875,176.125,427,427,427,1,1
-64.625,114.125,427,427,427,1,1
24.125,-79.375,426,426,426,11,27
69.125,14.125,426,426,426,3,3
72.375,-140.125,426,426,426,1,1
42.875,144.375,426,426,426,3,3
20.875,-74.125,425,425,425,13,32
50.125,171.875,425,425,425,1,1
23.375,-79.125,425,425,425,11,24
71.375,-152.125,425,425,425,2,2
-41.875,175.375,425,425,425,10,11
49.375,-4.375,424,424,424,7,8
23.625,-79.125,424,424,424,11,24
8.125,-53.375,423,423,423,2,2
24.625,-81.375,423,423,423,8,8
40.125,-70.625,422,422,422,5,7
19.375,-68.625,421,421,421,10,17
20.625,-73.625,421,421,421,10,27
-64.125,141.625,421,421,421,1,1
80.125,29.625,420,420,420,1,1
69.375,-100.125,420,420,420,2,2
50.625,-11.125,419,419,419,2,2
21.375,-68.375,419,419,419,13,33
70.625,-149.625,418,418,418,2,2
34.875,-75.375,418,418,418,6,8
41.875,143.125,418,418,418,3,3
-22.375,40.375,417,417,417,1,1
59.875,-145.875,416,416,416,2,2
-26.125,153.625,416,416,416,4,4
-63.875,125.375,416,416,416,1,1
19.375,-65.125,416,416,416,13,32
59.625,-149.125,415,415,415,6,8
24.375,-82.125,415,415,415,14,26
42.125,-65.875,415,415,415,3,5
49.875,-5.625,413,413,413,2,2
20.125,-71.625,413,413,413,10,18
-64.375,115.375,413,413,413,1,1
47.375,-7.125,412,412,412,2,2
61.625,-69.875,412,412,412,1,1
-65.625,147.375,411,411,411,1,1
21.875,-85.125,411,411,411,13,29
35.125,-75.125,410,410,410,6,6
-64.125,125.875,409,409,409,1,1
51.625,1.875,409,409,409,1,1
51.125,-9.875,409,409,409,4,5
-62.875,-61.875,409,409,409,13,18
20.125,-71.375,408,408,408,10,18
-45.375,144.375,408,408,408,5,5
-37.875,-57.375,408,408,408,1,1
10.875,-57.625,408,408,408,1,1
29.875,-88.375,408,408,408,4,8
24.625,-83.625,407,407,407,1,1
23.125,-78.875,407,407,407,11,23
21.875,-85.625,406,406,406,13,25
13.125,-59.625,406,406,406,2,3
24.375,-79.625,406,406,406,11,23
-54.125,-65.625,406,406,406,10,17
-66.375,144.375,406,406,406,1,1
39.375,-72.375,405,405,405,6,6
46.875,-9.875,405,405,405,3,3
72.875,-135.875,404,404,404,2,2
43.125,145.375,403,403,403,2,2
20.625,-69.125,403,403,403,14,33
72.875,-139.875,403,403,403,1,1
-25.875,153.375,401,401,401,13,13
41.125,-124.625,401,401,401,2,2
59.375,-149.125,401,401,401,4,6
21.125,-74.875,401,401,401,11,26
-41.625,176.625,400,400,400,1,1
-47.125,172.125,400,400,400,1,1
74.375,-135.375,400,400,400,2,2
19.875,-70.125,400,400,400,10,18
-53.875,-66.125,400,400,400,10,17
-66.125,-66.375,399,399,399,5,5
21.375,-75.375,398,398,398,11,23
-55.125,-64.875,397,397,397,10,17
43.125,145.875,397,397,397,1,1
54.125,-155.875,397,397,397,2,2
20.125,-71.125,396,396,396,10,18
-34.625,113.375,396,396,396,1,1
7.875,-55.125,396,396,396,1,1
25.125,-81.125,396,396,396,8,8
-65.125,118.125,396,396,396,1,1
19.625,-82.125,396,396,396,14,25
20.875,-86.375,395,395,395,13,22
40.125,-71.125,395,395,395,3,4
51.625,-8.125,395,395,395,6,7
41.125,-71.125,395,395,395,9,13
50.375,-8.125,394,394,394,1,1
40.875,-67.625,394,394,394,2,2
30.125,-88.375,393,393,393,4,6
70.375,-122.125,393,393,393,3,3
72.125,-140.125,392,392,392,1,1
10.875,-57.875,392,392,392,1,1
74.875,15.625,392,392,392,3,3
72.125,-150.125,392,392,392,2,2
54.875,-153.875,392,392,392,3,3
34.125,137.625,391,390,391,7,12
60.375,-172.625,391,391,391,1,1
17.875,-63.375,390,390,390,9,11
31.875,134.125,390,390,390,1,1
-56.125,-64.625,390,390,390,10,14
60.375,-172.375,389,389,389,1,1
22.625,-71.125,389,389,389,14,32
-54.625,-64.875,389,389,389,11,20
-46.875,172.625,389,389,389,1,1
39.625,142.875,388,388,388,5,5
41.875,142.625,388,388,388,2,3
72.625,-140.125,388,388,388,1,1
31.375,132.375,388,388,388,2,2
73.625,-149.875,388,388,388,1,1
-13.875,122.125,387,387,387,2,2
41.375,-71.125,387,387,387,6,12
-64.875,125.875,387,387,387,1,1
68.875,-105.375,387,387,387,2,2
8.125,-53.125,387,387,387,1,1
46.625,-10.625,386,386,386,3,3
-21.875,111.875,386,386,386,1,1
8.375,-52.375,386,386,386,1,1
-42.125,174.125,386,386,386,5,6
47.125,-9.125,385,385,385,5,5
18.875,-66.375,385,385,385,15,34
42.125,-70.375,384,384,384,6,7
24.125,-81.625,384,384,384,13,31
41.125,145.875,383,383,383,3,3
-64.875,143.375,383,383,383,1,1
24.375,-80.375,382,382,382,12,19
24.875,-81.125,382,382,382,8,8
18.125,-63.125,381,381,381,12,18
54.875,-156.625,381,381,381,3,3
19.375,-67.125,380,380,380,14,31
24.375,-83.375,380,380,380,1,1
51.375,1.625,380,380,380,1,1
-62.125,-62.625,380,380,380,12,15
-44.875,145.375,380,380,380,6,7
42.125,-69.875,380,380,380,6,6
-68.375,-77.875,380,380,380,2,2
18.625,-87.625,380,380,380,13,32
61.375,-1.625,379,379,379,3,3
51.125,-10.375,379,379,379,4,5
39.625,-73.125,379,379,379,5,7
20.875,-83.875,379,379,379,13,20
40.125,-70.375,378,378,378,4,4
-41.375,174.625,378,378,378,6,8
40.625,-124.625,377,377,377,2,2
51.375,-8.375,377,377,377,6,7
49.375,-4.625,377,377,377,4,5
-55.375,-64.875,376,376,376,10,16
23.875,-79.375,376,376,376,11,24
39.875,142.625,376,376,376,5,5
-53.625,-66.625,376,376,376,10,17
20.625,-74.125,376,376,376,13,30
49.125,-6.875,376,376,376,1,1
24.125,-80.625,375,375,375,13,25
59.375,-148.625,375,375,375,2,2
-55.875,-64.625,375,375,375,11,18
-73.625,-103.125,375,375,375,2,2
45.125,143.125,375,375,375,2,2
20.625,-83.375,375,375,375,13,20
38.375,142.375,374,374,374,3,4
70.375,-122.375,374,374,374,2,2
-67.875,-69.875,374,374,374,4,5
40.875,-70.625,374,374,374,6,12
50.375,-8.375,372,372,372,1,1
39.875,143.125,372,372,372,6,6
49.375,-4.875,372,372,372,3,4
57.625,-151.875,372,372,372,6,7
60.875,-65.875,372,372,372,1,1
54.125,-160.375,371,371,371,7,7
-63.875,125.875,370,370,370,1,1
70.625,-123.875,370,370,370,3,3
31.375,132.125,370,370,370,2,2
72.875,-140.125,370,370,370,1,1
45.125,142.625,370,370,370,2,2
-62.375,-60.875,369,369,369,6,6
56.875,18.125,369,369,369,18,19
-65.625,148.125,369,369,369,1,1
26.125,-82.125,369,369,369,6,6
39.125,-70.125,369,369,369,1,1
20.875,-67.875,368,368,368,13,33
21.875,-70.875,368,368,368,14,32
43.375,140.375,368,368,368,2,2
-65.875,149.875,368,368,368,2,2
51.125,-9.375,368,368,368,4,4
31.625,129.125,367,367,367,4,4
-65.125,120.375,367,367,367,2,2
52.125,-14.875,367,367,367,2,2
20.625,-85.875,366,366,366,15,28
77.375,24.375,366,366,366,1,1
-53.125,-67.375,365,365,365,10,14
48.125,-125.625,365,365,365,2,2
29.125,-87.375,364,364,364,4,4
45.875,-128.875,363,363,353,5,6
19.875,-65.625,363,363,363,13,32
24.125,-81.375,363,363,363,13,27
19.375,-67.375,362,362,362,14,33
-72.375,-104.125,362,362,362,1,1
19.625,-69.625,362,362,362,13,24
-26.125,153.375,362,362,362,14,14
25.125,-79.875,362,362,362,14,20
51.375,3.625,362,362,362,4,4
-43.125,173.625,362,362,362,10,12
-45.625,177.125,361,361,361,2,2
38.375,143.375,361,361,361,3,3
70.625,-123.125,361,361,361,3,3
65.625,9.625,361,361,361,2,2
79.875,31.625,361,361,361,1,1
23.375,-82.625,360,360,360,13,25
23.875,-82.375,360,360,360,13,32
48.125,-5.125,360,360,360,2,2
22.875,-78.875,359,359,359,11,26
40.875,142.875,359,359,359,7,7
39.375,-127.125,358,358,358,3,3
42.125,-66.875,358,358,358,2,3
-12.125,130.375,358,358,358,3,3
27.625,-83.125,358,358,358,4,5
53.875,-159.875,358,358,358,2,2
19.875,-70.375,358,358,358,10,18
-63.125,125.875,357,357,357,1,1
38.375,-73.625,357,357,357,5,6
43.125,-70.375,357,357,357,8,8
7.875,-52.625,356,356,356,2,2
21.625,-76.625,356,356,356,11,29
18.625,-66.625,356,356,356,11,23
47.625,-6.375,356,356,356,3,3
-11.625,47.375,356,356,356,1,1
39.125,-72.875,355,355,355,7,7
24.625,-79.875,355,355,355,12,19
40.125,-73.125,354,354,354,5,6
57.375,-155.125,354,354,354,7,9
70.625,-124.125,353,353,353,3,3
-62.875,-62.125,353,353,353,12,16
79.875,30.375,352,352,352,1,1
-43.625,174.375,352,352,352,3,3
73.625,-134.375,352,352,352,2,2
22.875,-83.875,352,352,352,13,22
20.875,-69.125,351,351,351,14,36
19.875,-70.625,351,351,351,10,18
40.875,-71.375,351,351,351,7,9
21.375,-84.625,350,350,350,13,20
55.125,-154.125,350,350,350,3,3
41.875,139.875,350,350,350,2,2
-44.375,148.625,350,350,350,5,5
-53.375,-66.875,350,350,350,10,17
-66.875,-67.625,350,350,350,2,2
-17.125,42.625,350,350,350,1,1
37.625,141.375,349,349,349,6,6
40.625,-69.625,349,349,349,5,8
49.125,-7.125,349,349,349,1,1
49.375,-13.125,349,349,349,3,3
-56.875,-64.375,349,349,349,10,13
50.875,-10.375,348,348,348,1,1
54.875,-160.625,348,348,348,2,2
49.125,-13.625,348,348,348,1,1
-35.375,-53.375,348,348,348,1,1
22.125,-70.875,347,347,347,14,34
59.125,-146.125,347,347,347,2,2
49.875,-6.375,347,347,347,1,1
-41.875,174.375,346,346,346,6,7
55.375,-154.375,346,346,346,4,4
34.875,139.625,345,345,345,20,30
40.875,-71.875,345,345,345,5,7
42.375,139.625,344,344,344,3,3
70.625,-123.625,344,344,344,3,3
19.125,-67.625,344,344,344,13,24
39.875,-70.375,344,344,344,3,4
-65.875,146.875,343,343,343,2,2
38.625,-73.375,343,343,343,5,7
29.625,-87.875,343,343,343,4,7
20.125,-68.125,342,342,342,13,30
19.875,-69.875,342,342,342,13,24
-38.375,144.625,342,342,342,14,14
-44.375,147.125,342,342,342,2,2
-43.625,147.375,342,342,342,8,9
51.375,-6.625,342,342,342,1,1
49.875,-5.125,342,342,342,2,2
-63.125,-60.625,341,341,341,3,3
-61.125,-62.875,341,341,341,10,13
41.125,140.125,341,341,341,1,1
19.625,-82.375,341,341,341,11,19
78.875,7.125,340,340,340,2,2
19.375,-81.375,340,340,340,14,24
-3.125,152.875,340,340,340,20,27
40.375,-70.375,339,339,339,5,5
-64.875,120.375,339,339,339,1,1
47.375,-124.875,339,339,339,3,3
39.625,-73.875,339,339,339,9,11
11.125,-59.125,338,338,338,1,1
-60.625,-63.125,338,338,338,11,14
-36.625,174.875,338,338,338,13,13
-57.625,-64.125,338,338,338,9,13
37.375,141.625,338,338,338,4,5
-54.375,-65.375,337,337,337,10,18
59.875,-147.875,337,337,337,5,5
37.875,-75.125,337,337,337,4,5
51.375,-11.625,336,336,336,3,3
29.125,-85.875,336,336,336,2,4
-41.875,175.125,335,335,335,8,10
22.875,-78.625,335,335,335,11,25
37.375,-75.375,334,334,334,4,5
30.125,130.625,334,334,334,8,8
20.375,-83.125,333,333,333,13,20
-66.375,143.875,333,333,333,1,1
50.125,-4.625,332,332,332,1,1
-61.875,-62.625,332,332,332,9,12
-61.375,-62.875,332,332,332,9,12
28.625,-86.125,332,332,332,2,4
-42.625,177.125,332,332,332,3,3
18.875,-75.375,331,331,331,1,1
20.125,-84.375,331,331,331,14,25
19.625,-82.875,331,331,331,11,19
68.375,-113.375,331,331,331,3,3
39.375,-73.875,331,331,331,4,5
46.125,-124.375,331,331,331,4,5
7.625,-51.125,331,331,331,1,1
39.125,-74.375,330,330,330,3,4
40.375,145.875,330,330,330,3,3
73.625,-143.125,330,330,330,1,1
10.625,-58.375,330,330,330,1,1
22.875,-84.625,330,330,330,13,22
18.875,-67.375,330,330,330,12,22
39.875,135.875,329,329,329,1,1
31.875,133.875,329,329,329,2,2
-31.875,115.375,329,329,329,4,4
-44.875,174.125,329,329,329,2,2
36.625,-75.625,329,329,329,6,6
19.625,-82.625,329,329,329,11,19
38.875,142.375,328,328,328,2,2
-46.625,170.125,328,328,328,2,2
34.875,139.875,328,328,328,13,22
-41.375,176.125,327,327,327,12,13
56.625,-152.625,327,327,327,3,5
-24.625,110.125,327,327,327,1,1
-38.875,145.625,327,327,327,16,16
-41.375,176.375,327,327,327,1,1
57.875,-154.625,326,326,326,2,3
-38.875,145.375,326,326,326,16,16
27.625,-84.375,326,326,326,2,2
44.625,-125.375,326,326,326,3,4
39.375,-73.625,326,326,326,9,12
22.375,-70.625,326,326,326,13,30
40.875,-70.375,326,326,326,6,11
-64.375,-61.875,325,325,325,12,19
22.375,-71.625,325,325,325,13,29
80.125,30.375,325,325,325,1,1
25.375,-82.125,325,325,325,7,7
20.125,-82.875,324,324,324,15,27
56.875,-152.625,324,324,324,4,7
49.875,-134.375,324,324,324,3,3
23.125,-83.375,323,323,323,14,31
10.625,-58.125,323,323,323,1,1
41.375,-69.375,322,322,322,3,3
35.125,-75.375,322,322,322,4,5
49.375,-7.625,322,322,322,1,1
19.625,-69.125,322,322,322,10,17
-43.375,148.375,322,322,322,2,2
65.625,-168.375,321,321,321,8,11
-2.875,152.875,321,321,321,21,29
50.625,-1.625,321,321,321,1,1
-65.375,118.875,321,321,321,1,1
28.875,-87.875,321,321,321,2,2
40.625,-69.375,321,321,321,5,9
29.875,-88.125,321,321,321,4,7
53.875,-155.625,320,320,320,2,2
24.625,-80.125,320,320,320,14,40
58.875,-151.125,319,319,319,6,6
73.625,-143.625,318,318,318,2,2
-73.875,-103.125,318,318,318,4,4
-63.625,128.375,318,318,318,1,1
28.125,-85.375,317,317,317,2,4
41.125,-70.625,317,317,317,6,10
49.125,-7.375,317,317,317,1,1
18.875,-65.875,316,316,316,5,6
44.625,143.375,316,316,316,2,2
41.125,-70.875,316,316,316,6,11
25.125,-81.375,316,316,316,8,8
-59.375,-63.625,315,315,315,11,14
-43.125,175.875,315,315,315,1,1
25.375,-81.625,315,315,315,7,7
19.625,-65.125,314,314,314,13,33
41.375,139.875,314,314,314,3,3
27.625,-84.625,314,314,314,2,3
-63.125,-61.375,313,313,313,5,5
35.375,-74.875,313,313,313,5,6
59.625,24.625,312,312,312,8,10
61.375,2.875,311,311,311,2,2
39.875,146.125,311,311,311,4,4
26.875,-79.125,311,311,311,8,9
-54.375,-65.125,311,311,311,10,18
-2.375,152.625,311,311,311,19,25
-60.375,-63.125,311,311,311,10,13
52.125,-15.125,311,311,311,2,2
-40.625,177.125,310,310,310,2,2
54.375,-156.125,310,310,310,1,1
54.625,-160.625,310,310,310,3,4
58.625,-148.125,310,310,310,4,6
-57.125,-64.375,309,309,309,10,13
42.375,-70.375,309,309,309,4,6
66.875,10.375,309,309,309,3,3
-39.125,146.875,309,309,309,16,16
26.875,-80.125,308,308,308,7,8
54.375,-165.375,308,308,308,7,8
72.375,-147.125,308,308,308,2,2
36.625,-74.625,308,308,308,5,5
54.625,-153.375,308,308,308,3,3
17.625,-63.125,308,308,308,7,9
-26.625,153.125,307,307,307,12,15
47.875,-4.625,307,307,307,3,3
66.375,10.125,307,307,307,2,2
61.125,-69.625,307,307,307,1,1
-46.875,169.875,307,307,307,1,1
33.875,-75.875,306,306,306,1,1
-37.375,177.125,306,306,306,1,1
42.625,-70.625,306,306,306,2,2
40.875,143.125,306,306,306,8,8
-13.875,146.125,306,306,306,2,2
-68.375,11.375,305,305,305,1,1
39.875,-71.625,305,305,305,3,4
23.875,-81.875,305,305,305,12,25
42.125,-70.125,305,305,305,5,6
57.875,-154.375,305,305,305,4,5
-56.375,-64.625,304,304,304,10,13
21.125,-84.375,304,304,304,13,20
34.625,138.625,304,304,304,9,10
22.875,-72.375,304,304,304,13,21
-63.875,-61.375,304,304,304,12,20
55.625,-156.625,303,303,303,4,5
-43.875,148.125,303,303,303,6,6
57.125,-152.375,302,302,302,5,7
-58.375,-63.875,302,302,302,9,12
29.625,-88.125,302,302,302,4,8
-43.625,174.875,302,302,302,2,2
70.375,-97.875,302,302,302,1,1
39.125,143.375,301,301,301,3,3
40.875,-71.625,301,301,301,7,9
-14.125,122.125,301,301,301,2,2
40.625,-70.875,300,300,300,6,8
38.875,-72.875,300,300,300,7,7
-64.625,128.375,300,300,300,1,1
73.125,-144.375,300,300,300,1,1
44.375,144.375,300,300,300,2,2
25.125,-81.625,299,299,299,8,8
-66.125,-67.375,299,299,299,4,5
-10.875,132.625,299,299,299,2,2
-62.625,-62.375,299,299,299,13,16
66.375,-168.375,299,299,299,9,12
19.875,-68.125,299,299,299,14,31
-55.625,-64.875,299,299,299,11,14
26.375,-80.125,298,298,298,7,8
20.125,-84.625,298,298,298,11,19
70.375,-121.875,298,298,298,3,3
54.125,-160.125,298,298,298,6,6
51.125,-9.125,297,297,297,3,3
-44.125,174.125,297,297,297,3,3
42.875,138.375,297,297,297,1,1
24.375,-82.375,297,297,297,4,4
38.375,-74.875,297,297,297,5,6
-40.625,177.625,296,296,296,1,1
74.875,17.625,296,296,296,1,1
75.125,12.125,296,296,296,2,2
40.625,-67.375,296,296,296,3,3
70.625,-123.375,296,296,296,3,3
78.875,6.375,296,296,296,2,2
37.125,-74.625,296,296,296,3,3
36.875,-74.625,296,296,296,4,4
39.875,-70.625,296,296,296,3,5
-60.875,-63.125,295,295,295,10,13
-65.625,145.125,295,295,295,1,1
24.875,-80.875,295,295,295,10,10
-43.125,174.375,295,295,295,3,3
47.125,-124.875,295,295,295,3,3
31.625,133.625,295,295,295,2,2
25.125,-82.125,295,295,295,6,6
36.125,132.375,295,295,295,1,1
-63.875,-57.625,294,294,294,1,1
-66.625,-72.625,294,294,294,2,2
23.375,-73.125,294,294,294,14,25
-38.875,145.125,294,294,294,7,7
51.375,-8.625,293,293,293,9,10
51.875,2.625,293,293,293,6,6
40.375,145.125,293,293,293,3,4
79.125,3.375,293,293,293,1,1
27.375,-84.625,293,293,293,2,2
-63.375,139.875,292,292,292,1,1
72.375,-133.875,292,292,292,2,2
22.625,-77.875,292,292,292,10,20
38.625,-74.875,292,292,292,5,5
-63.125,128.375,292,292,292,1,1
-40.125,177.125,292,292,292,13,14
72.625,-149.875,292,292,292,2,2
69.125,16.625,292,292,292,1,1
74.875,14.875,291,291,291,3,3
23.875,-81.625,291,291,291,11,23
39.875,-71.875,291,291,291,4,5
32.625,-76.125,291,291,291,1,1
-45.875,150.375,291,291,291,1,1
-59.625,-63.375,291,291,291,10,13
-13.625,121.875,291,291,291,1,1
-45.875,150.125,290,290,290,5,5
-43.625,147.125,290,290,290,5,6
-49.375,167.375,290,290,290,1,1
-62.375,-62.375,290,290,290,13,16
-44.125,147.125,289,289,289,2,2
47.125,-127.625,289,289,289,2,2
39.375,134.875,289,289,289,1,1
-72.625,-104.375,288,288,288,3,3
41.625,139.875,288,288,288,3,3
42.625,145.125,288,288,288,5,5
-53.875,-61.625,288,288,288,1,1
57.625,-154.875,288,288,288,6,8
58.625,20.125,287,287,287,16,16
49.875,-5.875,287,287,287,2,2
42.875,-70.625,287,287,287,5,5
-60.125,-63.375,287,287,287,9,12
31.875,-77.625,286,286,286,1,1
60.625,2.625,286,286,286,2,2
27.875,-85.125,286,286,286,2,4
-65.125,139.875,286,286,286,1,1
-65.125,145.375,286,286,286,1,1
80.125,30.125,286,286,286,1,1
-41.625,175.375,286,286,286,13,16
40.125,-73.875,286,286,286,7,7
64.125,-78.625,286,286,286,1,1
-63.375,141.875,286,286,286,1,1
49.625,-12.625,286,286,286,1,1
70.875,-97.625,286,286,286,1,1
20.375,-85.125,285,285,285,15,28
9.125,-54.375,285,285,285,1,1
23.625,-81.625,285,285,285,13,24
70.625,-122.625,284,284,284,2,2
26.875,-16.875,284,284,284,2,2
71.375,-140.375,284,284,284,1,1
71.875,17.125,284,284,284,4,6
60.625,-147.625,284,284,284,4,4
42.625,143.875,284,284,284,2,2
-58.625,-63.875,284,284,284,9,12
37.125,141.625,284,284,284,5,6
57.125,-155.375,283,283,283,8,10
50.625,-10.875,283,283,283,1,1
47.625,-6.625,283,283,283,3,3
34.875,-7.375,283,283,283,5,6
45.375,142.875,283,283,283,2,2
-64.625,-63.375,283,283,283,11,16
-4.375,153.375,282,282,282,20,25
-42.625,176.875,282,282,282,2,2
53.125,-15.625,282,282,282,2,2
66.125,-168.375,282,282,282,8,11
44.875,143.625,281,281,281,2,2
74.875,18.625,281,281,281,1,1
-65.625,144.625,281,281,281,2,2
57.125,-134.125,281,281,281,5,5
41.625,141.125,281,281,281,6,7
-64.375,-62.375,280,280,280,13,21
-56.625,-64.375,280,280,280,10,13
19.875,-83.125,280,280,280,11,20
71.875,-140.125,280,280,280,1,1
-27.875,154.625,280,280,280,1,1
-45.875,175.125,280,280,280,1,1
47.625,-6.875,280,280,280,2,2
-40.375,176.875,280,280,280,12,13
70.875,-125.125,280,280,280,3,3
-27.375,109.875,279,279,279,1,1
37.875,-74.125,279,279,279,4,4
17.375,-62.875,279,279,279,7,9
26.625,-17.375,279,279,279,1,1
19.125,-68.125,279,279,279,13,22
70.875,-125.875,279,279,279,3,3
27.625,-84.875,279,279,279,2,2
56.875,-152.375,279,279,279,4,5
-12.375,130.125,279,279,279,2,3
62.125,-175.125,278,278,278,4,4
70.875,-125.625,278,278,278,3,3
19.125,-67.125,278,278,278,14,30
52.125,-54.625,278,278,278,1,1
56.625,-146.375,278,278,278,2,2
57.375,-60.625,278,278,278,1,1
-3.375,153.125,278,278,278,18,24
57.875,-152.125,277,277,277,5,5
-40.625,177.375,277,277,277,1,1
58.125,-154.125,277,277,277,4,4
49.625,-7.625,277,277,277,1,1
-64.375,139.875,277,277,277,1,1
74.875,14.625,277,277,277,3,3
73.375,-142.875,277,277,277,1,1
-13.625,121.625,276,276,276,2,2
52.375,-54.625,276,276,276,1,1
28.875,-85.625,276,276,276,2,4
39.875,-73.625,276,276,276,3,4
55.625,-158.125,275,275,275,5,5
21.625,-70.125,275,275,275,14,32
37.125,-74.875,275,275,275,4,4
-62.875,-60.625,275,275,275,4,4
49.125,-7.625,275,275,275,2,2
49.875,-12.375,275,275,275,1,1
50.125,-11.875,275,275,275,1,1
71.875,-149.625,274,274,274,2,2
39.375,-74.125,274,274,274,5,6
-44.625,145.625,274,274,274,5,5
41.625,145.625,274,274,274,6,6
41.375,143.375,274,274,274,2,2
-62.875,-61.125,274,274,274,4,4
-42.625,176.625,274,274,274,2,2
68.875,13.125,274,274,274,3,3
39.375,143.625,274,274,274,2,2
70.875,-125.375,274,274,274,3,3
-1.125,151.875,274,274,274,13,17
70.875,-124.875,274,274,274,3,3
-66.375,145.125,273,273,273,2,2
55.375,-160.625,273,273,222,3,3
-65.125,112.125,273,273,273,1,1
35.875,-75.375,273,273,273,4,4
-63.625,120.375,273,273,273,1,1
-65.875,143.375,273,273,273,2,2
25.875,-79.375,273,273,273,9,14
71.125,-127.125,273,273,273,3,3
39.875,136.125,272,272,272,1,1
-38.625,144.875,272,272,272,16,16
41.625,142.625,271,271,271,3,4
42.875,139.875,271,271,271,2,2
7.875,-51.875,271,271,271,1,1
70.125,-120.875,271,271,271,3,3
65.625,8.125,271,271,271,3,3
36.125,141.125,271,271,271,5,7
26.125,-18.875,271,271,271,1,1
65.875,-168.375,270,270,270,8,10
27.625,-14.125,270,270,270,6,7
78.875,5.875,270,270,270,1,1
40.875,-71.125,269,269,269,7,10
-66.875,-68.875,269,269,269,5,6
-64.625,139.875,269,269,269,2,2
49.375,-9.125,269,269,269,2,2
56.375,-157.125,268,268,268,4,4
57.625,-143.875,268,268,268,2,2
71.125,-127.375,268,268,268,3,3
69.875,-119.125,268,268,268,3,3
73.375,-144.125,268,268,268,1,1
51.875,-54.625,268,268,268,1,1
58.125,-152.125,267,267,267,3,3
73.875,-134.625,267,267,267,2,2
27.125,-16.125,267,267,267,1,1
45.625,-124.625,267,267,267,7,8
70.375,-121.625,267,267,267,3,3
-62.375,-61.375,267,267,267,5,5
70.125,-140.125,267,267,267,1,1
68.625,-113.625,267,267,267,3,3
45.375,142.625,267,267,267,2,2
71.375,17.625,267,267,267,3,5
-34.875,169.875,266,266,266,15,21
57.125,-133.875,266,266,266,5,5
-64.375,115.125,266,266,266,1,1
53.125,-54.875,266,266,266,1,1
54.625,-153.625,266,266,266,3,3
52.875,-54.875,266,266,266,1,1
71.875,-150.125,266,266,266,3,3
52.625,-54.875,266,266,266,1,1
24.375,-82.625,266,266,266,4,4
35.875,-75.125,265,265,265,5,6
65.375,9.375,265,265,265,2,2
-63.125,-61.875,265,265,265,12,17
49.875,-3.125,265,265,265,7,8
-10.875,132.125,264,264,264,2,2
70.375,20.625,264,264,264,3,3
-45.375,149.625,264,264,264,5,5
61.125,2.875,264,264,264,2,2
27.375,-83.125,264,264,264,3,4
-59.875,-63.375,263,263,263,10,13
41.625,143.875,263,263,263,4,4
-11.375,110.125,263,263,263,1,1
72.875,-144.625,263,263,263,1,1
76.125,31.125,263,263,263,1,1
-64.375,120.375,263,263,263,1,1
70.125,-120.625,263,263,263,3,3
-64.125,128.375,262,262,262,1,1
22.875,-71.625,262,262,262,13,28
65.875,-79.625,262,262,262,1,1
50.125,-2.875,262,262,262,5,5
21.625,-85.125,262,262,262,13,21
39.375,142.375,262,262,262,4,5
44.625,144.375,262,262,262,2,2
46.625,-124.875,262,262,262,4,4
40.125,135.875,262,262,262,1,1
55.875,15.375,262,262,262,15,16
-57.375,-64.125,262,262,262,9,13
18.375,-65.625,262,262,262,6,9
45.125,144.625,261,261,261,2,2
24.125,-81.875,261,261,261,10,21
56.625,-155.875,261,261,261,4,5
-10.875,132.375,261,261,261,2,2
66.125,10.375,261,261,261,2,2
34.875,-75.875,261,261,261,3,3
35.375,-75.375,261,261,261,4,5
38.375,143.625,261,261,261,2,3
-46.875,166.875,261,261,261,1,1
-67.625,-69.875,260,260,260,4,4
7.625,-51.625,260,260,260,1,1
43.125,138.375,260,260,260,1,1
57.125,-60.375,260,260,260,1,1
69.875,-119.625,260,260,260,3,3
70.875,-149.375,260,260,260,3,3
70.125,-121.125,260,260,260,3,3
70.125,16.875,260,260,260,3,3
39.875,144.125,260,260,260,1,1
-20.625,111.625,260,260,260,1,1
56.375,-153.125,260,260,255,2,2
48.375,-5.625,260,260,260,2,2
-64.125,120.375,259,259,259,1,1
-53.625,-66.375,259,259,259,10,17
69.875,-119.375,259,259,259,3,3
7.125,-51.125,259,259,259,3,5
39.375,-72.625,259,259,259,6,7
56.375,-7.875,259,259,259,4,4
61.375,-1.875,259,259,259,3,3
10.375,-58.875,258,258,258,1,1
39.625,143.125,258,258,258,5,5
51.875,-7.625,258,258,258,3,3
66.875,10.625,258,258,258,2,2
22.875,-71.125,258,258,258,13,31
40.875,-66.875,258,258,258,4,5
19.875,-83.875,258,258,258,11,19
26.375,-79.125,258,258,258,9,15
19.875,-83.625,257,257,257,11,19
-64.625,138.625,257,257,257,1,1
29.125,-87.625,257,257,257,4,6
45.125,144.875,257,257,257,2,2
73.625,-143.875,257,257,257,2,2
-28.125,155.125,257,257,257,1,1
44.125,-67.125,257,257,257,3,3
18.875,-66.125,257,257,257,9,13
70.125,-120.125,256,256,256,2,2
69.875,-119.875,256,256,256,3,3
-38.875,178.375,256,256,256,13,14
43.375,-69.875,256,256,256,4,4
55.625,-7.625,256,256,256,2,2
18.625,-65.125,255,255,255,8,16
74.875,15.125,255,255,255,3,3
31.875,133.625,255,255,255,3,3
21.625,-85.375,255,255,255,12,22
65.625,8.375,254,254,254,3,3
23.125,-72.125,254,254,254,12,34
38.875,134.375,254,254,254,3,3
-67.875,-68.125,254,254,254,4,4
70.875,-124.625,254,254,254,3,3
-66.375,-73.125,253,253,253,1,1
-27.125,154.125,253,253,253,1,1
41.625,141.625,253,253,253,6,6
-64.125,-53.375,253,253,253,1,1
-57.875,-64.125,253,253,253,8,11
35.375,-75.125,253,253,253,6,7
-10.875,132.875,253,253,253,2,2
43.375,-69.125,253,253,253,4,4
-68.625,-77.375,253,253,253,1,1
16.375,-86.625,253,253,253,6,7
45.125,141.375,253,253,253,2,2
7.625,-52.375,252,252,252,2,2
19.375,-68.875,252,252,252,10,18
38.375,-73.375,252,252,252,5,6
36.625,-74.875,252,252,252,5,5
53.875,-55.375,252,252,252,1,1
33.875,-119.125,252,252,252,3,3
76.625,-135.625,252,252,252,2,2
34.125,137.875,251,251,251,9,15
32.875,-75.875,251,251,251,2,2
42.125,-67.125,251,251,251,2,2
19.125,-64.625,251,251,251,11,22
43.125,140.125,251,251,251,2,2
47.375,-7.375,250,250,250,1,1
42.125,143.875,250,250,250,5,5
72.625,-146.875,250,250,250,1,1
-64.875,138.875,250,250,250,1,1
37.875,-74.875,250,250,250,4,5
62.375,-1.625,250,250,250,1,1
39.375,135.125,250,250,250,1,1
39.875,-72.375,250,250,250,4,5
-40.875,176.375,250,250,250,12,14
55.625,14.625,249,249,249,17,18
-65.375,150.125,249,249,249,2,2
-33.125,152.125,249,249,249,15,15
21.125,-75.375,249,249,249,11,22
21.875,-76.625,249,249,249,11,25
38.625,134.875,249,249,249,2,2
36.375,-75.125,249,249,249,5,6
62.125,-174.625,249,249,249,2,2
53.875,-160.875,249,249,249,1,1
-43.875,146.875,249,249,249,4,5
71.375,-157.375,249,249,249,4,5
-65.875,142.875,248,248,248,3,3
74.125,-149.625,248,248,248,2,2
-27.375,110.125,248,248,248,1,1
71.125,-97.625,248,248,248,2,2
-64.625,141.375,248,248,248,1,1
38.875,-74.625,248,248,248,4,5
-43.625,179.125,248,248,248,1,1
21.125,-68.375,247,247,247,13,30
50.125,-2.625,247,247,247,6,7
47.875,-5.125,247,247,247,3,3
56.875,-134.625,247,247,247,7,7
51.375,-11.875,247,247,247,2,2
50.375,-7.125,246,246,246,2,2
72.375,-146.875,246,246,246,2,2
20.625,-83.625,246,246,246,13,20
73.625,-146.375,246,246,246,1,1
40.875,4.375,246,246,246,2,2
44.875,143.375,246,246,246,2,2
-67.625,-68.375,246,246,246,3,3
40.625,-70.125,245,245,245,5,9
-36.375,175.375,245,245,245,13,13
-26.875,153.875,245,245,245,1,1
44.875,141.375,245,245,245,2,2
42.625,-124.875,245,245,245,4,4
42.625,144.125,245,245,245,4,4
-2.625,152.875,245,245,245,21,29
72.625,-145.125,244,244,244,3,3
-26.625,153.375,244,244,244,17,21
58.875,-148.375,244,244,244,5,7
41.875,-66.625,244,244,244,3,3
60.875,3.125,244,244,244,2,2
21.125,-67.875,244,244,244,12,31
21.125,-69.875,244,244,244,13,28
37.375,-74.375,244,244,244,4,4
40.625,-124.875,244,244,244,4,4
20.125,-83.875,244,244,244,15,27
20.125,-70.875,243,243,243,10,17
-44.875,175.625,243,243,243,2,2
38.375,-74.125,243,243,243,5,5
-64.375,-57.125,243,243,243,1,1
39.875,-67.125,243,243,243,2,2
19.875,-72.125,242,242,242,9,13
66.625,-168.375,242,242,242,8,11
48.375,-4.875,242,242,242,1,1
-66.125,144.375,242,242,242,2,2
72.125,-147.625,242,242,242,3,3
39.625,-73.375,241,241,241,4,5
78.875,6.625,241,241,241,1,1
64.625,-78.875,241,241,241,1,1
-67.875,-69.625,241,241,241,5,6
53.375,-159.875,241,241,241,2,2
46.625,-2.875,241,241,241,2,2
70.625,16.375,241,241,241,4,4
45.125,-124.625,240,240,240,6,7
37.625,-75.375,240,240,240,4,4
25.625,-81.625,240,240,240,6,6
57.375,-152.125,240,240,240,5,7
72.625,-145.375,240,240,240,2,2
53.625,-160.125,240,240,239,2,2
43.375,-69.625,240,240,240,4,4
23.125,-71.625,240,240,240,13,29
-41.625,175.125,239,239,239,7,8
38.375,142.625,239,239,239,2,3
55.875,-156.125,239,239,239,4,5
7.125,-50.875,239,239,239,2,2
41.625,-67.375,239,239,239,3,4
-36.375,174.875,239,239,239,11,11
47.375,-125.125,239,239,239,3,3
51.875,-7.875,238,238,238,2,2
24.375,-82.875,238,238,238,4,4
71.125,-127.625,238,238,238,3,3
43.875,-67.875,238,238,238,3,3
57.875,18.875,238,238,238,18,20
74.125,-149.375,238,238,238,2,2
75.875,8.125,237,237,237,1,1
47.625,-3.875,237,237,237,2,2
44.625,143.875,237,237,237,2,2
26.375,-79.375,237,237,237,6,8
57.625,-152.125,237,237,237,8,13
40.125,-69.125,237,237,237,2,3
69.375,-116.625,236,236,236,3,3
-4.125,153.375,236,236,236,21,27
-66.375,151.375,236,236,236,1,1
-66.125,144.625,236,236,236,2,2
7.375,-52.625,236,236,236,1,1
41.125,-68.875,236,236,236,3,4
42.125,-66.125,235,235,235,3,5
42.875,6.125,235,235,235,2,2
-43.375,179.375,235,235,235,2,2
-64.375,128.375,235,235,235,1,1
70.375,19.375,235,235,235,5,7
21.625,-84.875,235,235,235,13,21
39.125,-72.625,235,235,235,7,8
34.375,-120.625,235,235,235,5,5
-64.125,-56.875,235,235,235,1,1
-64.875,147.625,235,235,235,1,1
56.875,-155.375,235,235,235,5,6
53.625,-167.875,234,234,234,2,3
34.625,139.875,234,234,234,21,36
-38.875,144.875,234,234,234,1,1
48.625,-5.625,234,234,234,4,4
42.375,-66.125,234,234,234,3,3
73.875,8.375,234,234,234,2,2
-63.875,-57.375,234,234,231,1,1
-66.625,-72.875,234,234,234,2,2
51.625,-54.375,234,234,234,1,1
39.375,-72.875,233,233,233,7,7
-44.625,145.375,233,233,233,2,2
-49.125,172.125,233,233,233,1,1
40.375,145.375,233,233,233,3,4
26.625,-79.125,233,233,233,4,5
-20.875,152.625,233,233,233,1,1
46.625,-10.375,233,233,233,3,3
-39.125,-55.625,233,233,233,2,2
-11.625,110.125,233,233,233,1,1
36.625,-75.375,233,233,233,5,6
-26.125,110.125,233,233,233,1,1
71.625,-151.875,233,233,233,2,2
-39.125,145.875,233,233,233,15,15
16.875,-86.875,233,233,233,6,7
56.125,-157.375,233,233,233,5,5
68.625,-113.875,232,232,232,3,3
-45.125,144.875,232,232,232,6,6
65.375,10.125,232,232,232,1,1
72.125,-148.125,232,232,232,3,3
43.625,-68.125,232,232,232,3,3
55.125,-157.125,232,232,232,4,5
42.875,6.625,232,232,232,3,3
69.375,-116.875,232,232,232,3,3
47.375,-128.625,231,231,231,1,1
-38.125,178.625,231,231,231,13,14
-65.375,144.375,231,231,231,2,2
39.375,-73.125,231,231,231,5,6
50.375,-7.375,231,231,231,2,2
40.625,-69.875,231,231,231,5,9
71.625,-150.875,231,231,231,3,3
50.125,-4.875,231,231,231,1,1
40.125,-72.875,231,231,231,4,4
41.625,-66.625,230,230,230,4,6
-11.875,129.875,230,230,230,3,3
51.125,1.625,230,230,230,3,3
69.125,-116.125,230,230,230,3,3
26.875,-82.875,230,230,230,3,3
23.875,-82.875,230,230,230,12,21
27.375,-14.875,230,230,230,1,1
34.625,-121.125,230,230,230,2,2
-53.375,-67.125,230,230,230,10,15
-58.125,-63.875,230,230,230,8,11
-64.125,133.875,230,230,230,1,1
21.125,-84.125,230,230,230,13,20
56.125,-7.625,230,230,230,3,3
31.375,129.125,230,230,230,2,2
36.875,-75.625,229,229,229,6,7
55.125,-156.625,229,229,229,5,5
46.125,-124.625,229,229,229,7,7
40.625,-66.875,229,229,229,3,3
38.125,145.375,229,229,229,3,3
-1.375,152.125,229,229,229,12,15
31.875,-79.125,229,229,229,1,1
71.125,-148.875,229,229,229,2,2
36.125,-75.625,229,229,229,3,3
49.875,-12.125,229,229,229,2,2
38.125,145.625,228,228,228,3,4
-49.125,167.625,228,228,228,1,1
-45.625,176.875,228,228,228,2,2
66.125,-79.875,228,228,228,1,1
69.125,-115.875,228,228,228,3,3
19.875,-86.625,228,228,228,13,28
-33.375,151.875,228,228,228,13,13
-26.875,153.375,228,228,228,13,13
-11.625,109.875,228,228,228,1,1
36.375,-75.375,228,228,228,6,6
56.875,-155.875,228,228,228,6,7
-64.625,-68.375,227,227,227,2,2
37.375,-74.875,227,227,227,4,4
77.125,35.125,227,227,227,1,1
-26.125,109.875,227,227,227,1,1
-44.375,174.875,227,227,227,2,2
68.875,-114.875,227,227,227,3,3
44.375,143.875,227,227,227,2,2
50.625,-1.875,226,226,226,1,1
40.125,-71.375,226,226,226,3,3
-43.625,178.875,226,226,226,1,1
65.125,-79.125,226,226,226,1,1
-45.625,172.125,226,226,226,1,1
-49.125,166.625,226,226,226,1,1
40.125,143.375,226,226,226,3,3
-10.875,131.875,226,226,226,2,2
-18.125,121.375,226,226,226,1,1
-65.125,117.375,226,226,226,1,1
7.875,-52.875,226,226,226,2,2
41.875,-65.875,225,225,225,3,5
42.375,-70.125,225,225,225,4,4
29.375,-87.875,225,225,225,4,7
60.375,-172.875,225,225,225,1,1
-39.125,146.625,225,225,225,15,15
71.125,-135.125,224,224,224,1,1
30.625,130.875,224,224,224,3,3
-17.875,121.875,224,224,224,1,1
57.375,18.875,224,224,224,18,19
-3.625,153.125,224,224,224,22,27
65.625,9.375,224,224,224,2,2
-1.875,152.375,224,224,224,13,15
58.625,-152.875,224,224,224,5,6
34.875,-75.625,223,223,223,5,5
-38.375,-57.125,223,223,223,2,2
-44.375,175.375,223,223,223,1,1
-65.125,110.125,223,223,223,1,1
44.625,-125.625,223,223,223,3,4
58.125,-151.625,223,223,223,3,4
40.625,-71.875,223,223,223,7,8
69.625,-117.875,223,223,223,3,3
68.125,-168.375,223,223,223,6,10
-12.125,130.125,222,222,222,3,3
74.875,15.875,222,222,222,2,2
70.125,18.375,222,222,222,4,4
-49.375,166.625,222,222,222,1,1
46.125,-5.375,222,222,222,2,2
26.375,-78.875,222,222,222,9,16
-43.625,174.625,222,222,222,2,2
63.875,-78.375,222,222,222,1,1
60.125,-63.625,222,222,222,1,1
69.125,-115.625,222,222,222,3,3
72.125,-147.875,222,222,222,3,3
36.875,142.125,222,222,222,2,2
78.875,7.625,222,222,222,2,2
51.875,-6.875,222,222,222,4,5
39.625,-72.875,221,221,221,4,4
-44.625,148.875,221,221,221,4,4
69.375,-117.125,221,221,221,3,3
-26.875,153.625,221,221,221,13,13
73.375,-134.375,221,221,221,2,2
-44.625,145.875,221,221,221,4,5
69.125,-115.375,221,221,221,3,3
-42.125,174.375,221,221,221,6,6
-64.625,113.625,221,221,221,1,1
-39.125,146.125,221,221,221,15,15
38.125,146.125,221,221,221,4,4
40.625,-72.875,221,221,221,3,3
70.125,30.875,221,221,221,2,2
40.625,143.125,220,220,220,3,3
38.125,145.875,220,220,220,4,4
25.625,-81.875,220,220,220,7,7
65.375,-79.375,220,220,220,1,1
7.875,-53.125,220,220,220,1,1
41.125,-67.625,220,220,220,4,5
56.125,-155.875,220,220,220,4,6
17.375,-63.125,220,220,220,6,8
-61.625,-62.875,220,220,220,10,12
55.625,-156.125,220,220,220,4,4
69.375,-117.375,220,220,220,3,3
70.625,-90.125,220,220,220,1,1
57.875,-147.375,220,220,220,5,5
39.625,143.875,220,220,220,1,1
61.125,19.375,219,219,219,6,9
-44.875,172.875,219,219,219,2,2
20.375,-72.875,219,219,219,8,15
40.375,-70.125,219,219,219,5,6
60.125,-145.375,219,219,187,3,3
45.625,141.875,219,219,219,2,2
-64.375,-62.625,219,219,219,1,1
49.375,-13.375,219,219,219,3,3
42.125,-66.375,219,219,219,3,4
43.125,-70.125,219,219,219,4,4
41.125,-68.375,219,219,219,3,4
25.625,-82.125,219,219,219,6,6
65.375,7.875,219,219,219,3,3
-40.875,177.375,218,218,218,1,1
50.625,-7.875,218,218,218,2,2
22.875,-71.875,218,218,218,11,24
19.375,-74.875,218,218,218,6,9
41.125,-69.125,218,218,218,2,3
-65.625,144.125,218,218,218,1,1
-63.375,-53.125,218,218,218,1,1
70.625,-97.875,218,218,218,1,1
58.625,-62.125,218,218,218,1,1
64.625,-0.125,217,217,217,2,2
44.875,-125.375,217,217,217,5,6
57.625,-151.625,217,217,217,6,7
-65.125,149.875,217,217,217,1,1
58.375,-154.125,217,217,217,2,2
11.375,-58.625,217,217,217,1,1
55.875,-155.375,217,217,217,5,5
68.875,-115.125,217,217,217,3,3
52.875,-168.875,217,217,217,1,1
-44.875,172.375,217,217,217,2,2
39.875,-71.125,216,216,216,2,2
17.875,-63.625,216,216,216,8,10
59.875,-171.625,216,216,216,2,2
71.125,23.375,216,216,216,3,3
-43.375,174.375,216,216,216,3,3
54.875,-10.125,216,216,216,5,5
-27.625,154.375,216,216,216,1,1
-63.125,-61.625,216,216,216,13,18
31.625,-10.625,216,216,216,5,7
43.625,-67.625,216,216,216,3,4
51.625,-8.625,215,215,215,9,10
-34.375,151.125,215,215,215,10,10
50.875,-127.625,215,215,215,7,7
41.625,142.875,215,215,215,4,4
-46.875,167.125,215,215,215,1,1
-48.625,168.125,215,215,215,1,1
36.375,141.375,215,215,215,4,4
42.125,145.375,214,214,214,5,5
45.125,-124.875,214,214,214,4,4
60.875,19.125,214,214,214,6,9
74.125,-134.875,214,214,214,2,2
59.875,-145.375,214,214,214,3,3
26.625,-80.125,214,214,214,5,6
27.375,-15.125,214,214,214,1,1
-39.125,147.125,214,214,214,16,16
60.875,2.625,214,214,214,2,2
44.125,-125.125,214,214,214,4,4
-35.875,-52.625,214,214,214,1,1
-44.125,148.625,214,214,214,3,3
-40.625,176.875,214,214,214,11,13
-42.375,174.625,214,214,214,8,8
54.375,-153.125,214,214,214,3,3
-64.625,138.875,213,213,213,1,1
41.375,-68.625,213,213,213,4,5
56.625,-156.375,213,213,213,7,7
21.375,-86.125,213,213,213,9,15
37.875,-74.375,213,213,213,4,4
79.125,6.875,212,212,212,3,3
57.125,-152.625,212,212,212,5,6
58.125,-61.375,212,212,212,1,1
69.625,-118.625,212,212,212,3,3
-45.125,173.375,212,212,212,1,1
44.125,144.125,212,212,212,2,2
41.625,142.125,212,212,212,2,2
71.125,25.125,212,212,212,3,3
10.625,-57.875,212,212,212,1,1
68.375,11.125,211,211,211,3,4
-64.875,145.375,211,211,211,1,1
40.625,-70.625,211,211,211,5,7
61.375,19.375,211,211,211,6,9
20.375,-72.125,211,211,211,5,6
76.125,7.625,211,211,211,1,1
24.375,-80.125,211,211,211,12,19
-63.875,139.875,211,211,211,1,1
43.125,-69.375,210,210,210,4,4
19.625,-74.375,210,210,210,8,12
70.125,-120.375,210,210,210,3,3
-11.875,-36.875,210,210,210,1,2
25.625,-79.375,210,210,210,8,13
50.625,-8.125,210,210,210,2,2
-42.625,176.125,210,210,210,1,1
70.375,-121.375,210,210,210,2,2
-63.875,-55.875,209,209,209,1,1
41.875,-69.625,209,209,209,4,4
-44.375,174.625,209,209,209,2,2
42.125,139.625,209,209,209,2,2
22.125,-84.875,209,209,209,13,21
48.875,-6.125,209,209,209,4,4
-65.125,118.375,209,209,209,1,1
28.375,-88.125,209,209,209,1,1
35.625,-75.375,208,208,208,4,4
69.125,-100.875,208,208,208,2,2
59.625,-146.875,208,208,208,1,1
-65.625,140.875,208,208,208,1,1
68.875,-114.375,208,208,208,3,3
22.375,-84.625,208,208,208,12,20
25.875,-82.375,208,208,208,5,5
38.875,-73.375,208,208,208,9,11
39.875,-72.125,208,208,208,6,7
-65.125,136.375,208,208,208,1,1
18.875,-65.375,208,208,208,6,8
40.875,-67.875,207,207,207,3,3
55.375,-7.875,207,207,207,3,3
-62.375,-62.625,207,207,207,12,15
74.625,28.125,207,207,207,2,2
67.875,-168.125,207,207,207,5,5
18.875,-65.625,207,207,207,6,7
39.625,-72.125,207,207,207,5,5
-44.375,146.125,207,207,207,4,5
26.625,-83.125,207,207,207,4,5
39.125,134.625,207,207,207,2,2
-42.875,173.625,207,207,207,12,15
-37.625,178.625,207,207,207,13,14
60.125,19.125,207,207,207,6,10
-66.625,-67.625,207,207,207,4,4
45.625,141.625,206,206,206,2,2
-25.875,109.875,206,206,206,1,1
-24.375,110.125,206,206,206,1,1
44.375,-67.125,206,206,206,4,4
56.375,-59.375,206,206,206,1,1
-64.375,144.375,206,206,206,1,1
6.875,-80.375,206,206,206,10,11
-55.875,-63.875,205,205,205,2,2
56.625,-156.125,205,205,205,6,6
72.375,34.375,205,205,205,2,2
51.875,-7.125,205,205,205,4,5
73.125,-149.625,205,205,205,1,1
-12.125,131.125,205,205,205,1,1
7.375,-50.875,205,205,205,3,5
42.375,144.875,205,205,205,7,7
56.375,-156.125,205,205,205,4,4
58.875,-147.875,205,205,205,3,3
32.875,140.125,205,205,205,16,20
70.875,22.125,204,204,204,1,1
51.375,-13.125,204,204,204,2,2
51.125,-9.625,204,204,204,5,5
-40.875,176.625,204,204,204,11,13
60.125,-147.875,204,204,204,4,4
71.125,-126.875,204,204,204,3,3
19.125,-68.375,204,204,204,9,13
-62.875,-51.125,204,204,204,1,1
55.125,-10.125,204,204,204,3,3
49.625,-5.625,204,204,204,1,1
-39.375,177.875,204,204,204,12,12
35.625,140.875,204,204,204,7,9
40.125,144.875,204,204,204,2,2
56.375,-156.875,204,204,204,8,8
40.375,-73.875,204,204,204,9,9
58.625,-151.875,204,204,204,5,5
-65.125,-66.875,204,204,204,3,3
40.875,-69.125,203,203,203,4,5
36.125,140.625,203,203,203,1,1
57.375,-151.375,203,203,203,2,2
39.875,135.625,203,203,203,1,1
26.875,-83.125,203,203,203,3,4
55.125,-158.375,203,203,203,6,6
54.375,-10.375,203,203,203,5,5
-45.125,174.125,203,203,203,1,1
48.375,-125.375,203,203,203,5,6
60.625,19.125,203,203,203,6,9
6.625,-54.375,203,203,203,1,1
-65.625,-64.875,203,203,203,4,4
-66.125,152.125,203,203,203,1,1
57.875,-154.875,203,203,203,2,3
71.125,-127.875,203,203,203,3,3
-39.625,177.625,202,202,202,13,14
43.625,-67.875,202,202,202,4,4
-45.875,143.625,202,202,202,5,5
38.625,142.125,202,202,202,5,5
48.125,-8.125,202,202,202,1,1
56.875,-60.125,202,202,202,1,1
-64.625,115.625,202,202,202,1,1
7.875,-51.625,202,202,202,1,1
19.875,-83.375,202,202,202,11,19
49.875,-6.625,202,202,202,1,1
44.625,141.375,202,202,202,2,2
51.375,-7.875,201,201,201,4,4
43.125,-68.875,201,201,201,3,3
50.125,-11.625,201,201,201,1,1
39.625,136.375,201,201,201,3,3
78.875,7.875,200,200,200,2,2
50.375,-2.125,200,200,200,1,1
66.375,-80.125,200,200,200,1,1
43.125,-68.375,200,200,200,3,3
-52.875,-67.875,200,200,200,10,10
-31.375,153.125,200,200,200,15,15
-64.625,-65.375,200,200,200,5,5
-4.625,153.375,200,200,200,17,17
-66.375,-67.375,200,200,200,3,3
-65.375,119.125,200,200,200,1,1
32.875,134.875,200,200,200,4,4
41.125,-71.625,199,199,199,7,8
-11.875,131.375,199,199,199,1,1
36.625,141.625,199,199,199,3,3
-66.625,-67.375,199,199,199,4,4
51.625,-6.375,199,199,199,1,1
-63.375,-61.375,199,199,199,11,13
19.375,-81.875,199,199,199,11,18
34.875,140.375,199,199,199,17,30
-38.125,-57.375,199,199,199,3,3
42.625,-69.375,199,199,199,2,3
-48.625,170.125,198,198,198,1,1
-62.625,-62.125,198,198,198,13,16
61.125,-67.625,198,198,198,1,1
54.625,-56.375,198,198,198,1,1
43.875,-124.875,198,198,198,5,5
43.125,9.625,198,198,198,3,3
40.125,-70.125,198,198,198,4,4
54.625,-160.375,198,198,198,3,4
-65.875,146.625,198,198,198,1,1
-38.875,147.875,198,198,198,16,16
75.125,11.375,198,198,198,2,2
19.375,-68.125,198,198,198,10,16
-21.875,113.875,198,198,198,1,1
40.875,-70.125,197,197,197,5,8
40.875,-70.875,197,197,197,6,8
-44.875,173.125,197,197,197,2,2
71.875,-149.875,197,197,197,3,3
-68.125,-69.625,197,197,197,1,2
68.625,-102.625,197,197,197,2,2
71.375,32.375,197,197,197,2,2
51.375,-54.375,197,197,197,1,1
-32.875,152.375,197,197,197,15,15
71.875,-93.625,197,197,197,1,1
55.125,-157.375,197,197,197,5,6
39.375,-73.375,197,197,197,9,10
72.375,-147.375,196,196,196,2,2
19.375,-69.125,196,196,196,8,8
19.625,-65.625,196,196,196,13,33
40.625,-72.125,196,196,196,5,8
-11.625,131.625,196,196,196,1,1
72.875,-144.375,196,196,196,1,1
19.125,-69.125,196,196,196,6,6
-43.875,174.625,196,196,196,1,1
52.875,-159.625,196,196,196,1,1
60.875,-66.625,196,196,196,1,1
49.375,-5.125,196,196,196,2,2
21.625,-85.875,196,196,196,10,18
73.125,-145.625,196,196,196,1,1
55.625,-8.625,196,196,196,3,3
33.625,-13.125,196,196,196,2,2
72.875,34.375,196,196,196,2,2
43.625,-69.875,195,195,195,3,3
-48.375,168.125,195,195,195,1,1
20.375,-84.875,195,195,195,15,27
-11.375,131.625,195,195,195,1,1
49.625,-12.875,195,195,195,1,1
69.125,-116.375,195,195,195,3,3
51.625,-7.875,195,195,195,7,7
-45.125,175.875,195,195,195,1,1
-46.375,166.375,195,195,195,1,1
46.375,-11.125,195,195,195,2,2
70.875,-124.375,195,195,195,3,3
-42.875,151.625,195,195,195,1,1
-36.625,175.125,195,195,195,12,12
-36.625,150.375,195,195,195,14,14
39.125,-73.625,195,195,195,4,5
22.875,-78.125,195,195,195,4,4
50.375,-2.375,194,194,194,1,1
-40.875,177.625,194,194,194,1,1
59.875,-148.625,194,194,194,3,3
-54.125,-65.875,194,194,194,10,17
42.375,-67.125,194,194,194,2,2
60.875,-66.875,194,194,194,1,1
6.875,-54.125,194,194,194,1,1
-37.375,178.125,194,194,194,13,14
39.875,-73.125,194,194,194,6,8
-31.125,153.125,194,194,194,15,15
-66.375,-66.875,194,194,194,3,3
19.625,-74.125,194,194,194,8,13
-6.375,153.625,194,194,194,16,16
40.875,-66.375,194,194,194,2,2
-62.875,117.875,194,194,194,1,1
67.375,-168.375,194,194,194,7,10
-74.375,-107.625,194,194,194,2,2
51.125,-133.875,193,193,193,1,1
-63.375,120.375,193,193,193,1,1
61.125,-67.875,193,193,193,1,1
-63.875,117.875,193,193,193,1,1
-37.875,149.625,193,193,193,14,14
10.375,-58.625,193,193,193,1,1
-45.125,149.375,193,193,193,4,4
-68.375,77.375,193,193,193,3,3
-44.375,146.375,193,193,193,4,5
-63.875,-56.875,193,193,193,1,1
20.125,-71.875,193,193,193,10,18
57.875,-150.875,192,192,192,2,3
73.125,-139.875,192,192,192,1,1
-46.125,143.375,192,192,192,5,5
46.125,-11.625,192,192,192,2,2
-65.875,143.125,192,192,192,2,2
69.875,-118.875,192,192,192,2,2
67.875,-168.375,192,192,192,8,13
-26.875,153.125,192,192,192,5,5
-68.375,-75.125,192,192,192,3,3
40.875,142.125,192,192,192,3,3
-44.625,174.875,192,192,192,2,2
70.625,-136.875,192,192,192,1,1
69.625,-99.625,192,192,192,2,2
20.875,-67.375,191,191,191,13,32
38.875,-73.125,191,191,191,9,11
-30.625,153.375,191,191,191,13,13
71.625,15.625,191,191,191,5,5
34.125,130.125,191,191,191,1,1
-67.875,-68.625,191,191,191,5,6
74.125,-149.125,191,191,191,2,2
6.875,-53.875,191,191,191,1,1
43.625,-12.125,191,191,191,1,1
-38.375,-56.875,191,191,191,2,2
6.375,-53.625,191,191,191,1,1
-43.875,147.125,191,191,191,4,4
27.625,-83.375,190,190,190,4,4
56.125,-9.125,190,190,190,4,4
-65.125,149.625,190,190,190,1,1
-74.375,-106.125,190,190,190,4,4
56.375,-152.875,190,190,190,3,4
70.875,-126.125,190,190,190,3,3
-6.125,153.625,190,190,190,15,15
35.125,140.375,190,190,190,10,13
-6.625,153.625,190,190,190,15,15
56.875,-156.375,190,190,190,4,4
72.875,-145.125,190,190,190,2,2
6.875,-80.625,190,190,190,10,11
49.875,-4.875,190,190,190,2,2
57.875,-61.125,190,190,190,1,1
-64.875,128.375,190,190,190,1,1
47.625,-3.625,189,189,189,2,2
-65.375,119.375,189,189,189,1,1
27.875,-84.625,189,189,189,2,3
75.125,11.875,189,189,189,2,2
-1.625,152.125,189,189,189,12,14
-68.125,-68.125,189,189,189,2,2
-45.625,144.125,189,189,189,6,6
35.125,140.625,189,189,189,11,15
45.375,141.375,189,189,189,2,2
46.875,-127.625,189,189,189,2,2
43.875,-68.875,188,188,188,2,2
-69.375,-75.875,188,188,188,1,1
45.625,-12.375,188,188,188,4,4
-62.375,-59.125,188,188,188,4,4
58.875,-146.125,188,188,188,2,2
73.375,-149.875,188,188,188,1,1
-64.375,117.875,188,188,188,1,1
59.625,19.875,188,188,188,5,9
36.125,141.625,188,188,188,8,8
10.125,-59.375,188,188,188,1,1
41.875,-66.875,188,188,188,3,4
36.375,-75.625,187,187,187,3,3
68.875,-114.125,187,187,187,3,3
-46.625,169.875,187,187,187,1,1
79.125,8.125,187,187,187,1,1
60.875,-67.125,187,187,187,1,1
-11.625,-36.625,187,187,187,1,2
33.125,140.125,187,187,187,13,15
-62.375,-58.375,187,187,187,4,4
47.875,-125.375,187,187,187,5,6
-4.875,153.375,187,187,187,17,17
11.375,-58.375,187,187,187,1,1
-45.875,176.875,187,187,187,1,1
26.375,-18.125,187,187,187,1,1
28.375,-13.375,186,186,186,6,7
41.625,-68.125,186,186,186,2,2
-42.625,175.875,186,186,186,1,1
-29.625,153.625,186,186,186,14,14
58.125,-154.375,186,186,186,2,2
39.625,-72.375,186,186,186,7,8
57.125,-155.625,186,186,186,7,8
66.375,10.375,186,186,186,1,1
-38.125,149.125,186,186,186,14,14
-65.375,120.125,186,186,186,1,1
42.625,139.625,186,186,186,3,3
59.875,-63.125,186,186,186,1,1
20.125,-84.875,186,186,186,11,19
61.375,-1.125,186,186,186,2,2
73.375,-146.125,186,186,186,1,1
58.875,-62.375,186,186,186,1,1
40.625,-68.625,186,186,186,4,5
70.375,-146.125,185,185,185,2,2
37.375,-123.375,185,185,185,7,7
45.625,-124.875,185,185,185,4,5
69.125,-100.625,185,185,185,2,2
19.875,-81.875,185,185,185,5,8
-46.125,143.125,185,185,185,4,4
38.125,144.875,185,185,185,4,4
39.125,-73.375,185,185,185,8,10
38.625,-73.875,185,185,185,4,4
60.875,-66.375,185,185,185,1,1
51.375,-12.125,185,185,185,3,3
33.125,136.125,185,185,185,5,5
30.125,-88.625,185,185,185,4,6
51.875,-14.875,185,185,185,2,2
42.625,-70.375,185,185,185,4,4
44.125,-124.625,184,184,184,4,5
45.375,-124.625,184,184,184,6,7
51.125,-11.625,184,184,184,2,2
-45.375,175.125,184,184,184,1,1
7.625,-51.375,184,184,184,1,1
7.375,-51.125,184,184,184,3,5
71.125,21.625,184,184,184,2,2
74.125,-148.875,184,184,184,2,2
-45.875,143.875,184,184,184,5,5
-48.125,170.125,184,184,184,1,1
-5.875,153.625,184,184,184,15,15
-36.375,-55.125,184,184,184,1,1
40.125,-73.375,184,184,184,6,7
-37.875,178.625,184,184,184,12,13
-36.875,150.375,184,184,184,13,13
-24.125,153.875,184,184,184,7,7
38.125,-74.625,184,184,184,5,5
46.375,-2.125,184,184,184,3,4
19.875,-73.375,184,184,184,7,10
-65.875,145.375,184,184,184,1,1
-42.125,174.875,183,183,183,8,9
39.875,-72.875,183,183,183,3,5
51.375,-6.875,183,183,183,1,1
-48.625,172.375,183,183,183,1,1
19.625,-67.375,183,183,183,14,32
-66.125,151.625,183,183,183,1,1
71.125,-126.625,183,183,183,3,3
66.125,10.625,183,183,183,2,2
38.875,-73.875,183,183,183,5,5
-34.625,173.625,183,183,183,14,14
38.875,-74.125,183,183,183,5,5
-29.375,153.625,183,183,183,13,13
-63.125,133.875,182,182,182,1,1
-10.875,133.125,182,182,182,2,2
62.375,19.875,182,182,182,4,7
30.625,-13.625,182,182,182,1,1
11.125,-58.875,182,182,182,1,1
68.875,-105.625,182,182,182,1,1
-63.375,117.875,182,182,182,1,1
75.375,31.125,182,182,182,2,2
45.125,143.375,182,182,182,2,2
19.625,-80.875,182,182,182,6,9
29.375,-87.375,182,182,182,2,3
-11.375,109.875,182,182,182,1,1
-39.875,177.375,182,182,182,12,13
38.875,-73.625,182,182,182,4,4
-44.625,174.625,181,181,181,3,3
20.125,-83.125,181,181,181,6,9
20.125,-83.625,181,181,181,6,9
19.875,-69.625,181,181,181,11,11
57.125,-134.375,181,181,181,5,5
45.375,-124.875,181,181,181,5,5
43.125,-12.375,181,181,181,1,1
-66.125,151.375,181,181,181,1,1
51.125,-10.625,181,181,181,4,6
29.375,-88.125,181,181,181,1,1
27.375,-84.375,181,181,181,1,1
19.875,-81.625,181,181,181,5,8
60.625,3.125,181,181,181,2,2
-30.125,153.375,181,181,181,13,13
61.875,-167.375,181,181,181,7,8
35.875,141.125,181,181,181,8,10
-65.875,149.375,180,180,180,1,1
45.625,142.125,180,180,180,2,2
47.625,-125.125,180,180,180,3,3
20.375,-84.375,180,180,180,7,9
58.625,-153.125,180,180,180,6,7
50.125,-6.625,180,180,180,1,1
37.375,0.125,180,180,180,2,2
-29.875,153.625,180,180,180,15,15
-64.875,141.375,180,180,180,1,1
59.875,19.625,180,180,180,5,9
63.875,21.625,180,180,180,5,10
-37.375,-53.875,180,180,180,1,1
31.875,140.375,180,180,180,12,12
21.125,-86.375,180,180,180,9,15
-31.875,114.875,180,180,180,2,2
40.625,-71.625,180,180,180,6,7
-40.125,177.375,180,180,180,12,15
-44.875,149.125,180,180,180,4,4
55.375,-158.625,180,180,180,7,7
55.625,-154.625,180,180,180,5,5
-39.875,177.625,180,180,180,12,15
72.625,-145.625,180,180,180,1,1
40.625,-68.375,180,180,180,4,4
10.875,-57.375,179,179,179,1,1
-65.375,139.375,179,179,179,1,1
6.875,-80.875,179,179,179,10,11
-65.625,147.125,179,179,179,1,1
22.125,-77.625,179,179,179,11,27
-64.875,113.125,179,179,179,2,2
71.125,-133.125,179,179,179,1,1
34.875,131.125,179,179,179,3,3
40.375,-68.375,179,179,179,4,4
-34.875,173.875,179,179,179,13,13
71.625,17.375,179,179,179,4,5
-16.875,42.625,179,179,179,1,1
-33.625,151.625,179,179,179,15,15
39.125,-68.875,179,179,179,2,2
-2.125,152.625,179,179,179,21,27
-7.125,153.875,179,179,179,15,15
-28.375,153.625,178,178,178,15,15
47.625,-125.375,178,178,178,3,4
-65.625,-66.625,178,178,178,6,7
34.625,-121.375,178,178,178,3,4
53.625,-55.125,178,178,178,1,1
19.375,-80.375,178,178,178,6,8
18.625,-77.125,178,178,178,5,8
41.625,-69.375,178,178,178,5,5
-2.125,152.375,178,178,178,13,15
-65.375,111.875,178,178,178,1,1
55.625,-57.875,178,178,178,1,1
70.875,-135.875,178,178,178,1,1
-74.375,-107.125,178,178,178,2,2
70.125,-98.375,178,178,178,1,1
36.125,-75.125,178,178,178,4,5
51.625,-6.625,178,178,178,1,1
-8.125,153.875,178,178,178,14,14
-66.375,144.875,177,177,177,2,2
24.875,-79.875,177,177,177,14,22
-27.875,153.625,177,177,177,12,12
40.375,-68.625,177,177,177,4,5
-6.875,153.625,177,177,177,11,11
57.875,-168.875,177,177,177,2,2
50.625,-14.125,177,177,177,3,3
51.375,-10.125,177,177,177,7,7
-40.625,176.625,177,177,177,11,12
-44.875,172.625,177,177,177,1,1
-38.375,148.875,177,177,177,12,12
-8.375,153.875,177,177,177,11,11
64.375,22.375,177,177,177,5,10
12.875,-59.375,177,177,177,1,2
19.875,-72.625,176,176,176,9,17
-13.375,123.625,176,176,176,2,2
-49.875,170.875,176,176,176,2,2
75.625,9.875,176,176,176,1,1
28.125,-85.625,176,176,176,2,4
42.875,-68.375,176,176,176,2,2
-64.625,139.375,176,176,176,1,1
33.375,135.125,176,176,176,8,8
58.375,18.875,176,176,176,5,11
58.375,-61.625,176,176,176,1,1
40.375,-67.625,176,176,176,4,4
51.875,-7.375,176,176,176,3,4
-73.875,-106.625,175,175,175,2,2
-31.875,115.125,175,175,175,3,3
39.125,142.625,175,175,175,5,5
63.125,20.375,175,175,175,4,8
35.125,139.625,175,175,175,14,16
-67.875,-69.125,175,175,175,6,7
37.875,-74.625,175,175,175,3,3
59.375,-167.875,175,175,175,7,7
-29.125,153.625,175,175,175,14,14
78.875,8.375,175,175,175,1,1
55.875,-155.125,175,175,175,5,6
18.625,-77.375,175,175,175,5,8
-45.375,144.625,175,175,175,5,5
42.625,-126.875,175,175,175,3,3
-66.125,144.875,175,175,175,1,1
45.125,142.875,175,175,175,2,2
54.875,-153.625,175,175,175,3,3
52.625,-156.875,175,175,175,2,2
54.375,-164.625,175,175,175,11,13
58.125,18.375,174,174,174,5,9
40.625,-71.375,174,174,174,3,5
37.625,-74.875,174,174,174,4,4
-27.125,153.625,174,174,174,14,14
-35.375,150.875,174,174,174,13,13
-41.125,176.125,174,174,174,12,14
-66.125,149.125,174,174,174,2,2
55.125,-56.875,174,174,174,1,1
62.125,19.875,174,174,174,4,7
-63.625,133.875,174,174,174,1,1
23.875,-79.125,174,174,174,11,17
66.875,-168.375,174,174,174,7,10
-45.375,176.625,174,174,174,1,1
64.625,5.625,173,173,173,2,2
-64.625,114.375,173,173,173,1,1
-64.625,113.375,173,173,173,2,2
38.125,145.125,173,173,173,6,6
56.375,-156.375,173,173,173,5,5
-67.625,-70.625,173,173,173,2,2
-34.125,151.375,173,173,173,13,13
65.375,-168.375,173,173,173,8,10
40.125,-68.875,173,173,173,1,2
-65.375,-64.625,173,173,173,4,4
24.125,-81.125,173,173,173,11,21
71.875,30.625,173,173,173,2,2
60.875,-67.375,173,173,173,1,1
54.875,-10.375,173,173,173,4,4
62.625,20.125,173,173,173,4,7
-64.875,138.625,172,172,172,1,1
70.625,30.625,172,172,172,2,2
73.375,-134.125,172,172,172,2,2
72.625,-146.625,172,172,172,1,1
-3.875,153.125,172,172,172,21,26
33.875,139.875,172,172,172,15,22
5.875,-52.125,172,172,172,3,5
19.625,-65.875,172,172,172,3,3
71.875,-149.375,172,172,172,3,3
-65.125,-69.875,172,172,172,2,2
41.375,-67.125,172,172,172,3,3
46.125,-8.625,172,172,172,2,2
48.125,-125.875,172,172,172,2,2
47.875,-125.625,171,171,171,4,4
42.125,-68.625,171,171,171,3,4
21.375,-68.875,171,171,171,13,32
55.375,-158.375,171,171,171,8,9
41.875,-70.125,171,171,171,2,2
-41.875,174.625,171,171,171,4,6
-43.125,175.625,171,171,171,1,1
58.875,19.375,171,171,171,5,9
-34.625,151.125,171,171,171,15,15
58.125,-153.875,171,171,171,5,6
27.875,-85.375,171,171,171,1,2
32.625,-79.375,171,171,171,5,5
51.375,-10.375,171,171,171,6,6
7.375,-54.875,171,171,171,1,1
50.875,-163.875,171,171,171,1,1
33.875,137.875,171,171,171,6,9
34.625,-121.625,171,171,171,6,7
43.625,-68.375,171,171,171,3,3
71.125,-134.875,170,170,170,1,1
-30.375,153.375,170,170,170,15,15
-55.625,-64.625,170,170,170,10,14
24.375,-79.375,170,170,170,11,14
21.625,-110.125,170,170,170,6,8
39.625,-74.125,170,170,170,4,5
-38.625,178.625,170,170,170,1,1
55.875,-9.125,170,170,170,4,4
60.125,-168.375,170,170,170,6,6
20.375,-68.875,170,170,170,14,32
57.625,-143.625,170,170,170,3,3
19.125,-67.375,170,170,170,10,15
41.375,141.625,170,170,170,5,5
20.375,-72.625,170,170,170,5,6
-65.375,-66.125,170,170,170,6,6
41.375,-68.875,170,170,170,4,4
54.875,-9.125,170,170,170,4,4
21.625,-70.625,169,169,169,14,31
-45.625,149.875,169,169,169,5,5
25.375,-77.625,169,169,169,11,15
53.125,-168.875,169,169,169,2,3
40.125,-69.375,169,169,169,2,3
50.125,-6.875,169,169,169,1,1
34.125,130.375,169,169,169,1,1
-9.875,144.875,169,169,169,1,1
49.125,-4.125,169,169,169,2,2
37.125,-75.375,169,169,169,3,4
24.875,-81.875,169,169,169,7,7
-44.125,146.375,169,169,169,3,4
44.875,145.375,169,169,169,2,2
71.125,32.375,169,169,169,2,2
44.875,-9.875,168,168,168,2,2
31.375,128.875,168,168,168,3,3
53.625,-167.625,168,168,168,1,1
74.875,18.125,168,168,168,1,1
42.875,-68.625,168,168,168,3,3
61.375,-69.125,168,168,168,1,1
-64.875,116.125,168,168,168,2,2
41.875,145.125,168,168,168,4,4
42.625,-66.875,168,168,168,2,3
71.875,-149.125,168,168,168,3,4
74.125,32.625,168,168,168,2,2
-64.625,139.125,168,168,168,1,1
40.375,-73.125,168,168,168,3,3
-35.125,150.875,168,168,168,12,12
56.625,-59.625,168,168,168,1,1
70.875,-90.375,168,168,168,1,1
49.375,-12.875,168,168,168,2,2
56.375,-154.125,168,168,168,5,8
46.875,-9.625,167,167,167,4,4
-47.125,172.375,167,167,167,1,1
-65.125,123.875,167,167,167,1,1
35.875,-5.875,167,167,167,7,8
71.125,21.375,167,167,167,2,2
-41.875,174.875,167,167,167,2,3
-44.875,172.125,167,167,167,3,3
42.625,-69.625,167,167,167,3,4
71.875,-132.625,167,167,167,2,2
53.125,-159.875,167,167,167,1,1
40.125,-73.625,167,167,167,5,5
40.375,-68.875,167,167,167,4,5
-27.625,110.125,167,167,167,1,1
76.875,-137.625,166,166,166,1,1
-65.125,123.125,166,166,166,1,1
-44.375,175.875,166,166,166,1,1
71.375,-97.125,166,166,166,2,2
59.625,-62.875,166,166,166,1,1
65.625,7.625,166,166,166,2,2
68.875,-101.625,166,166,166,2,2
72.125,20.875,166,166,166,3,3
70.875,-126.375,166,166,166,1,1
-48.875,166.625,166,166,166,1,1
-48.125,169.875,166,166,166,1,1
-66.375,152.375,166,166,166,1,1
-65.375,143.125,166,166,166,2,2
20.125,-83.375,166,166,166,6,9
43.125,-68.125,165,165,165,3,3
67.125,-168.375,165,165,165,6,9
72.875,-135.625,165,165,165,2,2
58.875,-145.875,165,165,165,2,2
59.125,19.625,165,165,165,4,9
18.625,-64.625,165,165,165,7,10
6.875,-53.125,165,165,165,1,1
38.875,143.375,165,165,165,3,3
-68.375,-67.625,165,165,165,1,1
13.125,-58.875,165,165,165,2,4
71.125,26.875,165,165,165,2,2
52.125,-7.125,165,165,165,2,2
-68.375,31.125,165,165,165,1,1
66.375,10.625,165,165,165,2,2
74.875,16.875,164,164,164,2,2
18.625,-66.875,164,164,164,5,8
21.125,-69.375,164,164,164,10,21
28.375,-88.375,164,164,164,1,1
26.375,-79.625,164,164,164,7,8
79.875,30.625,164,164,164,1,1
34.375,138.375,164,164,164,14,20
42.625,6.625,164,164,164,1,1
44.125,-124.875,164,164,164,5,5
64.875,-168.375,164,164,164,7,8
-42.875,176.375,164,164,164,1,1
55.875,-58.375,164,164,164,1,1
6.875,-81.875,164,164,164,10,13
59.125,-62.625,164,164,164,1,1
-39.375,-55.125,164,164,164,2,2
-35.125,174.375,164,164,164,11,11
40.375,-72.625,164,164,164,4,5
-69.875,-84.375,164,164,164,1,1
62.375,-174.625,164,164,164,4,4
71.875,-155.375,163,163,163,1,1
-46.125,150.125,163,163,163,4,4
72.125,-133.375,163,163,163,2,2
71.375,-133.625,163,163,163,1,1
25.875,-82.125,163,163,163,4,4
56.375,-9.125,163,163,163,3,3
39.125,-74.125,163,163,163,3,3
-34.375,173.125,163,163,163,12,12
17.375,-87.125,163,163,163,5,6
28.125,-13.625,163,163,163,6,7
-24.875,154.125,163,163,163,1,1
57.625,-155.125,163,163,163,4,4
21.375,-84.875,163,163,163,13,21
41.625,-68.375,163,163,163,3,3
-71.125,-107.125,163,163,163,2,2
-65.625,147.875,163,163,163,1,1
40.375,-69.875,162,162,162,3,5
57.625,-60.875,162,162,162,1,1
-64.625,113.875,162,162,162,1,1
-37.375,177.875,162,162,162,14,15
-21.625,154.125,162,162,162,14,14
41.375,141.375,162,162,162,1,1
-44.625,176.625,162,162,162,2,2
-65.125,120.625,162,162,162,1,1
41.625,-66.375,162,162,162,4,5
69.375,-80.875,162,162,162,1,1
48.375,-125.625,162,162,162,5,5
54.875,-157.125,162,162,162,6,6
44.125,-68.125,162,162,162,4,4
71.625,-155.125,162,162,162,4,4
-43.625,148.375,161,161,161,2,2
47.875,-7.375,161,161,161,4,5
29.625,-86.375,161,161,161,3,5
-38.625,145.375,161,161,161,15,15
-44.625,176.875,161,161,161,1,1
37.375,-75.125,161,161,161,4,5
-65.125,119.125,161,161,161,1,1
63.375,7.125,161,161,161,1,1
57.875,-167.375,161,161,161,3,4
-46.625,170.625,161,161,161,1,1
65.875,5.875,161,161,161,2,2
-44.125,146.625,160,160,160,4,5
60.375,-64.125,160,160,160,1,1
37.375,-73.375,160,160,160,1,1
-26.375,153.625,160,160,160,2,2
64.875,4.625,160,160,160,3,3
75.625,33.375,160,160,160,1,1
33.875,134.875,160,160,160,9,9
64.375,-78.625,160,160,160,1,1
7.875,-52.375,160,160,160,2,2
37.625,-75.125,160,160,160,4,5
40.375,-71.375,160,160,160,3,3
71.375,-134.625,160,160,160,1,1
56.125,-166.125,160,160,160,5,5
33.125,135.125,160,160,160,10,10
36.875,-75.125,160,160,160,4,4
67.125,7.875,160,160,160,3,3
-47.375,172.125,160,160,160,1,1
37.625,142.375,159,159,159,1,1
-14.125,144.875,159,159,159,1,1
18.625,-77.875,159,159,159,5,7
56.625,-152.875,159,159,159,4,7
-66.125,146.875,159,159,159,2,2
-43.625,174.125,159,159,159,3,3
5.625,-52.375,159,159,159,3,6
41.375,-68.375,159,159,159,3,5
41.625,-66.875,159,159,159,2,3
18.625,-78.125,159,159,159,5,7
20.125,-67.875,159,159,159,6,7
-32.375,152.625,159,159,159,14,14
54.375,-10.125,159,159,159,6,6
-35.875,174.875,159,159,159,13,13
67.125,5.625,158,158,158,2,2
72.375,-156.625,158,158,158,3,4
54.125,-152.875,158,158,158,2,2
71.375,-150.875,158,158,158,2,2
61.125,-68.625,158,158,158,1,1
40.375,-73.375,158,158,158,4,4
61.625,-70.375,158,158,158,1,1
71.375,20.125,158,158,158,1,1
7.125,-82.125,158,158,158,8,10
-55.875,-64.375,158,158,158,6,6
58.375,-61.875,158,158,158,1,1
77.375,-137.125,158,158,158,1,1
48.625,-126.125,158,158,158,4,5
32.125,140.375,158,158,158,12,12
19.125,-64.875,158,158,158,6,8
56.625,-152.375,158,158,158,3,3
55.625,-156.375,158,158,158,4,4
60.375,19.125,158,158,158,5,9
55.625,-8.125,158,158,158,1,1
36.375,-122.625,158,158,158,4,4
64.125,21.875,158,158,158,5,10
-64.375,133.875,158,158,158,1,1
-43.125,179.125,158,158,158,1,1
-62.375,-58.125,158,158,158,2,2
59.375,19.875,158,158,158,5,10
42.375,-65.875,158,158,158,3,4
-62.875,-60.375,158,158,158,3,3
37.125,142.125,158,158,158,1,1
-43.875,174.125,158,158,158,3,3
19.875,-81.375,158,158,158,5,8
22.375,-71.125,157,157,157,10,13
33.375,-12.875,157,157,157,2,2
47.125,-125.125,157,157,157,3,4
66.625,-80.125,157,157,157,1,1
51.625,-7.625,157,157,157,4,5
51.625,-10.875,157,157,157,2,2
47.875,-7.125,157,157,157,4,5
-44.875,143.375,157,157,157,3,3
-67.125,-71.625,157,157,157,2,3
-66.375,152.125,157,157,157,1,1
-5.125,153.875,157,157,157,13,13
42.125,-66.625,157,157,157,3,4
42.625,143.625,157,157,157,1,1
35.375,140.625,157,157,157,9,12
43.875,-67.375,157,157,157,3,3
46.625,-2.625,157,157,157,1,1
51.125,-7.375,157,157,157,2,2
18.875,-78.625,157,157,157,5,7
79.125,8.375,157,157,157,1,1
57.125,-155.125,157,157,157,3,4
75.875,8.625,157,157,157,1,1
-62.625,-57.375,157,157,157,3,3
27.125,-15.625,157,157,157,1,1
26.375,-78.625,157,157,157,4,4
59.625,-148.375,156,156,156,2,2
70.875,17.875,156,156,156,4,4
54.375,-164.375,156,156,156,11,13
72.125,-133.125,156,156,156,2,2
19.125,-79.625,156,156,156,5,7
19.125,-75.875,156,156,156,5,8
76.875,32.625,156,156,156,1,1
6.875,-81.125,156,156,156,10,11
20.375,-84.625,156,156,156,7,9
59.375,-146.125,156,156,156,3,3
72.125,-132.875,156,156,156,2,2
-46.625,166.375,156,156,156,1,1
57.375,-152.625,156,156,156,2,2
55.125,-160.375,156,156,156,2,2
69.625,-99.375,156,156,156,1,1
56.625,-9.125,156,156,156,3,3
-0.875,151.875,156,156,156,13,17
75.375,10.625,156,156,156,1,1
34.375,139.875,156,156,156,16,25
34.375,137.375,156,153,156,18,26
72.625,-146.375,156,156,156,1,1
71.625,-96.625,156,156,156,2,2
78.875,8.125,156,156,156,2,2
33.375,140.125,156,156,156,10,13
31.875,135.875,155,155,155,12,12
41.375,-66.375,155,155,155,3,4
-21.875,154.125,155,155,155,13,13
-34.875,169.375,155,155,155,13,13
80.125,28.875,155,155,155,1,1
44.625,-9.875,155,155,155,2,2
61.875,19.625,155,155,155,4,7
44.375,-67.375,155,155,155,4,4
-63.875,136.375,155,155,155,1,1
45.625,-125.125,155,155,155,3,3
51.375,-7.125,155,155,155,1,1
-45.875,150.625,155,155,155,1,1
71.875,-132.375,155,155,155,2,2
35.375,140.875,155,155,155,12,16
43.125,6.875,155,155,155,2,2
-45.625,149.125,155,155,155,1,1
43.375,-68.125,155,155,155,2,2
43.375,-124.875,155,155,155,3,4
71.875,-132.125,155,155,155,2,2
50.875,-11.875,155,155,155,4,4
41.125,-67.375,155,155,155,3,4
18.875,-63.875,155,155,155,12,24
-73.375,-105.375,155,155,155,1,1
52.875,-14.875,155,155,155,2,2
41.875,141.375,155,155,155,3,3
41.875,-68.125,154,154,154,3,4
20.375,-82.875,154,154,154,13,20
-70.375,-101.875,154,154,154,3,3
51.375,-8.125,154,154,154,3,3
22.625,-70.625,154,154,154,13,27
-67.875,-67.625,154,154,154,2,2
34.125,139.875,154,154,154,14,24
34.375,-121.125,154,154,154,6,7
38.125,-73.625,154,154,154,5,5
63.625,-76.125,154,154,154,1,1
68.875,-102.125,154,154,154,2,2
18.125,-87.375,154,154,154,5,6
61.375,-68.875,154,154,154,1,1
71.375,-134.125,154,154,154,1,1
-67.625,77.375,154,154,154,2,2
65.875,9.125,154,154,154,4,4
58.625,19.125,154,154,154,5,10
-37.625,149.875,154,154,154,14,14
22.125,-71.375,154,154,154,9,16
65.625,-79.375,154,154,154,1,1
-62.125,-60.875,154,154,154,6,6
78.375,6.875,154,154,154,1,1
55.625,-157.875,153,153,153,6,7
-38.375,-57.625,153,153,153,2,2
19.125,-79.375,153,153,153,5,7
-42.875,175.875,153,153,153,1,1
-34.875,150.875,153,153,153,14,14
62.875,20.125,153,153,153,4,7
7.125,-80.125,153,153,153,9,9
50.625,-11.375,153,153,153,1,1
38.125,143.125,153,153,153,3,3
19.875,-73.125,153,153,153,6,9
47.125,-124.625,153,153,153,4,4
38.125,142.625,153,153,153,2,2
32.875,135.375,153,153,153,6,8
-20.375,116.625,153,153,153,1,1
71.875,32.375,153,153,153,2,2
47.375,-125.375,153,153,153,4,5
71.625,-157.875,153,153,153,4,5
-68.125,30.875,153,153,153,1,1
-38.125,153.125,153,153,153,15,15
58.375,18.625,153,153,153,5,10
37.125,-123.125,153,153,153,4,4
63.875,4.625,153,153,153,1,1
-6.875,154.625,153,153,153,12,12
20.375,-72.375,153,153,153,5,6
64.125,22.125,153,153,153,5,10
41.375,143.875,153,153,153,2,2
41.875,-66.125,152,152,152,3,4
-38.625,150.125,152,152,152,14,14
71.375,-133.875,152,152,152,1,1
72.625,-134.875,152,152,152,2,2
-10.625,-35.875,152,152,152,1,2
-66.375,-69.875,152,152,152,3,3
23.125,-78.375,152,152,152,4,4
73.375,-143.875,152,152,152,1,1
57.625,-150.625,152,152,152,2,3
-38.625,150.375,152,152,152,15,15
-34.875,169.625,152,152,152,13,13
38.125,144.375,152,152,152,2,2
75.375,10.875,152,152,152,1,1
-36.125,174.875,152,152,152,13,13
39.875,144.875,152,152,152,1,1
71.625,21.375,152,152,152,4,4
11.375,-58.125,152,152,152,1,1
56.875,-150.875,152,152,152,1,1
40.375,-66.875,152,152,152,2,2
-64.875,116.625,151,151,151,2,2
59.625,-144.375,151,151,151,3,3
70.125,20.125,151,151,151,5,5
63.625,21.125,151,151,151,4,10
53.375,-157.375,151,151,151,1,1
21.375,-76.125,151,151,151,6,7
-5.125,153.375,151,151,151,14,14
9.375,-55.375,151,151,151,1,1
-38.625,149.875,151,151,151,15,15
35.625,-75.125,151,151,151,4,5
31.875,-77.125,151,151,151,2,2
69.125,-101.125,151,151,151,2,2
29.875,-88.625,151,151,151,2,2
61.625,-167.625,151,151,151,6,6
-57.125,-63.875,151,151,151,6,6
40.375,-124.875,151,151,151,3,3
40.125,146.375,151,151,151,5,5
58.375,-153.375,151,151,151,4,5
38.375,-74.625,151,151,151,4,5
38.125,144.625,151,151,151,2,2
38.125,142.375,151,151,151,3,3
38.125,142.875,151,151,151,2,2
-9.375,144.375,151,151,151,2,2
59.375,-146.875,150,150,150,1,1
71.875,-153.625,150,150,150,2,2
44.625,144.125,150,150,150,1,1
56.625,-59.875,150,150,150,1,1
-37.875,153.625,150,150,150,14,14
16.625,-86.875,150,150,150,5,6
-34.625,171.125,150,150,150,12,12
6.625,-53.625,150,150,150,1,1
-44.625,174.125,150,150,150,2,2
39.125,-69.125,150,150,150,2,3
79.375,2.625,150,150,150,1,1
38.375,143.875,150,150,150,2,2
41.875,-67.875,150,150,150,3,4
32.875,-12.125,150,150,150,1,1
57.375,-152.375,149,149,149,4,5
18.625,-77.625,149,149,149,5,8
-6.375,154.375,149,149,149,13,13
38.125,144.125,149,149,149,3,3
48.625,-126.625,149,149,149,5,6
41.125,-71.875,149,149,149,3,3
69.625,8.625,149,149,149,2,2
72.375,-134.375,149,149,149,2,2
42.125,141.375,149,149,149,1,1
46.625,-3.375,149,149,149,2,2
20.375,-68.375,149,149,149,12,25
55.125,-9.625,149,149,149,3,3
67.125,8.125,149,149,149,3,3
-44.625,175.625,149,149,149,1,1
6.875,-81.625,149,149,149,9,10
48.375,-125.125,149,149,149,6,6
-39.125,178.625,149,149,149,2,2
-41.625,176.375,149,149,149,1,1
51.625,-7.375,149,149,149,4,4
57.625,-9.375,148,148,148,2,2
19.875,-72.875,148,148,148,6,9
-38.125,149.375,148,148,148,14,14
21.875,-70.375,148,148,148,7,8
42.875,144.625,148,148,148,2,2
41.625,142.375,148,148,148,3,3
79.125,6.375,148,148,148,2,2
29.375,-86.875,148,148,148,3,5
32.625,-79.625,148,148,148,4,4
72.875,-158.625,148,148,148,3,4
-47.625,168.875,148,148,148,1,1
40.125,144.625,148,148,148,3,3
44.375,-66.625,148,148,148,2,2
56.875,-9.125,148,148,148,3,3
20.875,-68.875,148,148,148,5,6
53.875,-166.625,148,148,148,3,4
22.125,-77.125,148,148,148,11,26
56.625,-155.625,148,148,148,5,5
19.125,-75.625,148,148,148,5,8
-40.375,177.375,148,148,148,2,2
71.375,-134.375,148,148,148,1,1
40.625,3.875,148,148,148,2,2
65.875,9.375,148,148,148,2,2
40.625,-67.125,148,148,148,2,2
71.875,-148.625,148,148,148,2,2
-74.375,-104.375,148,148,148,3,3
-38.625,-56.625,148,148,148,2,2
34.125,-119.875,148,148,148,3,3
-64.875,136.375,148,148,148,1,1
-39.125,147.375,148,148,148,15,15
54.125,-163.625,148,148,148,10,10
57.625,-135.125,148,148,148,5,5
38.375,-74.375,147,147,147,5,5
56.375,-146.625,147,147,147,2,2
-63.375,-53.625,147,147,147,1,1
40.375,-71.625,147,147,147,4,4
26.125,-82.375,147,147,147,4,4
-8.625,-34.625,147,147,147,1,2
32.375,-119.125,147,147,147,1,1
67.875,9.625,147,147,147,2,2
-38.875,148.875,147,147,147,14,14
26.375,-84.625,147,147,147,1,1
51.625,3.375,147,147,147,1,1
71.625,-96.375,147,147,147,2,2
70.625,32.375,147,147,147,2,2
54.375,-161.125,147,147,147,3,3
57.125,-152.875,147,147,147,4,4
61.125,-68.125,147,147,147,1,1
-67.875,-69.375,147,147,147,6,6
33.375,-122.375,147,147,147,1,1
68.125,-167.875,147,147,147,6,6
-38.125,152.125,147,147,147,14,14
41.625,-67.625,147,147,147,3,3
40.375,-71.875,147,147,147,5,5
-43.625,173.375,147,147,147,2,2
57.875,-152.375,147,147,147,4,4
-38.375,151.625,146,146,146,13,13
20.625,-73.125,146,146,146,4,5
-65.375,139.125,146,146,146,1,1
73.625,36.625,146,146,146,2,2
71.875,-95.875,146,146,146,1,1
57.125,-155.875,146,146,146,5,5
71.875,-153.375,146,146,146,2,2
60.875,-0.625,146,146,146,2,2
59.875,-63.375,146,146,146,1,1
40.375,-72.375,146,146,146,4,6
55.125,-156.875,146,146,146,4,4
-5.625,154.125,146,146,146,13,13
40.625,-73.125,146,146,146,2,2
32.375,134.125,146,146,146,2,2
44.125,141.125,146,146,146,1,1
-36.125,150.625,146,146,146,13,13
69.375,16.375,146,146,146,3,4
-73.875,-107.875,146,146,146,1,1
71.875,28.625,146,146,146,2,2
55.125,-158.625,146,146,146,5,5
-44.375,176.125,145,145,145,1,1
-21.375,154.125,145,145,145,14,14
51.625,-7.125,145,145,145,3,3
-42.625,176.375,145,145,145,1,1
49.125,-11.375,145,145,145,2,2
-25.375,153.625,145,145,145,15,15
7.625,-54.875,145,145,145,1,1
56.125,-150.125,145,145,145,1,1
28.125,-84.875,145,145,145,2,4
24.875,-82.125,145,145,145,7,7
56.625,-156.625,145,145,145,5,5
72.375,-155.375,145,145,145,3,3
-34.375,172.125,145,145,145,12,12
18.375,-87.625,145,145,145,5,6
38.625,143.625,145,145,145,2,2
-27.625,154.875,145,145,145,1,1
-23.875,153.875,144,144,144,7,7
38.125,-74.375,144,144,144,5,5
-65.125,136.875,144,144,144,1,1
72.375,24.625,144,144,144,2,2
-63.625,-56.125,144,144,144,1,1
76.625,-137.125,144,144,144,1,1
71.125,-147.875,144,144,144,2,2
-38.875,148.625,144,144,144,14,14
-38.625,148.375,144,144,144,14,14
44.875,142.875,144,144,144,1,1
40.625,-72.625,144,144,144,3,3
-42.875,148.375,144,144,144,1,1
-44.875,145.125,144,144,144,4,4
69.875,-98.875,144,144,144,1,1
50.625,-1.375,144,144,144,1,1
-34.625,170.875,144,144,144,12,12
-38.375,171.875,144,144,144,11,11
73.125,-135.125,144,144,144,1,1
57.125,-149.625,144,144,144,1,2
73.125,-135.375,144,144,144,1,1
61.375,-69.375,144,144,144,1,1
-42.875,174.375,144,144,144,2,2
-38.375,-56.625,144,144,144,2,2
-45.375,176.875,144,144,144,2,2
60.375,-63.875,144,144,144,1,1
71.625,24.875,144,144,144,3,3
57.125,-151.625,144,144,144,3,4
51.625,-12.875,144,144,144,2,2
38.625,-73.625,144,144,144,4,5
55.625,-155.375,144,144,144,5,5
37.625,-123.375,143,143,143,9,9
50.125,-2.375,143,143,143,6,6
65.375,9.875,143,143,143,1,1
63.125,-173.375,143,143,143,3,3
64.625,1.125,143,143,143,2,2
30.375,136.625,143,143,143,9,9
-45.625,175.125,143,143,143,1,1
-37.875,153.375,143,143,143,13,13
55.375,-156.125,143,143,143,4,5
24.625,-82.875,143,143,143,2,2
41.125,-66.625,143,143,143,3,4
-64.875,77.875,143,143,143,2,2
-41.375,175.875,143,143,143,12,13
72.125,10.375,143,143,143,2,2
-38.625,172.125,143,143,143,11,11
46.375,-2.375,143,143,143,3,3
40.625,145.375,143,143,143,1,1
21.875,-71.125,142,142,142,6,6
40.625,145.625,142,142,142,1,2
-35.625,174.875,142,142,142,10,10
36.125,-74.625,142,142,142,5,6
-39.125,172.375,142,142,142,10,10
73.375,-134.625,142,142,142,1,1
34.125,129.875,142,142,142,2,2
62.125,-71.625,142,142,142,1,1
7.125,-82.375,142,142,142,8,11
61.375,-70.125,142,142,142,1,1
75.875,8.875,142,142,142,1,1
-65.625,143.125,142,142,142,2,2
-67.875,-68.375,142,142,142,5,6
21.625,-65.625,142,142,142,1,1
64.625,5.875,142,142,142,2,2
45.375,142.375,142,142,142,1,1
31.625,-78.125,142,142,142,2,2
18.625,-68.125,142,142,142,5,7
54.125,-166.375,142,142,141,5,6
64.125,-165.875,142,142,142,4,4
19.375,-66.625,142,142,142,5,6
-34.125,151.125,142,142,142,13,13
42.375,-69.625,142,142,142,3,3
40.625,-70.375,142,142,142,5,6
-65.625,144.875,142,142,142,1,1
69.375,15.125,142,142,142,4,4
7.125,-79.875,142,142,142,9,9
54.875,-9.375,142,142,142,3,3
-7.875,153.875,142,142,142,15,15
43.625,-69.125,142,142,142,4,4
46.125,-5.125,142,142,142,2,2
56.625,-153.375,141,141,141,4,6
65.625,7.875,141,141,141,2,2
-45.625,150.375,141,141,141,1,1
19.375,-75.125,141,141,141,6,9
55.375,-10.125,141,141,141,1,1
-43.125,176.625,141,141,141,2,2
-45.125,172.125,141,141,141,2,2
55.375,-9.875,141,141,141,3,3
71.875,-96.125,141,141,141,2,2
53.125,-12.875,141,141,141,1,1
34.625,139.125,141,141,141,15,22
58.125,19.875,141,141,141,15,15
31.375,-10.875,141,141,141,5,7
-34.625,171.375,141,141,141,14,14
-62.125,-50.125,141,141,141,1,1
46.625,-2.375,141,141,141,1,1
46.625,-7.625,141,141,141,4,4
76.375,30.375,141,141,141,2,2
57.625,-150.375,141,141,141,2,3
28.375,-87.375,141,141,141,1,2
-64.875,139.875,141,141,141,2,2
-49.625,167.875,141,141,141,1,1
71.125,-133.375,141,141,141,1,1
54.125,-10.375,141,141,141,5,5
55.875,-156.375,141,141,141,5,6
40.125,-68.375,141,141,141,3,4
76.625,-135.875,141,141,141,2,2
43.875,-7.875,140,140,140,1,1
70.375,16.625,140,140,140,4,4
-45.625,144.375,140,140,140,5,5
-38.625,178.375,140,140,140,12,13
54.875,-158.875,140,140,140,6,7
54.125,-163.125,140,140,140,10,10
-65.875,148.375,140,140,140,2,2
71.375,-157.125,140,140,140,4,5
68.875,-102.375,140,140,140,2,2
55.375,-155.125,140,140,140,3,3
-68.375,9.625,140,140,140,1,1
42.375,-69.875,140,140,140,4,4
38.625,142.375,140,140,140,3,3
55.875,-8.375,140,140,140,3,3
56.375,-156.625,140,140,140,8,8
6.625,-54.125,140,140,140,1,1
39.875,-71.375,140,140,140,2,3
32.375,135.625,140,140,140,8,8
-37.375,150.125,140,140,140,13,13
51.375,-11.125,140,140,140,4,4
51.625,-6.875,140,140,140,3,3
17.125,-86.875,140,140,140,6,7
71.875,26.875,140,140,140,2,2
74.875,12.625,140,140,140,2,2
-49.875,167.875,140,140,140,1,1
19.125,-66.125,140,140,140,6,7
41.625,-124.625,140,140,140,3,3
47.125,-2.875,139,139,139,1,1
-53.875,-65.875,139,139,139,10,16
52.875,-169.375,139,139,139,2,3
35.125,-121.375,139,139,139,2,2
74.125,28.375,139,139,139,2,2
56.375,-153.625,139,139,139,3,6
56.125,-154.625,139,139,139,5,7
-37.375,171.375,139,139,139,10,10
41.875,-67.125,139,139,139,3,4
-44.875,145.625,139,139,139,3,4
55.125,-161.875,139,139,139,2,2
-7.375,153.875,139,139,139,15,15
60.125,-146.875,139,139,139,3,4
-34.375,172.375,139,139,139,14,14
72.625,-135.125,139,139,139,2,2
52.875,-15.125,139,139,139,3,3
62.375,-167.125,139,139,139,7,7
-37.875,171.625,139,139,139,10,10
46.875,-127.375,139,139,139,3,3
63.375,20.625,139,139,139,4,7
44.375,-9.875,138,138,138,1,1
-40.875,177.125,138,138,138,1,1
51.125,-7.125,138,138,138,2,2
-62.125,-61.125,138,138,138,6,6
22.625,-72.125,138,138,138,8,11
72.375,32.375,138,138,138,2,2
-63.625,144.375,138,138,138,1,1
78.125,29.625,138,138,138,2,2
65.875,8.375,138,138,138,3,3
-34.625,170.625,138,138,138,12,12
61.125,-167.875,138,138,138,5,5
-4.625,153.625,138,138,138,11,11
48.375,-10.125,138,138,138,1,1
-35.375,170.125,138,138,138,9,9
39.875,-73.375,138,138,138,4,4
-44.125,147.625,138,138,138,3,3
-67.875,-67.875,138,138,138,3,3
-12.375,129.875,138,138,138,2,2
-64.875,118.125,138,138,138,1,1
-61.625,-62.625,138,138,138,9,13
74.625,18.375,138,138,138,1,1
60.875,4.375,137,137,137,2,2
54.875,-158.375,137,137,137,4,4
-45.875,176.625,137,137,137,1,1
64.625,0.625,137,137,137,2,2
36.875,141.875,137,137,137,1,1
55.125,-8.625,137,137,137,4,4
59.375,-148.375,137,137,137,4,5
18.875,-65.125,137,137,137,5,6
59.125,-167.625,137,137,137,7,7
-11.125,131.875,137,137,137,1,1
43.125,-69.625,137,137,137,5,5
-11.125,131.625,137,137,137,1,1
41.625,-69.125,137,137,137,4,4
41.875,-125.125,137,137,137,3,3
62.125,-71.375,137,137,137,1,1
19.875,-82.625,137,137,137,8,11
37.375,-75.625,137,137,137,4,4
34.375,138.125,137,137,137,17,27
72.375,26.625,137,137,137,2,2
72.125,-148.625,137,137,137,2,3
50.875,-13.625,137,137,137,1,1
-35.125,168.875,137,137,137,12,12
58.125,-151.125,137,137,137,3,4
-66.625,147.625,137,137,137,1,1
-21.375,114.625,137,137,137,1,1
49.125,-9.125,136,136,136,2,2
56.125,-154.125,136,136,136,3,4
-38.875,148.375,136,136,136,14,14
58.125,-151.375,136,136,136,2,3
17.625,-87.125,136,136,136,5,6
74.625,17.625,136,136,136,2,2
33.125,-9.375,136,136,136,5,6
78.875,6.125,136,136,136,2,2
46.625,-3.875,136,136,136,1,1
42.125,-67.375,136,136,136,2,2
-44.625,144.125,136,136,136,3,3
52.125,-6.875,136,136,136,2,2
60.875,-66.125,136,136,136,1,1
67.125,8.625,136,136,136,4,4
43.125,-9.625,136,136,136,2,2
63.875,-78.125,136,136,136,1,1
-27.375,155.125,136,136,136,1,1
54.125,-166.625,136,136,136,5,7
-64.125,-55.125,136,136,136,1,1
72.625,-146.125,136,136,136,1,1
-45.125,145.125,136,136,136,4,5
45.125,-125.125,136,136,136,2,3
48.625,-126.375,136,136,136,4,5
38.125,143.375,136,136,136,4,5
60.375,-168.375,136,136,136,6,6
50.625,-7.625,135,135,135,2,2
-34.875,174.125,135,135,135,13,13
57.125,-8.875,135,135,135,3,3
-9.625,-35.125,135,135,135,1,2
47.625,-124.875,135,135,135,3,3
64.625,22.875,135,135,135,5,9
-66.375,149.875,135,135,135,1,1
77.875,31.625,135,135,135,1,1
-14.375,121.875,135,135,135,2,2
-37.125,177.375,135,135,135,14,14
-38.125,152.375,135,135,135,14,14
-40.375,177.125,135,135,135,14,15
70.375,19.125,135,135,135,6,7
-16.625,146.375,135,135,135,2,3
33.625,139.875,135,135,135,13,13
48.625,-125.875,135,135,135,5,6
-36.875,176.875,135,135,135,13,13
-64.625,125.875,135,135,135,1,1
40.375,-69.125,135,135,135,3,3
72.875,-145.375,135,135,135,1,1
61.625,19.625,135,135,135,4,7
40.625,-68.875,135,135,135,5,7
70.125,-139.625,135,135,135,1,2
50.125,-2.125,135,135,135,6,6
-68.375,31.375,134,134,134,1,1
57.375,-155.375,134,134,134,7,8
-46.875,168.375,134,134,134,1,1
-44.625,175.875,134,134,134,1,1
-44.625,173.125,134,134,134,2,2
58.125,18.625,134,134,134,9,15
70.875,18.125,134,134,134,4,4
57.375,-149.875,134,134,134,3,3
-43.875,146.625,134,134,134,4,5
56.375,-152.625,134,134,134,2,2
-37.875,153.875,134,134,134,14,14
40.375,142.875,134,134,134,2,2
29.125,-88.875,134,134,134,1,1
63.125,-74.375,134,134,134,1,1
70.375,-89.875,134,134,134,1,1
41.625,-67.125,134,134,134,2,3
49.875,-1.125,134,134,134,6,6
55.625,-158.875,134,134,134,3,3
-34.375,169.625,134,134,134,9,9
36.875,-75.875,134,134,134,3,4
23.375,-78.625,134,134,134,3,3
71.375,-157.625,134,134,134,5,6
-58.125,-63.375,134,134,134,6,6
55.875,-157.875,134,134,134,5,5
-14.125,120.875,134,134,134,1,1
-38.875,148.125,133,133,133,16,16
20.375,-71.875,133,133,133,4,5
-69.625,-95.625,133,133,133,2,2
58.625,-167.375,133,133,133,6,7
-42.125,175.125,133,133,133,6,7
50.125,-6.375,133,133,133,1,1
-36.875,176.625,133,133,133,13,13
72.125,19.125,133,133,133,3,3
42.125,-65.625,133,133,133,1,2
-44.875,147.125,133,133,133,3,3
-39.625,172.625,133,133,133,10,10
60.875,-0.375,133,133,133,2,2
29.625,-12.375,133,133,133,5,6
40.125,-72.375,133,133,133,4,5
67.125,6.625,133,133,133,2,2
-62.625,-61.375,133,133,133,6,6
-25.875,112.875,133,133,133,2,2
-49.625,168.125,133,133,133,1,1
-7.625,-34.125,133,133,133,1,2
18.375,-66.125,133,133,133,15,44
-38.625,-56.375,133,133,133,2,2
-66.125,149.875,133,133,133,1,1
-28.625,153.625,133,133,133,13,13
-40.125,177.625,133,133,133,2,2
-65.625,142.875,132,132,132,1,1
56.625,-150.875,132,132,132,1,1
40.125,-67.625,132,132,132,4,4
-45.375,149.375,132,132,132,5,5
70.625,-137.125,132,132,132,1,1
47.875,-8.375,132,132,132,2,2
70.375,-137.875,132,132,132,1,1
-62.625,-61.625,132,132,132,6,6
54.375,-153.375,132,132,132,3,3
-36.375,175.625,132,132,132,14,14
19.875,-70.875,132,132,132,9,14
37.625,-123.125,132,132,132,6,6
43.625,-68.625,132,132,132,4,4
45.375,-125.375,132,132,132,3,3
-68.125,-69.375,132,132,132,2,2
49.875,-2.875,132,132,132,7,7
46.375,-128.375,132,132,132,1,1
27.125,-83.125,132,132,132,2,3
63.625,-75.875,132,132,132,1,1
43.875,-68.625,132,132,132,4,4
-65.125,147.625,132,132,132,1,1
76.375,37.875,132,132,132,2,2
43.875,-67.625,132,132,132,2,3
35.875,-74.625,132,132,132,4,5
-45.125,176.125,132,132,132,1,1
-43.375,148.625,132,132,132,2,2
63.875,-77.875,132,132,132,1,1
42.625,139.875,132,132,132,2,2
-28.875,153.625,132,132,132,13,13
62.375,-175.375,132,132,132,2,2
71.375,-97.375,132,132,132,2,2
38.625,-74.625,132,132,132,3,4
37.375,-122.875,132,132,132,1,1
65.375,7.625,132,132,132,2,2
-28.125,153.625,132,132,132,14,14
70.375,-137.625,132,132,132,1,1
-45.125,174.375,132,132,132,1,1
35.125,-74.875,131,131,131,3,3
20.375,-70.125,131,131,131,6,6
43.625,140.625,131,131,131,2,2
19.625,-67.125,131,131,131,5,6
-64.125,-61.625,131,131,131,7,9
-44.875,174.625,131,131,131,2,2
-33.875,151.375,131,131,131,14,14
55.875,-7.875,131,131,131,3,4
38.125,-73.875,131,131,131,5,6
20.375,-85.875,131,131,131,13,22
-43.875,176.375,131,131,131,2,2
58.875,-152.875,131,131,131,2,2
-25.125,153.875,131,131,131,11,11
10.375,-59.125,131,131,131,1,1
33.125,-118.375,131,131,131,6,8
73.125,-148.375,131,131,131,1,1
20.875,-83.625,131,131,131,13,20
47.625,-4.875,131,131,131,1,1
64.625,-168.125,131,131,131,5,7
47.625,-125.875,131,131,131,4,4
63.875,0.875,131,131,131,2,2
55.625,-155.875,131,131,131,3,3
-65.625,139.375,130,130,130,1,1
41.125,142.125,130,130,130,7,7
59.375,-62.875,130,130,130,1,1
18.875,-76.625,130,130,130,5,8
18.875,-76.375,130,130,130,5,8
73.375,-134.875,130,130,130,1,1
71.875,-148.375,130,130,130,1,1
71.125,15.875,130,130,130,3,3
-43.875,146.375,130,130,130,2,2
75.875,8.375,130,130,130,1,1
68.625,-103.625,130,130,130,2,2
38.375,-73.875,130,130,130,4,5
-39.125,146.375,130,130,130,13,13
61.625,-24.875,130,130,130,1,1
60.125,-145.875,130,130,128,2,2
-26.875,154.125,130,130,130,1,1
-67.375,-69.625,130,130,130,5,5
59.375,-62.625,130,130,130,1,1
63.875,-77.625,130,130,130,1,1
-44.375,151.125,130,130,130,2,2
32.875,-76.125,130,130,130,2,2
74.125,30.375,130,130,130,2,2
69.875,-83.375,130,130,130,1,1
-15.625,145.875,130,130,130,1,1
44.625,143.625,130,130,130,2,2
38.125,143.875,130,130,130,3,3
75.125,15.625,130,130,130,2,2
18.875,-64.625,130,130,130,7,10
-26.875,154.375,129,129,129,1,1
34.375,137.625,129,129,129,15,19
46.375,-124.625,129,129,129,2,2
55.875,-8.875,129,129,129,3,3
64.125,-165.625,129,129,129,3,3
74.875,16.625,129,129,129,2,2
-63.875,133.875,129,129,129,1,1
-70.375,-88.625,129,129,129,1,1
-64.375,114.875,129,129,129,1,1
66.375,10.875,129,129,129,3,3
74.125,23.875,129,129,129,2,2
40.375,143.375,129,129,129,2,2
-62.625,-56.125,129,129,129,2,2
-68.125,6.125,129,129,129,1,1
70.875,-90.625,129,129,129,1,1
-16.875,146.625,129,129,129,2,2
39.125,134.375,129,129,129,3,3
-39.125,147.625,129,129,129,15,15
40.375,-71.125,129,129,129,4,4
-24.625,113.375,129,129,129,1,1
-65.875,-66.625,129,129,129,5,5
38.625,-70.875,129,129,129,1,1
-74.125,-105.625,129,129,129,4,4
-74.375,-107.875,128,128,128,2,2
21.875,-76.375,128,128,128,1,1
24.625,-81.625,128,128,128,3,3
69.375,-117.625,128,128,128,3,3
70.125,20.375,128,128,128,4,4
48.125,-125.375,128,128,128,4,4
41.375,-70.875,128,128,128,5,7
72.125,-150.375,128,128,128,1,1
-43.125,174.125,128,128,128,2,2
-8.125,-34.375,128,128,128,1,2
-43.625,146.875,128,128,128,4,4
-5.375,153.875,128,128,128,11,11
44.375,-125.125,128,128,128,3,4
68.875,-104.625,128,128,128,2,2
-65.125,143.375,128,128,128,2,2
44.125,-66.875,128,128,128,2,2
58.375,-151.625,128,128,128,3,4
-68.125,77.375,128,128,128,2,2
74.125,24.125,128,128,128,1,1
-36.375,175.125,128,128,128,12,12
-38.875,147.375,128,128,128,14,14
74.625,18.625,128,128,128,1,1
19.125,-76.125,128,128,128,5,8
-46.375,170.625,128,128,128,1,1
-68.375,11.125,128,128,128,1,1
19.125,-68.875,128,128,128,7,7
63.875,-77.375,128,128,128,1,1
70.375,-138.125,128,128,128,1,1
64.875,-78.875,128,128,128,1,1
33.625,-122.625,128,128,128,1,1
71.875,16.875,128,128,128,3,4
70.375,-122.625,128,128,128,2,2
70.375,-89.625,128,128,128,1,1
-65.125,138.125,128,128,128,1,1
36.125,-122.125,128,128,128,2,2
54.125,-162.625,127,127,127,9,9
58.125,-149.375,127,127,127,2,2
20.375,-68.125,127,127,127,5,6
33.625,-12.875,127,127,127,3,3
60.875,0.125,127,127,127,2,2
-6.875,-32.625,127,127,127,4,6
70.125,-139.375,127,127,127,1,2
40.875,-67.125,127,127,127,2,2
67.125,4.125,127,127,127,2,2
56.375,-153.875,127,127,127,5,9
68.625,-103.875,127,127,127,2,2
41.125,-67.875,127,127,127,3,3
56.125,-7.375,127,127,127,4,4
56.125,-7.125,127,127,127,4,4
-9.375,-35.125,127,127,127,1,1
73.625,34.625,127,127,127,2,2
71.625,-130.125,127,127,127,2,2
40.375,-69.375,127,127,127,4,5
-58.875,-63.875,127,127,127,8,11
-6.625,154.625,127,127,127,12,12
68.625,-104.125,127,127,127,2,2
-6.375,-32.375,127,127,127,4,6
65.625,9.875,127,127,127,1,1
-68.875,6.125,127,127,127,1,1
55.125,175.125,127,127,127,1,1
55.875,-165.875,127,127,127,5,5
71.875,15.375,127,127,127,3,3
-65.375,111.625,127,127,127,1,1
27.125,-84.875,127,127,127,1,1
8.875,-54.125,127,127,127,1,1
55.875,-154.875,127,127,127,6,6
54.125,11.125,127,127,127,5,8
45.875,-128.625,127,127,127,5,6
54.875,-9.875,127,127,127,5,5
19.625,-74.625,127,127,127,6,9
-45.375,176.375,126,126,126,1,1
57.375,-151.625,126,126,126,3,4
71.125,-91.125,126,126,126,1,1
-23.125,110.125,126,126,126,1,1
41.625,-70.625,126,126,126,4,4
71.625,-130.875,126,126,126,2,2
-59.375,-62.625,126,126,126,5,5
20.625,-68.625,126,126,126,5,6
19.375,-64.625,126,126,126,10,20
19.875,-66.125,126,126,126,12,28
53.375,-161.125,126,126,126,1,1
76.375,-136.375,126,126,126,2,2
-13.375,122.625,126,126,126,2,2
-34.625,173.375,126,126,126,13,13
63.375,-74.875,126,126,126,1,1
41.375,-66.625,126,126,126,2,3
63.875,-76.875,126,126,126,1,1
70.375,-138.375,126,126,126,1,1
-38.375,150.625,126,126,126,14,14
34.125,-8.375,126,126,126,5,6
50.125,-4.375,126,126,126,2,2
-66.125,-67.125,126,126,126,4,4
40.125,-69.875,126,126,126,4,4
62.375,-72.375,126,126,126,1,1
43.375,-68.625,126,126,126,2,2
71.375,-161.375,125,125,125,2,3
-63.375,-55.625,125,125,125,1,1
70.875,-136.375,125,125,125,1,1
54.875,-172.125,125,125,125,1,1
51.375,-6.375,125,125,125,1,1
68.625,-102.875,125,125,125,2,2
47.375,-8.125,125,125,125,4,5
54.375,-166.125,125,125,125,6,7
41.875,5.875,125,125,125,1,1
58.875,-167.625,125,125,125,6,7
43.625,-69.375,125,125,125,3,3
32.625,140.125,125,125,125,14,16
19.125,-68.625,125,125,125,7,7
65.875,10.625,125,125,125,2,2
72.125,16.875,125,125,125,3,3
30.125,-88.875,125,125,125,1,1
71.625,-131.375,125,125,125,2,2
64.375,22.625,125,125,125,5,10
-14.125,145.125,125,125,125,1,1
64.125,-8.625,124,124,124,1,1
71.125,-91.375,124,124,124,1,1
-22.125,111.875,124,124,124,1,1
75.625,9.625,124,124,124,1,1
7.125,-54.375,124,124,124,1,1
-66.125,151.875,124,124,124,1,1
70.875,18.375,124,124,124,5,6
39.125,-73.125,124,124,124,4,4
26.625,-79.875,124,124,124,5,5
-22.625,154.125,124,124,124,11,11
68.625,-103.125,124,124,124,2,2
32.375,140.375,124,124,124,11,12
74.625,23.875,124,124,124,2,2
40.375,-72.875,124,124,124,3,4
-65.875,-68.375,124,124,124,3,3
62.625,-72.875,124,124,124,1,1
79.375,5.125,124,124,124,1,1
54.375,-166.625,124,124,124,4,5
34.375,137.875,124,124,124,16,22
46.125,-5.625,124,124,124,2,2
71.125,-135.375,124,124,124,1,1
23.625,-78.875,124,124,124,3,3
-38.875,147.625,124,124,124,14,14
38.375,-70.875,124,124,124,1,1
66.875,-164.875,124,124,124,1,1
62.125,-167.375,124,124,124,7,7
60.625,-64.625,124,124,124,1,1
39.875,135.375,124,124,124,1,1
-35.625,170.375,124,124,124,9,9
71.875,-94.125,124,124,124,1,1
62.375,-72.125,124,124,124,1,1
54.125,-163.375,124,124,124,10,10
44.125,141.375,124,124,124,2,2
-38.625,149.625,124,124,124,14,14
72.875,-130.625,124,124,124,1,1
58.125,-167.125,124,124,124,6,7
73.125,-135.625,124,124,124,1,1
52.125,-6.125,124,124,124,3,3
63.875,-76.625,124,124,124,1,1
20.625,-73.375,124,124,124,6,8
28.125,-86.625,124,124,124,1,1
63.125,7.625,124,124,124,1,1
71.125,-126.375,124,124,124,2,2
19.375,-80.125,124,124,124,6,8
71.875,-153.875,124,124,124,2,2
63.375,-75.125,124,124,124,1,1
58.375,-147.875,123,123,123,4,5
32.125,-77.125,123,123,123,1,1
71.375,17.875,123,123,123,4,6
-63.875,111.875,123,123,123,1,1
-64.125,-54.875,123,123,123,1,1
48.375,-11.625,123,123,123,2,2
54.875,14.125,123,123,123,17,19
42.375,-124.875,123,123,123,4,4
23.875,-80.875,123,123,123,11,19
37.375,-123.125,123,123,123,3,3
-33.875,151.625,123,123,123,14,14
50.375,-11.625,123,123,123,1,1
65.375,8.125,123,123,123,2,2
-39.375,-55.375,123,123,123,2,2
44.625,145.125,123,123,123,2,2
68.625,-103.375,123,123,123,2,2
-62.875,-61.625,123,123,123,4,4
40.125,-124.875,123,123,123,3,4
59.375,-146.375,123,123,123,2,2
40.125,-67.875,123,123,123,3,3
55.125,-158.125,123,123,123,5,5
18.875,-76.875,123,123,123,5,8
25.875,-77.125,123,123,123,12,22
56.125,-59.125,122,122,122,1,1
-65.125,117.625,122,122,122,1,1
29.625,-88.375,122,122,122,1,1
-68.125,77.625,122,122,122,2,2
36.125,-5.125,122,122,122,4,4
67.875,10.375,122,122,122,3,3
65.875,8.875,122,122,122,4,4
17.875,-63.125,122,122,122,9,13
71.375,-91.875,122,122,122,1,1
57.875,-12.125,122,122,122,2,2
71.625,-131.125,122,122,122,2,2
71.625,-131.625,122,122,122,2,2
20.375,-73.625,122,122,122,10,17
64.375,-168.125,122,122,122,6,8
19.375,-87.375,122,122,122,12,22
19.875,-73.625,122,122,122,7,10
51.375,-12.375,122,122,122,2,2
-13.375,-38.125,122,122,122,1,1
31.875,127.875,122,122,122,2,2
-45.625,149.625,122,122,122,5,5
-44.875,149.375,122,122,122,2,2
71.375,-129.125,122,122,122,2,2
70.625,-137.375,122,122,122,1,1
-0.875,151.625,122,122,122,12,16
44.375,141.375,122,122,122,2,2
46.625,-3.125,122,122,122,2,2
40.875,-68.625,121,121,121,3,3
53.875,-166.375,121,121,121,3,3
33.125,-118.625,121,121,121,6,7
51.125,-12.125,121,121,121,2,2
-10.875,130.125,121,121,121,2,2
71.625,-161.625,121,121,121,4,5
39.125,-72.375,121,121,121,5,5
-63.375,125.875,121,121,121,1,1
31.125,131.625,121,121,121,6,6
56.125,-154.875,121,121,121,5,8
39.625,-71.875,121,121,121,2,3
-7.375,-34.125,121,121,121,1,2
29.875,-12.125,121,121,121,5,6
-64.875,139.125,121,121,121,1,1
-31.125,114.875,121,121,121,1,1
-33.875,169.375,121,121,121,9,9
-34.375,172.625,121,121,121,13,13
-38.375,148.625,121,121,121,12,12
-45.875,143.375,121,121,121,3,3
-44.125,145.625,121,121,121,2,2
71.625,17.125,121,121,121,4,5
68.625,-109.625,121,121,121,2,2
7.375,-51.625,121,121,121,1,1
43.875,-9.125,121,121,121,3,3
57.875,-151.125,121,121,121,4,5
-44.375,148.875,121,121,121,2,2
-35.375,18.375,121,121,121,2,2
18.875,-78.375,121,121,121,5,7
49.875,-11.125,121,121,121,2,2
-63.125,-60.875,121,121,121,2,2
39.125,-71.875,121,121,121,1,1
38.875,134.875,121,121,121,2,2
51.375,-10.875,120,120,120,6,6
-65.125,144.625,120,120,120,2,3
40.125,-72.125,120,120,120,4,4
25.375,-77.875,120,120,120,1,1
71.375,19.375,120,120,120,3,3
-44.125,177.375,120,120,120,1,1
60.125,-146.375,120,120,120,3,3
51.875,3.375,120,120,120,2,2
21.375,-69.625,120,120,120,6,7
72.375,28.625,120,120,120,2,2
20.875,-70.375,120,120,120,6,6
-32.125,152.875,120,120,120,13,13
35.125,139.375,120,120,120,7,8
69.875,-98.625,120,120,120,1,1
57.375,-144.125,120,120,120,3,3
53.875,-160.375,120,120,120,1,1
57.125,-152.125,120,120,120,4,4
-59.875,-62.375,120,120,120,5,5
27.375,-84.875,120,120,120,1,1
-62.625,-61.875,120,120,120,6,6
-39.125,178.125,119,119,119,11,12
72.625,-134.625,119,119,119,2,2
72.625,-135.375,119,119,119,2,2
-5.375,153.375,119,119,119,10,10
51.125,1.375,119,119,119,2,2
76.625,-136.125,119,119,119,2,2
58.375,-167.375,119,119,119,6,8
-44.375,176.625,119,119,119,2,2
-58.375,-63.125,119,119,119,5,5
-9.125,-34.875,119,119,119,1,2
60.875,2.375,119,119,119,2,2
34.375,138.625,119,119,119,14,20
41.625,18.125,119,119,119,2,2
-5.125,-31.875,119,119,119,4,5
68.125,10.125,119,119,119,2,2
29.125,-88.125,119,119,119,1,1
44.375,144.125,119,119,119,2,2
71.375,-128.625,119,119,119,2,2
-63.125,-58.625,119,119,119,2,2
-68.875,5.625,119,119,119,1,1
-66.375,145.375,119,119,119,2,2
48.125,-123.125,119,119,119,6,7
73.375,-147.625,119,119,119,2,2
53.625,-167.375,119,119,119,1,1
64.625,0.125,119,119,119,2,2
12.125,-58.125,119,119,119,1,1
44.125,-67.875,119,119,119,4,4
-56.125,-64.375,119,119,119,5,5
75.875,-7.125,119,119,119,1,1
33.625,134.875,119,119,119,10,10
-65.125,151.875,119,119,119,1,1
65.125,-168.375,119,119,119,7,8
46.375,-124.875,119,119,119,4,4
52.125,-138.125,119,119,119,2,2
42.625,-67.625,119,119,119,3,3
63.125,-74.125,118,118,118,1,1
-36.125,170.625,118,118,118,8,8
66.375,11.875,118,118,118,3,3
71.375,-92.125,118,118,118,1,1
-66.375,144.625,118,118,118,2,2
-52.625,-55.125,118,118,118,1,1
-25.625,153.625,118,118,118,10,10
-34.625,171.625,118,118,118,13,13
55.375,-57.375,118,118,118,1,1
44.875,-124.625,118,118,118,7,8
70.875,-136.125,118,118,118,1,1
70.625,-161.875,118,118,118,3,3
-43.125,173.375,118,118,118,10,11
-65.875,139.875,118,118,118,1,1
58.625,-152.625,118,118,118,3,4
71.625,-154.875,118,118,118,4,4
64.125,-167.875,118,118,118,5,8
17.875,-87.375,118,118,118,5,6
38.125,-123.875,118,118,118,4,5
-66.125,142.125,118,118,118,2,2
56.375,-8.125,118,118,118,3,3
74.625,17.125,118,118,118,2,2
-65.875,142.625,118,118,118,2,2
46.875,-8.375,118,118,118,3,3
-44.375,175.125,118,118,118,2,2
71.625,23.125,118,118,118,2,2
-49.875,169.375,118,118,118,1,1
-64.875,139.375,118,118,118,1,1
42.125,6.125,118,118,118,1,1
54.125,-55.625,117,117,117,1,1
70.375,-161.875,117,117,117,2,2
19.875,-74.125,117,117,117,7,8
43.375,-68.875,117,117,117,3,3
-64.125,136.375,117,117,117,1,1
-4.875,153.625,117,117,117,11,11
29.125,-87.125,117,117,117,3,3
40.625,-69.125,117,117,117,5,7
43.375,-69.375,117,117,117,3,3
17.375,-62.625,117,117,117,7,8
69.625,7.375,117,117,117,1,1
41.625,-125.125,117,117,117,3,3
-46.625,167.625,117,117,117,2,2
71.625,-130.625,117,117,117,2,2
-38.125,152.875,117,117,117,14,14
53.375,-54.875,117,117,117,1,1
-19.875,118.375,117,117,117,1,1
-24.625,153.625,117,117,117,6,6
39.125,143.125,117,117,117,2,2
-34.375,172.875,117,117,117,13,13
60.375,-64.375,117,117,117,1,1
54.875,-56.625,117,117,117,1,1
60.625,-168.125,117,117,117,5,5
6.375,-51.625,117,117,117,3,6
71.625,16.375,117,117,117,1,1
-5.875,154.125,117,117,117,14,14
67.875,9.875,117,117,117,2,2
35.125,-7.125,117,117,117,5,6
57.875,-9.625,117,117,117,2,2
50.875,-8.125,117,117,117,2,2
49.875,-5.375,116,116,116,2,2
18.625,-67.125,116,116,116,5,8
56.875,-59.875,116,116,116,1,1
-52.875,-67.625,116,116,116,10,11
35.625,-122.125,116,116,116,4,4
63.625,-75.625,116,116,116,1,1
19.625,-81.125,116,116,116,6,9
28.875,-87.375,116,116,116,3,3
-11.375,-36.625,116,116,116,1,1
57.375,-9.375,116,116,116,3,4
69.375,15.625,116,116,116,2,3
9.125,-85.625,116,116,116,9,11
26.875,-82.625,116,116,116,4,4
58.875,-151.625,116,116,116,6,6
63.125,-74.625,116,116,116,1,1
53.625,-155.375,116,116,116,1,1
-44.875,143.625,116,116,116,3,3
-64.625,144.375,116,116,116,2,2
26.625,-84.625,116,116,116,1,1
-38.125,152.625,116,116,116,14,14
54.125,-162.875,116,116,116,10,10
-61.125,-61.625,116,116,116,5,5
8.625,-84.875,116,116,116,9,11
37.125,-122.875,116,116,116,1,1
-24.875,153.625,116,116,116,6,6
54.125,-162.375,116,116,116,8,8
69.625,-118.375,116,116,116,3,3
41.125,-67.125,116,116,116,2,2
55.375,-158.875,116,116,116,5,5
57.875,-6.375,116,116,116,2,2
-37.125,177.625,116,116,116,14,14
46.625,-7.375,116,116,116,3,4
62.625,-73.125,116,116,116,1,1
53.125,-15.125,116,116,116,4,4
31.625,-79.125,116,116,116,1,1
-13.375,122.875,116,116,116,2,2
35.625,-72.875,115,115,115,1,1
45.875,-6.125,115,115,115,1,1
62.125,-175.625,115,115,115,2,2
-40.875,173.125,115,115,115,8,8
78.875,3.375,115,115,115,1,1
-35.125,169.125,115,115,115,12,12
-36.375,150.375,115,115,115,15,15
-39.625,177.875,115,115,115,13,14
-65.625,120.125,115,115,115,1,1
-25.375,153.875,115,115,115,4,4
-46.625,170.375,115,115,115,2,2
74.875,18.375,115,115,115,1,1
41.875,-67.625,115,115,115,3,4
69.625,-118.125,115,115,115,3,3
35.125,139.875,115,115,115,11,11
38.125,-73.375,115,115,115,3,3
-44.625,176.375,115,115,115,1,1
52.375,-11.375,115,115,115,1,1
36.625,-75.125,115,115,115,5,5
-10.875,-36.125,115,115,115,1,2
-38.625,178.875,115,115,115,2,2
33.375,-9.125,115,115,115,5,6
20.625,-65.875,115,115,115,1,1
-64.125,143.625,115,115,115,1,1
75.625,31.125,115,115,115,1,1
-72.625,-104.125,115,115,115,2,2
-53.875,-66.375,115,115,115,9,15
62.875,-167.375,115,115,115,5,6
43.125,6.625,115,115,115,1,1
18.625,-86.875,115,115,115,5,6
78.375,0.625,115,115,115,1,1
38.375,144.375,114,114,114,1,1
28.625,-87.875,114,114,114,2,2
41.375,-69.625,114,114,114,3,3
16.625,-86.625,114,114,114,4,5
64.875,-79.125,114,114,114,1,1
-66.125,152.375,114,114,114,1,1
70.375,20.375,114,114,114,6,6
80.375,30.375,114,114,114,1,1
34.375,138.875,114,114,114,13,19
-48.875,167.125,114,114,114,1,1
-35.875,170.375,114,114,114,9,9
69.875,-99.125,114,114,114,1,1
-10.875,131.125,114,114,114,2,2
-66.375,-67.625,114,114,114,5,5
69.875,-84.125,114,114,114,1,1
45.125,-9.625,114,114,114,1,1
-39.625,178.125,114,114,114,1,1
19.375,-86.875,114,114,114,9,14
-45.875,149.875,114,114,114,5,5
-44.125,173.125,114,114,114,2,2
32.625,-76.375,114,114,114,2,2
21.125,-70.375,114,114,114,6,6
58.875,20.625,114,114,114,15,15
18.375,-86.875,114,114,114,5,6
-44.125,176.125,114,114,114,1,1
-62.875,-61.375,114,114,114,3,3
-68.625,-67.625,113,113,113,1,1
41.625,-68.625,113,113,113,3,3
-72.375,-103.875,113,113,113,2,2
40.125,1.125,113,113,113,1,1
71.375,-129.375,113,113,113,2,2
72.875,-161.125,113,113,113,3,3
78.875,8.875,113,113,113,1,1
-66.375,-66.625,113,113,113,3,3
19.875,-67.375,113,113,113,5,6
-28.125,154.625,113,113,113,1,1
74.625,17.375,113,113,113,2,2
79.625,9.375,113,113,113,1,1
77.625,30.375,113,113,113,1,1
46.625,-124.625,113,113,113,2,2
75.625,9.375,113,113,113,1,1
41.375,-124.875,113,113,113,2,2
59.625,-144.625,113,113,113,3,3
59.625,-147.875,113,113,113,1,1
41.375,-68.125,113,113,113,1,2
-34.125,169.375,113,113,113,8,8
26.875,-84.125,113,113,113,1,1
60.875,2.125,113,113,113,2,2
67.625,-168.875,113,113,113,4,4
74.125,-135.125,113,113,113,2,2
61.375,-25.125,113,113,113,1,1
55.375,-155.875,113,113,113,4,4
-65.125,-64.875,113,113,113,4,4
50.125,-8.875,113,113,113,1,1
65.875,8.125,113,113,113,2,2
19.625,-69.875,113,113,113,9,12
69.375,13.875,113,113,113,4,4
-48.625,169.875,113,113,113,1,1
30.625,-13.875,113,113,113,1,1
47.875,-7.625,113,113,113,3,3
21.625,-70.875,112,112,112,6,6
52.125,3.625,112,112,112,1,1
26.625,-84.375,112,112,112,1,1
35.875,-6.125,112,112,112,5,6
39.875,145.125,112,112,112,2,3
58.375,-138.625,112,112,112,1,1
-66.125,-67.625,112,112,112,4,5
67.875,10.125,112,112,112,3,3
69.875,-83.875,112,112,112,1,1
39.375,-10.875,112,112,112,1,1
-34.875,170.125,112,112,112,10,11
-74.125,-105.375,112,112,112,4,4
20.375,-86.625,112,112,112,12,19
45.875,-8.875,112,112,112,1,1
54.375,-165.875,112,112,112,6,6
-7.375,-32.875,112,112,112,4,5
-9.875,144.625,112,112,112,2,2
59.625,-168.125,112,112,112,6,6
71.125,-161.375,112,112,112,3,4
45.125,145.125,112,112,112,2,2
-5.625,153.625,112,112,112,13,13
-63.625,-57.125,112,112,112,1,1
71.125,-128.125,112,112,112,2,2
37.625,-122.875,112,112,112,6,6
17.875,-64.875,112,112,112,6,9
34.625,139.375,112,112,112,14,18
70.125,-139.125,112,112,112,1,1
68.375,-167.625,112,112,112,4,4
63.875,-76.375,112,112,112,1,1
-44.625,143.875,112,112,112,3,3
31.375,136.125,112,112,112,11,12
56.125,-157.125,112,112,112,5,5
62.875,-73.875,112,112,112,1,1
71.125,10.875,112,112,112,2,2
62.875,-73.625,112,112,112,1,1
7.625,-52.125,112,112,112,1,1
28.125,-86.875,112,112,112,1,1
-11.375,-36.375,112,112,112,1,2
40.125,-124.625,112,112,112,1,1
-65.875,-66.375,112,112,112,5,5
50.125,-3.125,112,112,112,3,3
-43.625,176.375,112,112,112,2,2
-38.875,-56.125,112,112,112,2,2
68.375,10.875,111,111,111,3,4
76.375,26.125,111,111,111,2,2
56.125,-9.375,111,111,111,2,2
-57.625,-63.625,111,111,111,5,5
45.625,142.375,111,111,111,1,1
46.375,-2.625,111,111,111,3,3
50.875,-13.125,111,111,111,2,2
-42.625,177.375,111,111,111,2,2
39.625,143.625,111,111,111,1,1
32.625,135.125,111,111,111,6,6
-44.375,145.125,111,111,111,2,2
41.125,-70.125,111,111,111,2,2
67.625,-168.375,111,111,111,5,8
28.625,-93.375,111,111,111,1,1
19.875,-73.875,111,111,111,7,11
33.875,-120.625,111,111,111,3,5
31.625,-77.125,111,111,111,1,1
22.375,-71.875,111,111,111,6,6
-23.375,154.125,111,111,111,10,10
70.875,-163.125,111,111,111,5,7
36.125,-75.375,111,111,111,4,4
-73.875,-108.125,111,111,111,1,1
41.875,-68.625,111,111,111,3,3
-66.375,143.125,111,111,111,1,1
60.625,-0.625,111,111,111,2,2
47.125,-125.375,111,111,111,3,4
-41.125,176.375,111,111,111,13,15
56.625,-153.625,111,111,111,5,5
-62.875,-51.375,111,111,111,1,1
56.625,-136.125,111,111,111,1,1
23.125,-79.125,111,111,111,6,11
-43.125,148.625,111,111,111,1,1
59.875,-168.125,111,111,111,6,6
43.375,140.125,111,111,111,2,2
27.625,-13.875,111,111,111,6,7
72.125,-155.875,110,110,110,3,4
70.375,-138.625,110,110,110,1,1
48.125,-7.875,110,110,110,2,2
69.875,-83.625,110,110,110,1,1
-42.125,174.625,110,110,110,3,3
46.125,-124.875,110,110,110,5,5
71.125,-164.125,110,110,110,4,6
70.375,-89.375,110,110,110,1,1
37.875,-123.625,110,110,110,4,4
67.125,3.875,110,110,110,2,2
34.625,-75.375,110,110,110,4,4
44.125,-67.375,110,110,110,3,3
70.125,-88.875,110,110,110,1,1
70.125,-98.125,110,110,110,1,1
40.125,-71.625,110,110,110,2,3
29.125,-86.875,110,110,110,2,3
44.375,-9.625,110,110,110,2,2
48.625,-125.625,110,110,110,5,6
6.875,-54.375,110,110,110,1,1
-66.875,63.125,110,110,110,1,1
71.375,-128.375,110,110,110,2,2
18.125,-86.875,110,110,110,5,6
-65.125,117.875,110,110,110,2,2
40.375,142.625,110,110,110,2,2
43.125,-67.625,110,110,110,2,3
-13.375,-35.875,110,110,110,4,5
43.125,-66.625,110,110,110,1,1
41.875,-66.375,110,110,110,2,2
17.875,-86.875,110,110,110,5,6
-13.875,121.375,110,110,110,2,2
66.625,-9.875,110,110,110,1,1
6.875,-81.375,110,110,110,8,9
52.125,-5.875,110,110,110,3,3
66.625,10.125,110,110,110,2,2
23.875,-73.875,110,110,110,12,18
42.375,-125.125,110,110,110,3,3
76.625,-136.625,110,110,110,1,1
28.625,-87.375,110,110,110,2,3
60.375,18.875,109,109,109,4,6
32.875,-9.625,109,109,109,5,6
-63.875,-57.125,109,109,109,1,1
46.125,-125.375,109,109,109,5,7
70.625,14.875,109,109,109,2,2
-5.125,-32.875,109,109,109,1,2
46.375,-124.375,109,109,109,3,3
41.125,143.875,109,109,109,1,1
-7.125,-33.875,109,109,109,1,2
-64.375,136.375,109,109,109,1,1
8.375,-52.625,109,109,109,1,1
73.375,-143.125,109,109,109,1,1
-56.625,-64.125,109,109,109,5,5
-37.875,154.125,109,109,109,12,12
-12.625,127.875,109,109,109,2,2
51.875,3.875,109,109,109,1,1
-25.125,153.625,109,109,109,5,5
40.625,-68.125,109,109,109,5,5
68.375,-113.125,109,109,109,2,2
68.375,-168.375,109,109,109,6,8
51.375,1.375,109,109,109,1,1
68.125,-167.375,109,109,109,4,4
-13.375,123.875,109,109,109,2,2
51.375,-10.625,109,109,109,5,5
53.375,-168.625,109,109,109,2,3
59.125,-150.125,109,109,109,3,3
40.125,-71.875,109,109,109,3,3
40.875,143.875,109,109,109,3,3
20.875,-74.875,109,109,109,7,9
39.625,-73.625,109,109,109,8,9
-35.375,174.875,109,109,109,9,9
60.875,-65.625,109,109,109,1,1
-34.875,170.375,109,109,109,11,11
45.625,-8.375,109,109,109,2,2
-7.625,153.875,109,109,109,15,15
-66.625,-72.375,108,108,108,1,2
45.125,144.375,108,108,108,2,2
70.375,-89.125,108,108,108,1,1
-58.125,-64.125,108,108,108,8,11
9.375,-86.125,108,108,108,8,8
-64.375,-66.125,108,108,108,3,3
28.625,-13.125,108,108,108,5,6
76.375,-136.125,108,108,108,2,2
78.875,6.875,108,108,108,2,2
-60.125,-62.125,108,108,108,5,5
-68.375,11.625,108,108,108,1,1
50.625,-13.875,108,108,108,3,3
-73.125,-104.375,108,108,108,2,2
70.125,-88.125,108,108,108,1,1
70.125,-88.375,108,108,108,1,1
59.625,-142.875,108,108,108,1,1
79.125,5.875,108,108,108,3,3
54.625,-159.125,108,108,108,5,5
69.875,-87.125,108,108,108,1,1
69.875,-87.375,108,108,108,1,1
45.625,-10.125,108,108,108,2,2
70.125,-88.625,108,108,108,1,1
46.375,-5.125,108,108,108,1,1
-74.125,-107.125,108,108,108,3,3
-64.375,145.625,108,108,108,1,1
-7.125,154.875,108,108,108,12,12
57.375,-151.125,108,108,108,3,4
-34.625,18.375,108,108,108,3,3
56.125,-156.125,108,108,108,5,6
63.875,1.125,108,108,108,2,2
44.375,-67.875,107,107,107,3,3
68.375,-110.625,107,107,107,2,2
-64.625,78.125,107,107,107,2,2
33.125,-75.875,107,107,107,2,2
50.375,-14.375,107,107,107,2,2
71.125,30.625,107,107,107,2,2
-62.875,136.375,107,107,107,1,1
42.125,-69.625,107,107,107,3,3
45.875,-10.125,107,107,107,1,1
-42.875,179.125,107,107,107,1,1
-39.875,177.875,107,107,107,2,2
70.875,19.875,107,107,107,2,2
-63.875,-55.125,107,107,107,1,1
18.875,-68.375,107,107,107,5,6
72.125,-148.375,107,107,107,2,2
72.875,14.875,107,107,107,4,4
50.125,-12.125,107,107,107,2,2
-45.875,176.375,107,107,107,1,1
8.625,-53.875,107,107,107,1,1
43.875,-124.625,107,107,107,2,3
46.625,-125.125,107,107,107,2,2
-64.875,125.625,107,107,107,1,1
76.375,33.625,107,107,107,3,3
45.625,142.625,107,107,107,1,1
39.625,143.375,107,107,107,3,3
66.875,6.375,107,107,107,1,1
-54.625,-65.125,107,107,107,9,14
71.625,-130.375,107,107,107,2,2
-45.125,142.625,107,107,107,3,3
-64.375,-55.875,107,107,107,1,1
31.625,-10.375,107,107,107,1,1
44.375,-66.875,107,107,107,2,2
73.625,28.375,106,106,106,1,1
54.125,-162.125,106,106,106,7,7
58.625,18.875,106,106,106,5,7
-71.625,-102.875,106,106,106,1,1
59.125,-152.875,106,106,106,2,2
-44.125,148.125,106,106,106,3,3
-65.125,-66.625,106,106,106,1,1
38.625,-124.125,106,106,106,3,5
-44.625,144.375,106,106,106,3,3
24.875,-77.625,106,106,106,1,1
59.625,-148.625,106,106,106,2,2
6.625,-53.875,106,106,106,1,1
56.625,-8.375,106,106,106,3,3
7.375,-79.625,106,106,106,5,5
35.125,-11.375,106,106,106,1,1
40.625,4.125,106,106,106,2,2
-11.125,129.875,106,106,106,2,2
-11.625,47.125,106,106,106,1,1
38.125,0.125,106,106,106,2,2
41.875,-67.375,106,106,106,3,3
-65.625,149.625,106,106,106,1,1
47.625,-7.125,106,106,106,1,1
71.125,21.125,106,106,106,4,4
72.125,-148.875,106,106,106,2,2
35.125,131.375,106,106,106,2,2
35.125,-121.625,106,106,106,2,2
74.625,-137.375,106,106,106,2,2
-43.875,177.875,106,106,106,1,1
-52.375,-67.375,106,106,106,1,1
-43.125,174.625,106,106,106,2,2
39.875,0.875,106,106,106,1,1
79.125,8.625,106,106,106,1,1
68.875,-107.375,106,106,106,2,2
68.875,-114.625,106,106,106,3,3
55.875,-157.125,106,106,106,4,4
71.625,-92.625,106,106,106,1,1
40.375,-72.125,106,106,106,5,5
45.875,-124.625,105,105,105,7,7
40.625,142.875,105,105,105,2,2
-66.625,-69.375,105,105,105,2,2
71.875,20.125,105,105,105,2,2
68.625,-109.875,105,105,105,2,2
18.875,-86.875,105,105,105,5,7
72.375,30.375,105,105,105,2,2
68.375,-112.875,105,105,105,2,2
28.875,-87.625,105,105,105,3,3
25.875,-83.125,105,105,105,2,2
70.875,-149.625,105,105,105,2,2
45.125,-125.625,105,105,105,4,5
19.125,-65.625,105,105,105,2,3
33.875,-8.625,105,105,105,5,6
41.625,-70.875,105,105,105,4,4
-10.875,130.375,105,105,105,2,2
19.375,-106.125,105,105,105,8,10
77.125,31.125,105,105,105,1,1
45.125,143.625,105,105,105,2,2
56.625,-153.125,105,105,105,4,5
-38.375,150.875,105,105,105,10,10
35.625,141.125,105,105,104,10,13
-65.375,110.125,105,105,105,1,1
66.875,8.125,105,105,105,2,2
53.125,-11.375,105,105,105,5,5
33.625,137.125,105,105,105,7,8
71.125,22.625,105,105,105,4,4
54.625,-9.625,105,105,105,3,3
6.625,-53.375,105,105,105,1,1
6.125,-51.875,105,105,105,3,6
42.625,138.125,105,105,105,3,3
73.125,-144.125,105,105,105,1,1
60.125,-146.125,105,105,91,3,3
72.375,-146.375,105,105,105,1,1
54.625,-10.625,105,105,105,2,2
53.125,-15.375,105,105,105,3,3
61.375,-167.625,105,105,105,7,8
76.625,-136.875,105,105,105,1,1
38.875,-10.125,105,105,105,2,2
-14.375,-36.375,104,104,104,4,5
-24.375,153.875,104,104,104,8,8
70.875,20.875,104,104,104,5,5
-44.375,144.625,104,104,104,3,3
32.875,-117.875,104,104,104,3,4
-39.875,172.875,104,104,104,11,11
54.125,-11.125,104,104,104,2,2
43.375,-70.125,104,104,104,3,3
70.875,15.625,104,104,104,1,1
41.125,143.375,104,104,104,1,2
20.125,-67.625,104,104,104,7,8
54.375,-166.375,104,104,104,4,5
-12.875,126.375,104,104,104,2,2
45.625,-8.625,104,104,104,1,1
55.875,-58.625,104,104,104,1,1
-37.125,150.125,104,104,104,10,10
17.875,-65.125,104,104,104,3,3
47.375,-3.375,104,104,104,2,2
72.375,-145.625,104,104,104,1,1
-43.875,177.125,104,104,104,1,1
56.375,-7.375,104,104,104,3,4
27.875,-13.625,104,104,104,6,6
68.375,-112.625,104,104,104,2,2
72.875,-149.875,104,104,104,1,1
-67.125,-74.375,104,104,104,1,1
-23.125,154.125,104,104,104,11,11
59.875,-144.875,104,104,104,3,3
42.625,-11.875,104,104,104,1,1
-68.875,-77.125,104,104,104,1,1
68.375,-111.125,104,104,104,2,2
-40.625,173.125,104,104,104,8,8
68.625,-109.125,104,104,104,2,2
-49.375,166.375,104,104,104,1,1
71.125,18.125,104,104,104,3,3
35.375,-11.375,104,104,104,2,2
-40.625,177.875,104,104,104,1,1
39.875,-69.875,104,104,104,3,3
75.125,9.375,104,104,104,1,1
70.125,-87.875,104,104,104,1,1
74.625,30.375,104,104,104,2,2
71.625,-92.875,104,104,104,1,1
41.625,-67.875,103,103,103,2,2
-12.875,127.125,103,103,103,2,2
74.625,19.125,103,103,103,1,1
42.875,-69.125,103,103,103,2,2
48.125,-126.125,103,103,103,3,3
57.375,-8.875,103,103,103,3,4
75.875,32.625,103,103,103,2,2
-44.375,177.375,103,103,103,1,1
55.375,-132.125,103,103,103,8,8
41.125,4.625,103,103,103,2,2
-10.375,-35.625,103,103,103,1,2
74.875,12.875,103,103,103,2,2
6.875,-80.125,103,103,103,6,6
72.375,-145.875,103,103,103,1,1
-60.625,-61.875,103,103,103,5,5
49.875,-1.875,103,103,103,6,6
48.375,-10.875,103,103,103,2,2
-22.875,112.125,103,103,103,1,1
42.375,-67.875,103,103,103,2,2
40.125,145.125,103,103,103,3,5
19.125,-105.875,103,103,103,8,10
34.625,-7.625,103,103,103,5,6
74.625,-135.625,103,103,103,2,2
-37.125,171.125,103,103,103,9,9
60.625,2.875,103,103,103,2,2
-63.375,133.875,103,103,103,1,1
38.625,-10.625,103,103,103,1,1
72.375,-146.125,103,103,103,1,1
35.625,131.875,103,103,103,2,2
76.625,25.125,103,103,103,1,1
65.125,10.375,103,103,103,1,1
-66.375,143.375,103,103,103,1,1
26.625,-17.125,103,103,103,2,2
8.375,-53.625,103,103,103,1,1
8.125,-52.875,103,103,103,1,1
28.625,-85.375,103,103,103,2,3
68.875,-107.625,103,103,103,2,2
22.625,-78.625,103,103,103,11,24
48.375,-125.875,103,103,103,5,6
-66.125,147.375,103,103,103,2,2
70.875,18.625,103,103,103,4,5
-65.375,139.625,103,103,103,1,1
-64.625,140.125,102,102,102,1,1
69.625,-117.625,102,102,102,2,2
-6.125,154.375,102,102,102,12,12
8.875,-85.375,102,102,102,7,9
-42.625,174.625,102,102,102,2,2
12.875,-59.125,102,102,102,1,2
35.375,131.625,102,102,102,2,2
-11.125,136.875,102,102,102,1,1
54.375,-55.875,102,102,102,1,1
44.875,-58.125,102,102,102,3,3
73.875,-134.875,102,102,102,2,2
-35.875,150.625,102,102,102,14,14
55.625,-166.875,102,102,102,4,5
-43.375,174.625,102,102,102,2,2
61.625,-25.125,102,102,102,1,1
68.875,-101.375,102,102,102,2,2
-12.375,-37.125,102,102,102,1,2
-12.875,-37.625,102,102,102,1,1
-12.375,-35.375,102,102,102,4,5
-68.375,10.125,102,102,102,1,1
7.375,-82.625,102,102,102,8,10
-12.125,-37.125,102,102,102,1,2
-65.625,143.875,102,102,102,1,1
53.625,-155.625,102,102,102,1,1
65.875,3.375,102,102,102,1,1
71.875,-93.375,102,102,102,1,1
27.375,-83.375,102,102,102,3,3
69.875,-86.625,102,102,102,1,1
-42.875,174.125,102,102,102,6,6
43.875,-7.625,102,102,102,1,1
42.375,-68.625,102,102,102,2,2
33.125,141.875,102,102,102,7,10
-57.875,-63.375,102,102,102,6,6
32.625,-117.625,102,102,102,4,6
69.625,-81.625,102,102,102,1,1
45.875,-5.875,102,102,102,1,1
65.625,5.125,102,102,102,1,1
26.875,-16.625,102,102,102,2,2
68.875,-101.875,102,102,102,2,2
28.625,-87.625,102,102,102,1,2
74.625,-136.625,102,102,102,2,2
76.125,-8.125,102,102,102,1,1
69.625,-82.375,102,102,102,1,1
-44.625,146.125,102,102,102,3,3
41.625,5.375,102,102,102,1,1
68.875,-107.125,102,102,102,2,2
68.875,-107.875,102,102,102,2,2
57.375,-150.125,102,102,102,3,4
11.375,-57.625,102,102,102,1,1
73.625,-145.125,101,101,101,2,2
-32.625,152.625,101,101,101,11,11
76.375,-136.875,101,101,101,2,2
37.375,-74.625,101,101,101,3,3
74.625,-136.375,101,101,101,2,2
67.875,-168.625,101,101,101,7,7
-7.375,154.875,101,101,101,10,10
-34.375,18.125,101,101,101,2,3
56.375,-153.375,101,101,101,3,6
-57.375,-64.375,101,101,101,10,11
69.375,11.375,101,101,101,1,1
76.625,-137.375,101,101,101,1,1
-67.625,-73.375,101,101,101,2,2
63.625,20.875,101,101,101,4,7
51.125,-8.375,101,101,101,2,2
21.125,-75.625,101,101,101,6,7
-64.875,115.875,101,101,101,2,2
55.125,-153.875,101,101,101,3,3
-45.625,149.375,101,101,101,1,1
-71.125,-103.375,101,101,101,2,2
-22.625,112.125,101,101,101,1,1
60.375,-146.875,101,101,101,3,4
71.375,-128.125,101,101,101,2,2
68.375,-111.625,101,101,101,2,2
43.375,-9.375,101,101,101,2,2
-12.625,128.625,101,101,101,2,2
-27.375,155.375,101,101,101,1,1
68.375,-112.375,101,101,101,2,2
44.125,-9.125,101,101,101,2,2
69.125,14.625,101,101,101,4,5
63.875,5.375,101,101,101,1,1
49.875,-1.625,101,101,101,5,5
-12.625,128.125,101,101,101,2,2
21.125,-74.625,101,101,101,9,16
33.375,128.375,101,101,101,1,1
79.125,7.375,101,101,101,1,1
43.625,-9.375,101,101,101,2,2
59.375,-147.875,101,101,101,2,2
68.375,-112.125,101,101,101,2,2
11.875,-68.375,100,100,100,2,2
77.625,31.125,100,100,100,1,1
38.375,0.125,100,100,100,1,1
34.625,-75.875,100,100,100,3,3
63.875,21.375,100,100,100,4,9
-65.875,150.125,100,100,100,2,2
69.625,-81.875,100,100,100,1,1
-42.375,174.875,100,100,100,1,1
7.375,-79.875,100,100,100,9,9
-44.875,175.125,100,100,100,1,1
39.375,142.875,100,100,100,1,1
-61.375,-61.375,100,100,100,4,4
77.625,7.625,100,100,100,1,1
71.125,-128.375,100,100,100,1,1
36.125,141.375,100,100,100,5,5
-45.125,171.375,100,100,100,1,1
-66.375,145.625,100,100,100,2,2
-65.375,112.375,100,100,100,1,1
43.875,141.125,100,100,100,2,2
68.875,-105.875,100,100,100,1,1
-48.625,168.625,100,100,100,1,1
-73.625,-103.875,100,100,100,3,3
68.375,-111.375,100,100,100,2,2
56.125,-153.375,100,100,100,1,1
40.625,-72.375,100,100,100,3,4
71.375,21.375,100,100,100,2,2
63.375,20.375,100,100,100,4,7
64.875,23.375,100,100,100,5,8
-43.125,175.125,100,100,100,1,1
19.625,-68.375,100,100,100,4,6
43.875,140.875,100,100,100,2,2
-45.125,176.375,100,100,100,1,1
41.875,141.125,100,100,100,1,1
-45.125,175.125,100,100,100,1,1
-42.875,-179.875,100,100,100,1,1
55.625,-158.375,100,100,100,4,4
69.875,-86.375,100,100,100,1,1
24.625,-83.375,100,100,100,1,1
-38.875,172.125,100,100,100,10,10
32.375,-10.125,100,100,100,5,6
68.625,-109.375,100,100,100,2,2
51.125,-7.625,100,100,100,2,2
21.125,-69.125,100,100,100,6,7
38.875,-74.875,99,99,99,4,4
32.875,135.125,99,99,99,6,6
46.875,-2.875,99,99,99,1,1
7.625,-83.125,99,99,99,8,9
7.875,-83.625,99,99,99,8,9
73.375,-145.875,99,99,99,1,1
39.875,-124.875,99,99,99,3,4
-43.125,176.375,99,99,99,1,1
62.625,-173.625,99,99,99,3,3
75.375,11.125,99,99,99,1,1
71.625,10.125,99,99,99,3,3
-11.375,129.875,99,99,99,2,2
34.375,-75.625,99,99,99,3,3
-64.875,114.875,99,99,99,1,1
-11.875,131.625,99,99,99,1,1
65.875,10.375,99,99,99,2,2
-49.125,170.875,99,99,99,1,1
30.875,-11.375,99,99,99,5,6
72.375,-146.625,99,99,99,1,1
43.875,-125.125,99,99,99,4,4
56.875,-151.125,99,99,99,1,1
68.375,-111.875,99,99,99,2,2
59.875,19.375,99,99,99,5,9
-44.875,175.375,99,99,99,2,2
-31.875,152.875,99,99,99,12,12
58.625,-6.375,99,99,99,2,2
-66.125,145.875,99,99,99,1,1
-66.125,144.125,99,99,99,1,1
53.125,-13.125,99,99,99,3,3
39.125,142.875,99,99,99,2,2
71.625,-157.625,99,99,99,5,6
40.625,3.625,99,99,99,2,2
77.375,27.875,99,99,99,2,2
42.375,6.375,99,99,99,1,1
42.375,-68.875,99,99,99,2,2
41.125,136.875,99,99,99,3,3
-63.875,111.625,99,99,99,1,1
-43.375,173.625,99,99,99,2,2
59.375,-150.125,98,98,98,3,3
-23.125,112.125,98,98,98,1,1
50.625,-7.375,98,98,98,2,2
68.375,-110.375,98,98,98,1,1
5.625,-52.125,98,98,98,3,6
56.125,-157.625,98,98,98,4,4
69.875,-86.875,98,98,98,1,1
22.375,-70.125,98,98,98,13,28
41.625,-124.875,98,98,98,2,2
-6.625,-32.625,98,98,98,4,5
17.125,-87.125,98,98,98,5,6
57.375,-9.125,98,98,98,2,3
73.125,-139.375,98,98,98,1,1
73.125,-139.125,98,98,98,1,1
47.875,-125.125,98,98,98,3,4
26.875,-84.625,98,98,98,1,1
65.625,-79.625,98,98,98,1,1
-26.375,153.875,98,98,98,2,2
64.625,-169.875,98,98,98,4,4
38.375,143.125,98,98,98,3,3
72.375,28.375,98,98,98,2,2
49.125,-12.625,98,98,98,2,2
-5.625,-32.125,98,98,98,4,5
-37.625,-53.125,98,98,98,1,1
55.625,-57.625,98,98,98,1,1
19.625,-106.625,98,98,98,7,9
8.375,-53.375,98,98,98,1,1
39.625,0.875,98,98,98,1,1
30.875,136.375,98,98,98,9,9
63.125,-167.375,98,98,98,5,7
-64.625,133.875,98,98,98,1,1
73.125,-139.625,98,98,98,1,1
25.625,-15.875,98,98,98,3,4
36.625,132.625,98,98,98,1,1
-43.125,176.125,98,98,98,1,1
35.625,-73.375,98,98,98,1,1
65.125,23.625,98,98,98,2,5
31.625,140.375,98,98,98,7,9
65.875,5.125,98,98,98,1,1
42.375,-68.125,98,98,98,1,2
-44.875,176.875,98,98,98,1,1
-39.375,146.375,98,98,98,12,12
71.125,-130.375,98,98,98,1,1
-64.375,125.875,98,98,98,1,1
-49.375,168.625,98,98,98,1,1
10.125,-87.375,98,98,98,8,10
68.875,-108.125,98,98,98,2,2
-30.875,153.375,97,97,97,12,12
40.875,-68.875,97,97,97,3,3
39.375,0.875,97,97,97,1,1
69.125,-100.375,97,97,97,2,2
72.125,22.875,97,97,97,3,3
51.875,-15.375,97,97,97,1,1
18.125,-104.125,97,97,97,7,9
32.625,-9.875,97,97,97,5,6
76.375,-137.625,97,97,97,1,1
75.375,32.125,97,97,97,2,2
56.125,-156.375,97,97,97,4,4
74.375,-135.125,97,97,97,2,2
68.625,-108.875,97,97,97,2,2
-18.625,148.375,97,97,97,1,1
-0.875,152.375,97,97,97,12,12
50.875,-11.625,97,97,97,3,3
42.625,-67.375,97,97,97,2,2
75.375,10.375,97,97,97,1,1
59.875,-144.375,97,97,97,2,2
68.375,-110.875,97,97,97,2,2
42.375,-66.375,97,97,97,2,2
-45.625,143.875,97,97,97,3,3
-64.125,125.625,97,97,97,1,1
-64.625,115.875,97,97,97,1,1
19.625,-80.625,97,97,97,5,7
43.625,-125.125,97,97,97,5,5
24.125,-76.375,97,97,97,1,1
72.375,22.875,97,97,97,2,2
-49.875,168.375,97,97,97,1,1
-34.875,18.375,97,97,97,2,2
40.625,-125.125,97,97,97,2,3
-46.375,143.125,97,97,97,5,5
10.125,-87.625,97,97,97,8,9
76.125,42.625,97,97,97,1,1
-45.125,171.875,96,96,96,2,2
70.875,-135.625,96,96,96,1,1
-38.375,151.375,96,96,96,12,12
-45.125,147.125,96,96,96,2,2
63.625,-12.875,96,96,96,1,1
68.625,-108.375,96,96,96,2,2
21.625,-75.875,96,96,96,11,20
-45.125,149.625,96,96,96,1,1
55.375,-9.375,96,96,96,2,2
29.125,-86.625,96,96,96,2,4
10.125,-59.125,96,96,96,1,1
27.125,-83.375,96,96,96,4,4
-38.375,178.625,96,96,96,11,11
48.875,-9.875,96,96,96,3,3
51.375,-7.625,96,96,96,2,2
-63.625,136.375,96,96,96,1,1
41.875,-69.375,96,96,96,3,3
77.375,31.125,96,96,96,1,1
16.125,-100.625,96,96,96,7,9
-55.125,-64.625,96,96,96,2,2
76.625,31.125,96,96,96,1,1
62.875,-73.375,96,96,96,1,1
59.375,-144.375,96,96,96,3,3
-67.125,-69.375,96,96,96,5,6
36.375,-2.875,96,96,96,2,2
67.125,11.625,96,96,96,1,1
-43.625,177.125,96,96,96,1,1
64.625,2.375,96,96,96,2,2
77.375,34.125,96,96,96,1,1
71.375,-128.875,96,96,96,2,2
42.875,-67.125,96,96,96,3,3
42.875,-125.125,96,96,96,4,4
-64.375,-63.125,96,96,96,2,2
34.875,-121.625,96,96,96,3,3
35.875,-122.125,96,96,96,3,3
71.125,-130.125,96,96,96,1,1
40.375,-67.875,96,96,96,4,4
37.625,133.375,96,96,96,1,1
76.375,-137.125,96,96,96,2,2
38.375,-10.625,96,96,96,1,1
69.625,-82.125,96,96,96,1,1
42.875,-12.375,96,96,96,1,1
-25.625,155.375,96,96,96,1,1
73.125,-145.875,96,96,96,1,1
56.625,-8.125,96,96,96,3,3
35.875,141.375,96,96,96,8,9
74.625,-135.875,96,96,96,2,2
55.875,-58.125,96,96,96,1,1
-5.375,-31.875,96,96,96,4,5
18.625,-67.375,96,96,96,4,6
57.875,-9.375,96,96,96,3,3
-65.875,-71.375,96,96,96,1,1
18.875,-105.375,96,96,96,8,10
41.375,-67.875,96,96,96,2,2
38.875,-124.375,96,96,96,3,4
38.875,142.875,96,96,96,2,2
38.875,0.875,96,96,96,2,2
49.125,-12.125,96,96,96,1,2
51.125,-6.375,95,95,95,1,1
-64.875,149.625,95,95,95,1,1
-64.625,-66.375,95,95,95,2,2
23.125,-72.875,95,95,95,7,7
-12.625,128.875,95,95,95,2,2
47.875,-6.875,95,95,95,2,2
-62.625,-54.625,95,95,95,2,2
-73.875,-106.125,95,95,95,3,3
38.375,144.125,95,95,95,1,1
-12.625,-37.375,95,95,95,1,1
57.625,-151.125,95,95,95,3,5
39.125,-73.875,95,95,95,3,3
71.125,28.625,95,95,95,2,2
42.875,-69.625,95,95,95,3,3
74.625,-136.125,95,95,95,2,2
37.625,0.125,95,95,95,2,2
19.625,-81.625,95,95,95,14,23
10.375,-88.125,95,95,95,8,10
-70.375,-79.375,95,95,95,1,1
71.125,23.875,95,95,95,3,3
26.375,-83.625,95,95,95,1,1
20.125,-107.375,95,95,95,8,10
-38.875,178.625,95,95,95,1,1
71.625,15.375,95,95,95,5,5
55.875,-156.625,95,95,95,3,4
44.875,144.875,95,95,95,1,1
19.625,-66.875,95,95,95,6,7
22.875,-17.875,95,95,95,3,4
72.875,19.875,95,95,95,2,2
47.125,-127.375,95,95,95,2,2
56.375,-155.875,95,95,95,5,5
28.875,-87.125,95,95,95,2,2
40.125,-13.375,95,95,95,2,2
54.875,-165.375,95,95,95,5,5
56.875,-155.125,95,95,95,4,4
41.875,144.125,95,95,95,3,3
-42.875,176.125,95,95,95,1,1
-63.625,144.625,95,95,95,1,1
42.625,-66.625,95,95,95,2,3
12.875,-59.625,95,95,95,1,2
60.875,0.625,95,95,95,2,2
60.875,-0.125,95,95,95,2,2
-44.875,173.375,95,95,95,1,1
51.375,1.875,95,95,95,2,2
76.375,-136.625,95,95,95,2,2
73.875,7.875,95,95,95,2,2
54.625,-160.875,95,95,95,2,2
67.125,9.125,95,95,95,2,2
-65.125,77.875,94,94,94,2,2
55.375,-159.625,94,94,94,5,5
73.625,-145.875,94,94,94,1,1
34.625,138.875,94,94,94,10,12
41.125,-66.875,94,94,94,2,3
36.875,141.125,94,94,94,4,4
-64.375,-65.875,94,94,94,4,4
56.875,-156.125,94,94,94,7,7
71.125,-129.875,94,94,94,1,1
71.125,-129.625,94,94,94,1,1
71.125,-130.625,94,94,94,1,1
-67.875,77.375,94,94,94,2,2
34.875,-11.625,94,94,94,1,1
57.875,-60.875,94,94,94,1,1
38.875,0.625,94,94,94,1,1
73.625,-146.125,94,94,94,1,1
49.125,-4.875,94,94,94,6,6
-74.125,-103.125,94,94,94,4,4
58.375,-8.625,94,94,94,2,2
-12.375,129.625,94,94,94,2,2
75.125,12.375,94,94,94,1,1
-11.375,-34.875,94,94,94,4,5
-65.875,-65.125,94,94,94,3,3
74.875,14.375,94,94,94,2,2
74.875,13.125,94,94,94,2,2
44.375,-67.625,94,94,94,3,3
-66.875,-69.125,94,94,94,3,4
46.875,-4.375,94,94,94,2,2
34.125,-121.375,94,94,94,2,3
22.625,-71.375,94,94,94,7,8
55.125,-157.625,94,94,94,4,5
40.875,-69.875,94,94,94,4,5
52.125,-137.875,94,94,94,1,1
41.375,137.125,94,94,94,2,2
59.625,-63.125,94,94,94,1,1
56.125,-155.375,94,94,94,5,5
56.875,-152.875,94,94,94,4,5
55.625,-7.875,94,94,94,2,2
73.125,-149.375,94,94,94,1,1
56.375,-166.875,94,94,94,3,4
-53.125,-67.625,94,94,94,10,13
44.875,-124.875,94,94,94,4,5
36.125,-6.375,94,94,94,3,3
35.375,-121.375,94,94,94,1,1
52.875,-10.875,94,94,94,4,5
68.625,-108.625,94,94,94,1,1
-65.375,77.625,94,94,94,2,2
51.875,-6.625,94,94,94,3,4
-38.125,171.875,94,94,94,11,11
42.375,-70.875,94,94,94,3,3
-72.875,-104.375,94,94,94,3,3
7.375,-52.875,94,94,94,1,1
-22.375,154.125,93,93,93,11,11
39.125,0.875,93,93,93,1,1
71.875,-93.875,93,93,93,1,1
56.625,-150.125,93,93,93,2,2
78.125,29.375,93,93,93,2,2
-39.375,172.625,93,93,93,10,10
65.875,6.625,93,93,93,2,2
70.875,19.625,93,93,93,2,2
-8.875,-34.875,93,93,93,1,1
-22.875,154.125,93,93,93,10,10
73.625,-144.875,93,93,93,1,1
19.625,-68.875,93,93,93,10,14
-45.875,175.375,93,93,93,1,1
40.375,2.875,93,93,93,1,1
48.875,-123.375,93,93,93,7,7
57.875,-147.875,93,93,93,2,2
56.625,-166.125,93,93,93,5,5
39.625,-72.625,93,93,93,3,3
39.625,-10.875,93,93,93,1,1
-64.875,75.625,93,93,93,1,1
58.375,-153.625,93,93,93,4,4
10.875,-79.125,93,93,93,6,6
76.375,32.875,93,93,93,2,2
46.375,-125.375,93,93,93,3,3
-65.875,148.625,93,93,93,1,1
54.375,-9.875,93,93,93,2,2
54.625,-159.625,93,93,93,6,7
33.875,137.625,93,93,93,8,8
58.125,-9.625,93,93,93,1,1
-64.375,113.875,93,93,93,1,1
67.125,9.625,93,93,93,2,2
-42.875,174.625,93,93,93,2,2
67.125,8.875,93,93,93,4,4
-20.625,151.875,93,93,93,1,1
59.125,-147.625,93,93,93,2,2
42.125,142.375,93,93,93,2,2
-45.375,147.125,93,93,93,2,2
43.125,-69.875,93,93,93,3,3
52.625,-14.375,93,93,93,3,3
48.375,-5.875,93,93,93,4,4
-1.875,152.625,93,93,93,11,11
48.875,-129.875,93,93,93,5,5
73.625,-143.375,93,93,93,1,1
32.375,128.625,93,93,93,2,2
-63.375,136.375,93,93,93,1,1
-30.875,15.375,93,93,93,2,2
-30.875,153.125,93,93,93,13,13
72.125,18.375,93,93,93,4,4
39.125,-10.125,93,93,93,2,2
-63.875,-55.625,92,92,92,1,1
65.625,6.125,92,92,92,1,1
-64.625,117.625,92,92,92,2,2
42.875,5.875,92,92,92,2,2
20.875,-85.875,92,92,92,12,27
-64.625,113.125,92,92,92,1,1
-66.375,147.625,92,92,92,1,1
76.375,27.875,92,92,92,2,2
44.875,144.625,92,92,92,1,1
17.375,-102.875,92,92,92,8,10
18.375,-104.625,92,92,92,8,10
-37.125,-179.875,92,92,92,1,1
-45.125,149.875,92,92,92,2,2
49.125,-11.625,92,92,92,2,2
-74.125,-107.375,92,92,92,3,3
56.875,-166.375,92,92,92,4,4
73.625,-145.625,92,92,92,1,1
73.875,40.875,92,92,92,1,1
63.375,-75.375,92,92,92,1,1
-5.875,-32.125,92,92,92,4,6
-42.625,174.375,92,92,92,7,7
51.125,1.875,92,92,92,3,3
63.625,2.375,92,92,92,1,1
73.625,-144.375,92,92,92,1,1
54.875,-159.125,92,92,92,4,5
-64.875,-64.875,92,92,92,6,6
71.125,-161.125,92,92,92,5,6
67.125,9.875,92,92,92,3,3
-43.875,178.125,92,92,92,1,1
71.125,-160.375,92,92,92,2,3
54.125,-160.875,92,92,92,6,6
58.375,-151.875,92,92,92,4,4
-10.875,130.875,92,92,92,2,2
55.375,-159.875,92,92,92,3,3
73.625,-144.625,92,92,92,1,1
-68.125,-67.875,92,92,92,3,3
-43.875,176.125,92,92,92,1,1
54.125,-55.875,92,92,92,1,1
75.125,11.625,92,92,92,2,2
40.375,1.875,91,91,91,1,1
38.625,-10.125,91,91,91,2,2
64.125,-165.125,91,91,91,1,1
11.875,-57.875,91,91,91,1,1
40.375,3.125,91,91,91,2,2
51.875,3.125,91,91,91,2,2
69.375,15.875,91,91,91,3,4
-33.375,28.125,91,91,91,1,1
56.375,-155.625,91,91,91,5,6
73.625,-144.125,91,91,91,1,1
38.375,133.875,91,91,91,1,1
53.125,-10.125,91,91,91,5,5
42.875,-68.875,91,91,91,2,2
-12.375,129.375,91,91,91,2,2
32.875,-118.125,91,91,91,3,4
-63.375,-56.875,91,91,91,1,1
-10.875,131.375,91,91,91,2,2
-35.125,170.125,91,91,91,10,10
-9.875,-35.375,91,91,91,1,2
39.875,-9.875,91,91,91,2,2
29.375,-87.125,91,91,91,2,2
71.375,-151.125,91,91,91,2,2
66.625,7.875,91,91,91,1,1
64.625,2.125,91,91,91,2,2
-34.125,18.125,91,91,91,2,3
40.125,145.375,91,91,91,2,3
23.875,-17.375,91,91,91,3,4
70.875,30.625,91,91,91,2,2
50.375,-2.625,91,91,91,2,2
39.625,-9.875,91,91,91,2,2
14.875,-76.875,91,91,91,6,6
-59.625,-63.625,91,91,91,8,10
46.625,-3.625,91,91,91,1,1
54.125,-161.375,91,91,91,5,5
55.125,-157.875,91,91,91,4,4
-64.625,144.625,91,91,91,2,2
-68.375,8.125,91,91,91,1,1
41.625,137.375,90,90,90,1,1
75.625,8.875,90,90,90,1,1
-63.875,128.375,90,90,90,1,1
7.375,-82.875,90,90,90,7,9
-22.375,112.125,90,90,90,1,1
18.875,-78.875,90,90,90,5,7
15.375,-76.625,90,90,90,6,6
80.375,29.875,90,90,90,1,1
59.125,-62.375,90,90,90,1,1
-66.125,76.625,90,90,90,1,1
-1.125,152.375,90,90,90,10,10
74.875,13.875,90,90,90,2,2
-27.125,153.875,90,90,90,1,1
-20.125,111.375,90,90,90,1,1
40.875,136.625,90,90,90,2,2
79.125,7.875,90,90,90,1,1
57.125,-143.375,90,90,90,3,3
76.375,-137.375,90,90,90,2,2
70.625,-89.875,90,90,90,1,1
60.125,19.375,90,90,90,5,8
44.875,-6.625,90,90,90,1,1
71.625,8.875,90,90,90,2,2
38.125,-74.125,90,90,90,4,4
71.375,-96.875,90,90,90,2,2
19.375,-66.125,90,90,90,2,2
-23.625,154.125,90,90,90,10,10
26.125,-82.625,90,90,90,2,2
34.375,-121.375,90,90,90,5,6
-64.875,133.875,90,90,90,1,1
11.875,-78.625,90,90,90,6,6
55.875,-157.625,90,90,90,5,5
42.875,-9.625,90,90,90,2,2
-67.875,77.875,90,90,90,1,1
43.375,140.625,90,90,90,2,2
55.125,-9.875,90,90,90,3,3
5.375,-52.375,90,90,90,2,3
72.125,-152.125,90,90,90,3,3
61.125,-0.875,90,90,90,2,2
49.125,-130.875,90,90,90,3,4
73.625,-134.125,90,90,90,1,1
41.375,-67.625,89,89,89,4,4
26.625,-17.625,89,89,89,1,1
-31.625,115.125,89,89,89,1,1
20.875,-86.875,89,89,89,13,21
32.375,-118.625,89,89,89,2,2
71.625,32.375,89,89,89,2,2
58.625,-151.125,89,89,89,2,2
58.625,-152.125,89,89,89,4,4
-73.875,-103.375,89,89,89,4,4
-46.625,167.875,89,89,89,2,2
49.625,-5.875,89,89,89,1,1
70.625,31.625,89,89,89,2,2
-38.375,151.125,89,89,89,7,7
-44.125,145.375,89,89,89,2,2
11.875,-68.875,89,89,89,2,2
65.375,8.875,89,89,89,2,2
-27.375,154.875,89,89,89,1,1
66.875,9.625,89,89,89,3,3
-18.375,-38.375,89,89,89,3,4
73.375,-147.875,89,89,89,2,2
34.125,-120.875,89,89,89,2,3
27.375,-15.375,89,89,89,1,1
36.125,-6.625,89,89,89,3,3
-45.375,144.875,89,89,89,2,3
42.625,-9.625,89,89,89,2,2
-37.625,171.375,89,89,89,9,9
-66.125,151.125,89,89,89,1,1
55.875,-7.625,89,89,89,3,3
57.125,-9.375,89,89,89,3,3
9.625,-86.625,89,89,89,9,10
-57.375,-63.625,89,89,89,5,5
73.875,-147.125,89,89,89,2,2
46.375,-128.625,89,89,89,1,1
76.625,-136.375,89,89,89,1,1
63.625,6.875,89,89,89,1,1
39.125,135.125,89,89,89,1,1
38.375,-9.875,89,89,89,3,3
47.125,-3.625,89,89,89,1,1
17.375,-86.875,89,89,89,4,5
-32.125,115.375,89,89,89,2,2
38.375,144.625,89,89,89,1,1
76.875,30.375,89,89,89,1,1
-45.125,144.625,89,89,89,3,3
71.375,-161.625,89,89,89,3,4
48.875,-5.625,89,89,89,6,6
64.375,-78.875,88,88,88,1,1
52.875,-12.375,88,88,88,3,3
-67.625,-76.625,88,88,88,2,2
41.125,-70.375,88,88,88,4,4
-22.125,154.125,88,88,88,9,9
-38.625,179.125,88,88,88,1,1
-17.375,-37.875,88,88,88,3,4
-65.375,151.875,88,88,88,1,1
71.875,-148.875,88,88,88,1,1
70.625,-162.875,88,88,88,4,7
-44.875,150.125,88,88,88,1,1
27.625,-83.625,88,88,88,2,2
-49.125,171.625,88,88,88,1,1
-10.875,131.625,88,88,88,2,2
54.625,-56.125,88,88,88,1,1
29.375,-12.625,88,88,88,5,6
56.375,-59.625,88,88,88,1,1
-64.875,139.625,88,88,88,1,1
-38.875,147.125,88,88,88,14,14
71.125,-135.625,88,88,88,1,1
-12.875,127.375,88,88,88,2,2
-66.125,143.875,88,88,88,1,1
70.625,-124.375,88,88,88,3,3
-49.625,168.375,88,88,88,1,1
40.375,1.375,88,88,88,1,1
31.125,136.125,88,88,88,14,16
40.375,2.625,88,88,88,1,1
-19.375,-38.875,88,88,88,3,4
38.125,-123.375,88,88,88,1,1
-68.875,5.875,88,88,88,1,1
54.125,-166.875,88,88,88,3,3
56.125,-155.125,88,88,88,6,8
-34.375,171.875,88,88,88,11,11
47.125,-6.875,88,88,88,3,3
53.625,-168.375,88,88,88,2,3
-65.625,146.625,88,88,88,1,1
63.875,5.625,88,88,88,1,1
41.125,-125.125,88,88,88,4,4
18.625,-67.875,88,88,88,4,6
-40.375,177.625,88,88,88,1,1
6.625,-51.125,88,88,88,1,2
-63.125,139.875,88,88,88,1,1
32.125,135.625,88,88,88,10,11
59.375,-149.375,88,88,88,4,4
77.875,32.125,88,88,88,1,1
71.375,19.625,88,88,88,3,3
-8.375,-34.625,88,88,88,1,1
54.125,-160.625,88,88,88,5,5
-64.125,139.875,88,88,88,1,1
36.375,-122.375,88,88,88,2,2
24.375,-76.625,88,88,88,1,1
9.625,-86.375,88,88,88,9,11
50.875,-7.375,88,88,88,2,2
54.375,-160.875,88,88,88,3,3
16.375,-101.125,88,88,88,7,9
54.375,-165.625,88,88,88,6,6
-65.875,76.875,88,88,88,1,1
-9.875,-34.125,88,88,88,4,5
69.875,-86.125,88,88,88,1,1
-42.125,175.875,88,88,88,1,1
57.375,-145.875,88,88,88,1,1
46.875,-7.125,88,88,88,3,3
44.625,-50.875,87,87,87,2,2
-71.125,-105.875,87,87,87,1,1
44.375,-11.375,87,87,87,2,2
33.875,138.125,87,87,87,7,10
-10.875,133.375,87,87,87,2,2
58.625,-7.125,87,87,87,2,2
49.625,-10.875,87,87,87,1,2
12.375,-78.375,87,87,87,6,6
-46.375,172.875,87,87,87,1,1
72.875,34.125,87,87,87,2,2
61.125,-68.375,87,87,87,1,1
-10.875,130.625,87,87,87,2,2
-44.375,175.625,87,87,87,1,1
-74.375,-106.875,87,87,87,3,3
26.375,-18.375,87,87,87,1,1
38.875,-71.875,87,87,87,1,1
-63.875,120.375,87,87,87,1,1
38.875,-72.625,87,87,87,2,2
21.125,-109.125,87,87,87,7,9
69.375,16.125,87,87,87,3,3
55.625,-156.875,87,87,87,3,4
55.375,-159.125,87,87,87,5,5
-66.125,150.875,87,87,87,1,1
60.625,3.875,87,87,87,2,2
37.375,-9.375,87,87,87,2,2
73.125,24.375,87,87,87,1,1
-38.625,149.375,87,87,87,13,13
-38.375,151.875,87,87,87,13,13
66.875,-165.375,87,87,87,1,1
59.875,-0.375,87,87,87,1,1
36.625,-1.875,87,87,87,3,3
-21.375,-39.875,87,87,87,3,4
-20.625,-39.375,87,87,87,3,4
45.875,-6.375,87,87,87,1,1
-7.875,-33.125,87,87,87,4,5
27.125,-84.375,87,87,87,1,1
33.125,-77.625,87,87,87,2,2
-55.375,-64.375,87,87,87,2,2
63.375,-167.625,87,87,87,4,6
75.875,30.375,87,87,87,2,2
64.875,23.625,87,87,87,3,4
75.625,9.125,87,87,87,1,1
69.875,-85.625,87,87,87,1,1
59.875,-5.875,87,87,87,1,1
45.875,-9.375,87,87,87,2,2
39.625,135.375,87,87,87,1,1
-63.625,139.875,87,87,87,1,1
63.875,5.875,87,87,87,2,2
26.875,-16.375,87,87,87,2,2
-66.375,30.125,87,87,87,1,1
-71.625,-106.375,87,87,75,2,2
46.625,-128.375,87,87,87,2,2
-68.875,77.375,87,87,87,2,2
52.625,-14.625,87,87,87,4,4
32.625,-79.125,87,87,87,3,3
26.625,-82.875,87,87,87,2,2
38.625,-74.125,87,87,87,2,3
26.625,-83.875,87,87,87,1,1
49.875,-131.625,87,87,87,3,4
-31.625,152.875,87,87,87,14,14
57.625,-149.625,87,87,87,4,5
20.875,-84.125,86,86,86,12,19
19.625,-73.875,86,86,86,6,9
-46.625,166.625,86,86,86,2,2
54.875,-155.125,86,86,86,2,2
10.375,-87.875,86,86,86,9,11
42.375,138.875,86,86,86,2,2
57.125,-151.375,86,86,86,3,4
51.125,-7.875,86,86,86,2,2
-64.625,120.375,86,86,86,1,1
41.375,142.125,86,86,86,1,1
30.625,136.375,86,86,86,9,10
73.625,8.625,86,86,86,2,2
49.625,-11.375,86,86,86,2,2
21.625,-66.875,86,86,86,3,3
-41.875,176.875,86,86,86,1,1
67.875,9.375,86,86,86,2,2
21.625,-69.875,86,86,86,6,7
65.625,8.625,86,86,86,3,3
48.875,-130.125,86,86,86,4,5
56.125,-6.875,86,86,86,3,3
74.125,24.375,86,86,86,1,1
69.625,-99.125,86,86,86,1,1
58.375,-151.125,86,86,86,1,1
-65.375,-65.875,86,86,86,4,4
40.125,-72.625,86,86,86,2,2
71.125,-150.125,86,86,86,3,3
-36.375,-179.375,86,86,86,1,1
25.625,-78.375,86,86,86,1,1
76.375,32.625,86,86,86,3,3
-5.375,-33.125,86,86,86,1,2
9.375,-54.625,86,86,86,1,1
60.125,-171.875,86,86,86,2,2
71.625,17.625,86,86,86,4,4
19.375,-80.625,86,86,86,6,8
33.875,129.375,86,86,86,2,2
-65.125,-64.625,86,86,86,5,5
65.875,10.125,86,86,86,2,2
-65.125,118.625,86,86,86,1,1
41.625,-68.875,86,86,86,4,4
61.375,-2.125,86,86,86,3,3
42.875,-127.625,86,86,86,2,2
74.875,16.125,86,86,86,2,2
-24.125,154.125,86,86,86,9,9
-10.375,-34.375,86,86,86,4,5
-46.375,170.875,86,86,86,1,1
-65.375,75.375,86,86,86,1,1
-35.125,18.375,86,86,86,2,2
72.875,15.125,85,85,85,3,3
-65.375,113.125,85,85,85,1,1
33.125,-118.125,85,85,85,6,7
-42.875,175.125,85,85,85,1,1
53.625,-13.125,85,85,85,2,2
17.125,-102.375,85,85,85,8,9
48.875,-10.875,85,85,85,1,1
-16.375,-37.375,85,85,85,3,4
54.625,-159.875,85,85,85,4,5
36.875,-76.375,85,85,85,2,2
47.625,-125.625,85,85,85,3,3
-42.875,179.625,85,85,85,1,1
76.875,3.375,85,85,85,1,1
59.875,-145.625,85,85,85,2,2
73.125,-148.125,85,85,85,2,2
-13.375,-38.375,85,85,85,1,1
34.375,139.375,85,85,85,7,9
-45.375,145.125,85,85,85,2,2
71.625,9.125,85,85,85,2,2
-45.125,142.375,85,85,85,2,2
71.625,19.875,85,85,85,4,4
32.625,-11.875,85,85,85,1,1
6.625,-51.625,85,85,85,2,4
60.875,3.625,85,85,85,2,2
55.625,-159.125,85,85,85,3,3
19.125,-79.875,85,85,85,4,6
-38.625,148.125,85,85,85,10,10
29.375,-88.875,85,85,85,1,1
54.125,-158.625,85,85,85,3,3
-6.125,-32.375,85,85,85,4,5
-44.875,171.375,85,85,85,1,1
79.125,31.375,85,85,85,1,1
-45.875,175.875,85,85,85,1,1
69.125,14.875,85,85,85,3,4
21.375,-70.625,85,85,85,6,6
42.125,-67.875,85,85,85,2,3
-52.125,-67.125,85,85,85,1,1
-31.375,15.875,85,85,85,2,2
45.375,-125.625,85,85,85,4,4
54.375,-164.125,85,85,85,7,7
54.375,-160.125,85,85,85,4,4
-55.875,-64.125,85,85,85,1,1
-65.875,151.625,85,85,85,1,1
49.625,-3.875,85,85,85,4,5
40.375,-67.375,85,85,85,3,3
74.875,17.375,85,85,85,1,1
74.125,30.625,85,85,85,3,3
18.875,-79.125,85,85,85,5,7
-12.125,-36.875,85,85,85,1,1
56.875,-8.375,85,85,85,2,2
39.875,143.375,85,85,85,4,4
53.875,-15.875,85,85,85,1,1
-37.625,150.125,85,85,85,14,14
66.125,7.375,85,85,85,1,1
53.875,-12.875,85,85,85,2,2
-19.625,-38.875,85,85,85,3,4
-37.125,177.125,85,85,85,13,13
23.375,-17.625,85,85,85,3,4
56.875,-155.625,84,84,84,5,6
70.625,10.875,84,84,84,1,1
70.375,20.125,84,84,84,4,4
40.375,-11.125,84,84,84,1,1
32.625,128.625,84,84,84,2,2
56.375,-155.375,84,84,84,3,4
-31.625,16.125,84,84,84,2,2
52.375,-137.875,84,84,84,2,2
54.125,-161.875,84,84,84,6,6
-9.625,143.375,84,84,84,1,1
69.875,-85.875,84,84,84,1,1
40.125,-9.875,84,84,84,2,2
16.625,-101.375,84,84,84,7,9
66.375,6.375,84,84,84,1,1
35.125,-121.125,84,84,84,1,1
76.875,32.375,84,84,84,1,1
73.875,-146.875,84,84,84,2,2
78.875,7.375,84,84,84,2,2
56.125,-154.375,84,84,84,4,6
-30.875,114.875,84,84,84,1,1
-13.375,123.125,84,84,84,2,2
-13.125,124.375,84,84,84,2,2
34.875,-121.375,84,84,84,2,2
-4.375,-32.625,84,84,84,1,2
71.125,20.875,84,84,84,3,3
54.625,-160.125,84,84,84,4,5
49.625,-11.125,84,84,84,1,2
52.875,172.625,84,84,84,1,1
-65.125,138.375,84,84,84,1,1
62.125,-71.875,84,84,84,1,1
58.875,-170.375,84,84,84,2,2
64.125,-6.625,84,84,84,1,1
51.625,-13.125,84,84,84,3,3
56.875,18.875,84,84,84,14,14
-23.875,154.125,84,84,84,10,10
59.125,-149.375,84,84,84,2,3
66.625,-11.375,84,84,84,1,1
-43.375,173.375,84,84,84,7,7
-43.375,174.875,84,84,84,2,2
-64.625,115.375,84,84,84,1,1
20.375,-74.125,84,84,84,6,7
46.875,-125.125,84,84,84,5,6
72.375,-155.625,84,84,84,3,3
-64.875,113.375,84,84,84,1,1
-39.375,178.375,84,84,84,2,2
60.625,3.375,84,84,84,2,2
-65.125,-65.125,84,84,84,3,3
55.125,-9.375,84,84,84,3,3
33.125,-118.875,84,84,84,6,7
58.125,-151.875,84,84,84,4,4
57.375,-143.625,84,84,84,3,3
64.875,23.125,83,83,83,2,4
58.375,-167.125,83,83,83,6,7
29.125,-88.625,83,83,83,1,1
36.625,-122.625,83,83,83,2,2
10.125,-79.625,83,83,83,5,5
27.125,-83.625,83,83,83,3,3
-13.125,122.125,83,83,83,1,1
-10.875,-34.625,83,83,83,4,5
43.125,-69.125,83,83,83,3,3
21.125,-73.875,83,83,83,6,6
55.375,-8.625,83,83,83,2,2
70.625,11.875,83,83,83,1,1
56.375,-166.125,83,83,83,5,5
73.625,-147.375,83,83,83,2,2
72.625,33.625,83,83,83,2,2
-11.875,-35.125,83,83,83,4,5
15.875,-100.125,83,83,83,6,6
40.125,-69.625,83,83,83,3,4
43.125,-127.875,83,83,83,3,3
51.625,1.125,83,83,83,1,1
-14.375,121.625,83,83,83,2,2
-1.625,152.625,83,83,83,11,11
57.875,-9.125,83,83,83,2,2
39.375,-124.625,83,83,83,3,4
33.625,-120.375,83,83,83,3,5
61.375,-25.375,83,83,83,1,1
75.375,10.125,83,83,83,1,1
-68.375,-77.625,83,83,83,2,2
39.875,-69.625,83,83,83,2,2
33.375,136.625,83,83,83,3,3
20.125,-73.125,83,83,83,11,17
45.625,141.375,83,83,83,2,2
-68.375,8.375,83,83,83,1,1
-8.375,-33.375,83,83,83,4,5
40.625,142.625,83,83,83,1,1
40.625,136.375,83,83,83,2,2
23.375,-78.875,83,83,83,10,13
-62.875,-60.125,83,83,83,4,4
43.375,-66.625,83,83,83,2,2
-74.375,-105.875,83,83,83,3,3
-61.875,-61.125,83,83,83,5,5
39.125,-10.875,83,83,83,1,1
61.875,-25.125,83,83,83,1,1
74.625,26.125,83,83,83,1,1
-66.625,140.125,82,82,82,1,1
56.125,-6.625,82,82,82,3,3
59.375,20.125,82,82,82,4,5
71.625,-129.875,82,82,82,1,1
77.125,30.125,82,82,82,1,1
71.125,12.875,82,82,82,2,2
48.875,-130.375,82,82,82,3,4
-24.875,153.875,82,82,82,9,9
-68.375,10.625,82,82,82,1,1
40.375,-13.375,82,82,82,2,2
-65.125,143.125,82,82,82,2,2
25.125,-77.625,82,82,82,2,4
49.375,-11.375,82,82,82,1,2
-24.625,153.875,82,82,82,9,9
-64.375,144.625,82,82,82,2,2
60.625,-65.875,82,82,82,1,1
44.625,-60.625,82,82,82,2,2
44.625,-50.625,82,82,82,2,2
12.625,-78.125,82,82,82,5,5
55.125,-8.875,82,82,82,4,4
72.375,-150.875,82,82,82,2,2
27.625,-14.375,82,82,82,1,1
59.875,-145.125,82,82,82,3,3
33.625,-120.125,82,82,82,3,4
-23.625,112.375,82,82,82,1,1
-44.875,143.125,82,82,82,3,3
-45.125,142.875,82,82,82,3,3
-34.625,169.625,82,82,82,9,9
-49.625,169.375,82,82,82,1,1
-67.375,77.375,82,82,82,2,2
54.125,-164.125,82,82,82,6,6
45.125,-55.125,82,82,82,2,2
45.125,-55.375,82,82,82,2,2
19.125,-66.375,82,82,82,6,6
45.625,-9.125,82,82,82,1,1
74.625,16.875,82,82,82,2,2
60.875,0.375,82,82,82,2,2
36.625,-122.875,82,82,82,3,3
-34.125,29.125,82,82,82,1,1
74.625,32.375,82,82,82,2,2
43.125,-124.875,82,82,82,3,3
63.125,-166.625,82,82,82,3,3
28.375,-85.125,82,82,82,2,4
49.875,-1.375,82,82,82,6,6
15.875,-76.375,82,82,82,5,5
54.625,-166.625,82,82,82,4,4
38.375,144.875,82,82,82,1,1
7.875,-53.375,82,82,82,1,1
7.875,-50.625,82,82,82,2,4
20.625,-66.875,82,82,82,13,27
47.375,-8.875,82,82,82,3,3
-26.125,112.875,82,82,82,2,2
37.125,-75.125,82,82,82,4,4
71.875,-166.125,82,82,82,4,4
55.125,-165.375,82,82,82,4,4
11.125,-59.375,82,82,82,1,1
69.625,-81.125,81,81,81,1,1
70.625,-146.125,81,81,81,2,2
-46.625,169.625,81,81,81,2,2
39.875,-72.625,81,81,81,2,2
38.875,0.375,81,81,81,1,1
32.125,128.875,81,81,81,1,1
48.875,-12.375,81,81,81,3,3
7.625,-50.625,81,81,81,2,4
-45.625,144.625,81,81,81,2,3
58.875,-152.125,81,81,81,5,5
-48.375,172.125,81,81,81,1,1
50.875,-7.875,81,81,81,1,1
51.125,-13.375,81,81,81,3,3
39.875,135.125,81,81,81,1,1
25.875,-79.125,81,81,81,1,1
61.125,-25.125,81,81,81,1,1
-49.625,167.625,81,81,81,1,1
33.125,-12.375,81,81,81,2,2
35.625,-11.125,81,81,81,2,2
39.875,-69.375,81,81,81,2,2
45.125,-9.875,81,81,81,1,1
-44.125,178.875,81,81,81,1,1
40.375,136.125,81,81,81,2,2
-67.375,76.375,81,81,81,1,1
34.125,129.625,81,81,81,2,2
60.125,-146.625,81,81,81,3,3
-10.125,-35.375,81,81,81,1,2
55.625,-157.375,81,81,81,3,3
69.375,9.625,81,81,81,2,2
35.625,-121.625,81,81,81,1,1
57.625,-151.375,81,81,81,5,6
-65.375,144.625,81,81,81,1,1
70.375,16.375,81,81,81,4,4
22.625,-84.125,81,81,81,12,18
-65.875,-65.875,81,81,81,1,1
-22.875,110.125,81,81,81,1,1
32.625,-76.625,81,81,81,2,2
77.625,33.875,81,81,81,1,1
47.875,-6.625,81,81,81,2,2
-10.875,136.625,81,81,81,1,1
55.625,-158.625,81,81,81,3,3
55.375,-7.625,81,81,81,2,2
-32.375,115.125,81,81,81,2,2
-65.125,109.875,80,80,80,1,1
-63.875,143.875,80,80,80,1,1
49.125,-130.625,80,80,80,4,5
54.375,11.375,80,80,80,7,7
42.625,-70.125,80,80,80,2,2
70.625,-162.375,80,80,80,3,4
70.625,-162.625,80,80,80,4,6
55.375,-57.625,80,80,80,1,1
80.125,29.375,80,80,80,1,1
-11.125,-36.375,80,80,80,1,1
42.625,-68.625,80,80,80,1,1
60.875,3.875,80,80,80,2,2
55.375,-165.625,80,80,80,5,5
45.625,-128.625,80,80,80,4,4
16.625,-75.875,80,80,80,6,6
45.625,-126.875,80,80,80,1,1
-44.375,176.875,80,80,80,1,1
42.125,139.125,80,80,80,2,2
44.625,-60.375,80,80,80,2,2
44.625,-61.625,80,80,80,2,2
44.625,-50.375,80,80,80,2,2
38.125,-10.625,80,80,80,1,1
62.625,-72.625,80,80,80,1,1
42.375,-11.875,80,80,80,1,1
-67.125,-74.875,80,80,80,1,1
15.625,-99.875,80,80,80,7,9
70.375,31.375,80,80,80,2,2
6.875,-51.375,80,80,80,2,4
43.625,-66.625,80,80,80,1,1
-68.125,-67.625,80,80,80,3,3
-72.375,-104.625,80,80,80,2,2
38.625,0.125,80,80,80,1,1
-21.625,114.375,80,80,80,1,1
70.125,5.625,80,80,80,1,1
-34.375,151.375,80,80,80,1,1
29.125,-94.375,80,80,80,1,1
72.875,28.375,80,80,80,1,1
31.875,128.875,80,80,80,1,1
22.125,-73.375,80,80,80,6,6
-27.125,155.625,80,80,80,1,1
40.125,-125.125,80,80,80,2,2
40.625,2.125,80,80,80,1,1
50.875,-7.625,80,80,80,2,2
37.625,-74.625,80,80,80,1,1
-65.875,149.625,80,80,80,1,1
31.875,129.125,80,80,80,2,2
-21.625,111.875,80,80,80,1,1
-23.125,-42.125,80,80,80,3,4
47.125,-6.625,80,80,80,3,3
21.875,-73.375,80,80,80,6,6
56.375,-8.375,80,80,80,2,2
46.875,-8.125,80,80,80,2,2
71.125,22.375,80,80,80,4,4
25.375,-78.125,79,79,79,1,1
78.875,8.625,79,79,79,1,1
-62.125,-60.625,79,79,79,2,2
-32.625,114.625,79,79,79,1,1
-63.625,-56.375,79,79,79,1,1
-74.375,-106.375,79,79,79,3,3
69.375,-100.375,79,79,79,2,2
-12.875,126.875,79,79,79,2,2
23.125,-73.125,79,79,79,5,5
40.125,145.625,79,79,79,3,3
72.625,-155.375,79,79,79,2,2
40.875,143.375,79,79,79,6,7
25.875,-15.625,79,79,79,3,4
33.375,-119.125,79,79,79,2,3
61.125,-25.375,79,79,79,1,1
75.875,25.625,79,79,79,2,2
46.625,-4.625,79,79,79,1,1
-35.375,174.625,79,79,79,10,10
64.625,23.125,79,79,79,4,5
-34.625,29.625,79,79,79,1,1
46.875,-4.625,79,79,79,2,2
70.625,18.875,79,79,79,2,2
51.125,-164.125,79,79,79,1,1
-24.375,154.125,79,79,79,8,8
-44.375,149.125,79,79,79,1,1
-44.125,145.875,79,79,79,2,2
33.375,-75.875,79,79,79,2,2
37.375,133.125,79,79,79,1,1
55.625,-9.375,79,79,79,3,3
-8.875,-33.625,79,79,79,4,5
-65.375,149.625,79,79,79,1,1
40.625,2.375,79,79,79,1,1
68.375,-167.125,79,79,79,4,4
39.875,-67.375,79,79,79,2,2
64.875,4.375,79,79,79,3,3
-68.375,10.875,79,79,79,1,1
47.125,-3.375,79,79,79,2,2
34.625,138.375,79,79,79,7,8
73.375,13.875,79,79,79,2,2
-49.375,168.125,79,79,79,1,1
53.375,-10.375,79,79,79,4,4
63.875,-167.875,79,79,79,4,6
-42.875,176.625,79,79,79,1,1
47.875,-8.625,79,79,79,1,1
71.875,32.125,79,79,79,2,2
-2.625,152.625,79,79,79,13,16
19.625,-19.625,79,79,79,3,4
-67.375,30.125,79,79,79,1,1
36.375,132.375,79,79,79,1,1
52.375,-138.125,79,79,79,2,2
46.875,-3.625,79,79,79,1,1
-43.875,146.125,79,79,79,2,2
-68.625,-80.125,78,78,78,2,2
33.625,-119.875,78,78,78,2,3
55.375,-9.625,78,78,78,3,3
44.875,-125.125,78,78,78,4,5
51.125,-6.625,78,78,78,1,1
37.875,-10.625,78,78,78,1,1
34.375,-8.125,78,78,78,5,6
48.875,-11.125,78,78,78,1,1
19.875,-71.875,78,78,78,8,12
66.375,11.625,78,78,78,3,3
-17.875,147.125,78,78,78,1,1
-62.625,-57.875,78,78,78,1,1
71.625,8.625,78,78,78,1,1
44.625,-51.375,78,78,78,2,2
66.625,10.875,78,78,78,2,2
-66.125,146.625,78,78,78,2,2
-65.625,151.625,78,78,78,1,1
-37.375,-53.625,78,78,78,1,1
41.875,-126.625,78,78,78,2,2
72.625,15.625,78,78,78,3,3
41.875,139.375,78,78,78,2,2
58.375,-151.375,78,78,78,2,2
55.625,-157.625,78,78,78,4,5
35.625,-6.375,78,78,78,5,5
25.375,-16.125,78,78,78,3,4
-38.125,-57.125,78,78,78,2,2
54.375,-155.125,78,78,78,1,1
62.625,-167.125,78,78,78,6,6
53.875,-157.875,78,78,78,2,2
59.875,-171.375,78,78,78,2,2
17.625,-103.125,78,78,78,8,9
59.125,-148.375,78,78,78,3,3
67.625,-168.625,78,78,78,6,6
14.625,-77.125,78,78,78,6,6
34.125,138.375,78,78,78,11,14
54.875,-9.625,78,78,78,3,3
54.875,-161.375,78,78,78,2,2
54.875,-158.625,78,78,78,4,4
70.375,31.125,78,78,78,2,2
32.625,134.875,78,78,78,5,5
-64.375,-65.625,78,78,78,5,5
-42.375,175.875,78,78,78,1,1
70.125,18.125,78,78,78,4,4
24.625,-79.375,78,78,78,4,4
-64.625,138.375,78,78,78,1,1
36.875,132.875,78,78,78,1,1
74.625,-137.125,78,78,78,2,2
65.375,24.125,78,78,78,2,5
26.375,-83.125,77,77,77,1,1
28.125,-15.375,77,77,77,2,2
66.125,10.875,77,77,77,1,1
51.875,-6.375,77,77,77,2,2
59.625,-145.375,77,77,77,3,3
33.625,-8.875,77,77,77,5,6
45.625,-127.625,77,77,77,3,4
72.125,20.125,77,77,77,4,4
43.875,-68.125,77,77,77,4,4
71.125,-160.625,77,77,77,4,4
27.125,-14.375,77,77,77,5,6
46.125,-125.125,77,77,77,4,4
17.625,-103.375,77,77,77,8,9
26.125,-15.375,77,77,77,3,4
40.625,-9.875,77,77,77,2,2
42.125,-11.875,77,77,77,1,1
50.125,-9.125,77,77,77,2,2
-42.875,175.625,77,77,77,1,1
-67.875,-76.125,77,77,77,2,2
39.875,143.875,77,77,77,2,2
-25.625,112.625,77,77,77,2,2
72.375,23.375,77,77,77,3,3
54.125,-12.875,77,77,77,1,1
45.875,-127.375,77,77,77,4,4
60.375,-172.125,77,77,77,1,1
70.625,-136.625,77,77,77,1,1
19.875,-68.375,77,77,77,4,6
25.625,-84.125,77,77,77,1,1
-65.375,140.875,77,77,77,1,1
44.875,-8.875,77,77,77,2,2
-64.125,114.125,77,77,77,2,2
25.875,-84.125,77,77,77,1,1
45.125,-54.875,77,77,77,2,2
22.375,-73.375,77,77,77,5,5
71.375,18.875,77,77,77,4,4
-5.625,-33.125,77,77,77,1,2
55.875,-8.125,77,77,77,3,3
-38.875,149.125,77,77,77,14,14
44.625,-126.125,77,77,77,2,2
33.875,130.125,77,77,77,1,1
-59.125,-62.625,77,77,77,5,6
-31.875,16.375,77,77,77,2,2
6.125,-51.625,77,77,77,1,2
32.125,-77.375,77,77,77,2,2
41.375,-124.625,77,77,77,1,1
56.875,-153.375,77,77,77,3,3
77.375,27.625,77,77,77,2,2
48.625,-12.375,77,77,77,2,2
-65.125,110.375,77,77,77,1,1
57.875,-151.625,77,77,77,3,3
8.375,-84.625,77,77,77,8,8
54.625,-157.625,77,77,77,4,4
62.625,-166.875,77,77,77,4,4
8.375,-79.375,77,77,77,6,6
8.375,-55.375,77,77,77,1,1
69.375,8.625,77,77,77,1,1
20.375,-107.875,77,77,77,7,9
44.625,-61.875,77,77,77,2,2
76.375,37.625,77,77,77,2,2
-43.125,179.875,77,77,77,1,1
-53.125,-67.125,77,77,77,10,15
19.875,-107.125,77,77,77,4,5
-65.875,147.875,77,77,77,2,2
43.875,-128.375,76,76,76,3,3
71.375,-91.625,76,76,76,1,1
53.125,-11.875,76,76,76,3,3
-74.125,-106.875,76,76,76,3,3
20.875,-108.625,76,76,76,7,9
52.625,-11.875,76,76,76,2,2
68.125,-168.875,76,76,76,2,2
72.375,-133.625,76,76,76,2,2
-4.875,-32.875,76,76,76,1,2
56.375,-7.625,76,76,76,4,5
19.375,-74.625,76,76,76,6,9
42.625,-125.125,76,76,76,3,3
44.625,-61.375,76,76,76,2,2
19.375,-82.125,76,76,76,10,15
69.875,-98.375,76,76,76,1,1
42.625,138.625,76,76,76,1,1
34.625,-75.125,76,76,76,2,2
-25.375,112.625,76,76,76,2,2
45.375,-9.875,76,76,76,1,1
7.125,-54.625,76,76,76,1,1
80.125,29.875,76,76,76,1,1
40.375,-69.625,76,76,76,2,3
42.125,-68.125,76,76,76,2,3
38.875,142.625,76,76,76,2,2
41.125,-68.625,76,76,76,3,3
25.875,-78.375,76,76,76,14,26
40.875,-68.125,76,76,76,3,3
37.625,-123.625,76,76,76,6,7
21.625,-109.875,76,76,76,1,1
54.375,-10.625,76,76,76,3,3
70.875,32.375,76,76,76,2,2
31.125,131.375,76,76,76,7,7
-38.375,178.375,76,76,76,11,11
40.125,145.875,76,76,76,3,3
10.625,-79.375,76,76,76,5,5
49.125,-6.375,76,76,76,1,1
11.625,-68.625,76,76,76,2,2
34.125,138.125,76,76,76,9,12
74.625,41.375,76,76,76,1,1
44.125,-9.375,76,76,76,2,2
71.375,30.375,76,76,76,2,2
-64.125,144.375,76,76,76,1,1
-43.375,177.125,76,76,76,1,1
70.875,-163.375,76,76,76,4,5
-68.625,-74.125,76,76,76,1,1
-63.125,-59.875,76,76,76,1,1
54.375,-10.875,76,76,76,3,3
-35.625,150.875,76,76,76,10,10
74.875,16.375,76,76,76,2,2
-1.375,152.375,76,76,76,10,10
37.125,-9.375,76,76,76,2,2
49.125,-5.375,76,76,76,4,4
50.375,-9.875,76,76,76,2,2
72.625,11.375,76,76,76,1,1
67.375,-168.625,76,76,76,5,5
-60.375,-62.125,76,76,76,5,5
-44.625,149.625,75,75,75,2,2
60.875,-168.125,75,75,75,5,5
33.625,135.125,75,75,75,7,7
69.375,14.375,75,75,75,2,2
26.625,-14.875,75,75,75,5,6
-64.625,-65.125,75,75,75,6,6
-32.125,114.625,75,75,75,1,1
64.125,0.625,75,75,75,1,1
-73.625,-104.625,75,75,75,4,4
-44.125,175.875,75,75,75,1,1
-44.625,146.375,75,75,75,1,1
-64.625,145.625,75,75,75,1,1
-66.625,-69.625,75,75,75,2,2
-35.875,112.625,75,75,75,1,1
64.625,22.625,75,75,75,2,5
34.875,139.125,75,75,75,6,6
58.625,-151.625,75,75,75,3,3
-49.625,169.125,75,75,75,1,1
-46.625,166.875,75,75,75,2,2
30.375,-11.625,75,75,75,4,5
42.375,-9.625,75,75,75,1,1
64.625,-168.375,75,75,75,5,6
9.125,-85.875,75,75,75,9,11
51.375,-13.875,75,75,75,2,2
66.875,10.125,75,75,75,2,2
26.875,-14.625,75,75,75,5,6
20.625,-19.125,75,75,75,3,4
30.625,-11.625,75,75,75,5,6
-37.875,149.875,75,75,75,14,14
54.125,-158.125,75,75,75,2,2
-65.125,114.875,75,75,75,1,1
-67.875,75.125,75,75,75,1,1
21.625,-69.375,75,75,75,13,26
42.625,-127.375,75,75,75,3,3
-11.125,-36.125,75,75,75,1,2
44.375,141.125,75,75,75,1,1
31.125,-11.125,75,75,75,5,6
30.875,130.875,75,75,75,6,6
70.625,19.125,75,75,75,3,3
65.125,23.875,75,75,75,4,8
59.125,-150.625,75,75,75,5,5
25.125,-84.125,75,75,75,1,1
40.375,-125.125,75,75,75,2,2
27.875,-85.875,74,74,74,1,1
-40.375,173.125,74,74,74,9,9
40.125,-11.125,74,74,74,1,1
20.125,-74.125,74,74,74,5,5
70.375,-162.625,74,74,74,3,4
52.875,-13.125,74,74,74,2,2
-63.625,-55.125,74,74,74,1,1
-32.625,152.375,74,74,74,13,13
75.875,7.875,74,74,74,1,1
76.375,35.375,74,74,74,2,2
-66.125,150.125,74,74,74,2,2
59.875,-148.125,74,74,74,4,4
-66.375,151.625,74,74,74,1,1
34.125,-119.625,74,74,74,3,3
34.125,141.125,74,74,74,9,15
71.625,15.875,74,74,74,3,3
40.875,-67.375,74,74,74,2,2
59.125,19.375,74,74,74,3,5
-67.875,-70.125,74,74,74,4,5
69.625,-81.375,74,74,74,1,1
44.375,-124.625,74,74,74,4,4
71.625,9.375,74,74,74,2,2
33.875,-12.875,74,74,74,1,1
44.625,-62.125,74,74,74,2,2
78.375,29.875,74,74,74,2,2
-70.375,-103.125,74,74,74,3,3
31.625,-78.375,74,74,74,2,2
19.125,-79.125,74,74,74,5,5
49.625,-4.125,74,74,74,4,4
45.375,-9.375,74,74,74,1,1
-64.375,114.125,74,74,74,1,1
35.875,-6.375,74,74,74,3,4
55.625,-58.125,74,74,74,1,1
6.375,-54.125,74,74,74,1,1
-65.875,29.875,74,74,74,1,1
32.625,137.625,74,74,74,8,8
69.375,5.875,74,74,74,1,1
64.875,3.875,74,74,74,2,2
45.375,-8.625,74,74,74,2,2
25.375,-84.125,74,74,74,1,1
6.375,-51.375,74,74,74,1,2
31.125,130.125,74,74,74,4,4
65.625,5.875,74,74,74,1,1
27.375,-14.125,74,74,74,5,6
71.875,-93.125,74,74,74,1,1
51.625,-12.625,74,74,74,3,3
28.875,-89.125,74,74,74,1,1
43.625,140.875,74,74,74,1,1
33.375,141.875,74,74,74,3,4
-30.625,15.125,74,74,74,2,2
71.625,-92.375,74,74,74,1,1
-65.625,148.375,74,74,74,1,1
-9.375,-33.875,74,74,74,4,5
51.625,2.125,74,74,74,2,2
70.375,-139.875,74,74,74,1,1
47.375,-8.375,74,74,74,3,3
58.625,-152.375,74,74,74,2,2
-65.875,145.625,74,74,74,1,1
38.375,145.125,74,74,74,2,2
53.375,-168.875,74,74,74,2,3
17.875,-103.625,73,73,73,5,6
44.625,-8.875,73,73,73,2,2
46.375,-129.375,73,73,73,4,4
-14.125,124.375,73,73,73,1,1
-12.125,129.875,73,73,73,2,2
78.375,34.875,73,73,73,1,1
-65.875,148.125,73,73,73,2,2
31.375,129.625,73,73,73,3,3
44.375,-6.875,73,73,73,1,1
-68.375,-71.625,73,73,73,1,1
-63.125,-60.125,73,73,73,3,3
40.375,143.625,73,73,73,2,2
59.125,19.875,73,73,73,4,5
51.375,-5.875,73,73,73,1,1
70.375,12.625,73,73,73,2,2
72.375,33.125,73,73,73,2,2
64.625,8.875,73,73,73,1,1
68.875,-104.875,73,73,73,2,2
-64.625,128.125,73,73,73,1,1
-21.625,-40.125,73,73,73,3,4
27.875,-83.125,73,73,73,1,1
38.625,-68.875,73,73,73,2,2
56.375,-9.375,73,73,73,2,2
58.875,-151.375,73,73,73,6,6
56.625,-7.375,73,73,73,2,2
21.875,-110.875,73,73,73,6,7
33.875,-12.125,73,73,73,2,2
-49.625,170.875,73,73,73,2,2
-20.375,116.375,73,73,73,1,1
39.875,145.375,73,73,73,1,1
43.625,-9.875,73,73,73,2,2
-13.375,122.375,73,73,73,1,1
-46.625,168.125,73,73,73,2,2
50.875,-11.375,73,73,73,2,2
56.875,-146.625,73,73,73,3,3
33.375,141.625,73,73,73,7,10
76.875,-137.875,73,73,73,1,1
45.875,-125.125,73,73,73,3,4
-29.875,114.125,73,73,73,1,1
20.625,-108.375,73,73,73,7,9
33.375,-119.375,73,73,73,2,3
49.625,-6.875,73,73,73,1,1
55.125,-9.125,73,73,73,3,3
22.625,-73.375,73,73,73,5,5
55.125,-10.375,73,73,73,1,1
28.375,-87.125,73,73,73,1,2
43.375,-12.375,73,73,73,1,1
-44.375,144.875,73,73,73,2,2
76.875,32.875,73,73,73,1,1
-13.125,-38.375,73,73,73,1,1
38.125,133.625,73,73,73,1,1
53.375,-13.125,73,73,73,2,2
-29.625,114.625,73,73,73,1,1
70.875,-146.375,73,73,73,1,1
57.125,-147.125,73,73,73,2,2
51.875,1.625,73,73,73,1,1
-66.125,142.375,73,73,73,2,2
-66.125,143.625,73,73,73,1,1
32.125,135.875,73,73,73,9,10
-63.625,-61.125,73,73,73,4,4
70.125,16.625,73,73,73,4,4
-74.375,-104.125,72,72,72,2,2
52.625,-5.625,72,72,72,2,2
52.375,-13.125,72,72,72,2,2
49.625,-131.125,72,72,72,3,4
57.625,-6.875,72,72,72,2,2
36.875,-71.625,72,72,72,5,5
50.125,-134.875,72,72,72,3,3
54.375,-56.125,72,72,72,1,1
35.625,-73.125,72,72,72,1,1
20.125,-107.625,72,72,72,7,9
22.125,-70.625,72,72,72,6,7
-66.375,146.125,72,72,72,2,2
63.375,7.625,72,72,72,1,1
49.375,-6.625,72,72,72,1,1
57.375,-155.875,72,72,72,3,3
57.375,-166.625,72,72,72,3,3
64.875,-169.875,72,72,72,3,3
27.125,-84.625,72,72,72,1,1
10.375,-79.375,72,72,72,5,5
72.375,20.125,72,72,72,2,2
50.375,-10.375,72,72,72,1,2
38.375,-124.125,72,72,72,4,5
-18.625,-38.375,72,72,72,3,4
22.375,-18.125,72,72,72,3,4
42.625,-69.125,72,72,72,2,2
-45.625,171.625,72,72,72,1,1
-43.875,151.125,72,72,72,1,1
56.625,-6.875,72,72,72,1,1
62.875,-166.625,72,72,72,4,4
71.625,20.125,72,72,72,4,4
43.375,-66.875,72,72,72,2,2
-66.375,-72.875,72,72,72,1,1
68.625,-167.375,72,72,72,5,5
-21.875,-40.375,72,72,72,3,4
49.125,-5.125,72,72,72,4,4
59.625,-171.375,72,72,72,2,2
72.375,30.625,72,72,72,2,2
34.375,-75.375,72,72,72,2,2
-73.375,-104.125,72,72,72,3,3
61.125,-5.125,72,72,72,1,1
72.625,-145.875,72,72,72,1,1
-66.875,62.875,72,72,72,1,1
-45.875,144.125,72,72,72,2,3
-20.375,-39.375,72,72,72,3,4
-63.625,125.875,72,72,72,1,1
39.875,145.875,72,72,72,2,2
47.625,-7.625,72,72,72,3,4
70.875,21.875,72,72,72,2,2
58.375,-150.625,72,72,72,2,2
12.375,-69.625,72,72,72,2,2
12.625,-58.375,72,72,72,1,1
42.875,-69.375,72,72,72,2,2
53.875,-11.375,72,72,72,2,2
18.375,-104.375,72,72,72,8,10
-31.375,115.125,72,72,72,1,1
41.375,5.125,72,72,72,2,2
-46.125,143.625,72,72,72,3,3
71.625,20.875,72,72,72,3,3
61.875,-176.375,72,72,72,2,2
71.625,12.125,71,71,71,2,2
31.375,129.375,71,71,71,2,2
-14.875,123.375,71,71,71,1,1
58.875,19.125,71,71,71,3,5
58.875,-148.125,71,71,71,4,4
76.875,-136.625,71,71,71,1,1
19.375,-79.875,71,71,71,6,8
28.875,-12.875,71,71,71,5,6
41.625,-66.125,71,71,71,1,2
68.625,-104.375,71,71,71,2,2
-66.625,-68.625,71,71,71,4,4
-65.875,-65.375,71,71,71,5,5
-12.875,-35.625,71,71,71,4,5
43.375,-67.375,71,71,71,2,2
-47.375,169.125,71,71,71,1,1
16.125,-76.125,71,71,71,6,6
7.625,-83.375,71,71,71,4,4
-69.125,-79.625,71,71,71,1,1
-63.125,136.375,71,71,71,1,1
-36.625,170.875,71,71,71,8,8
-4.125,153.125,71,71,71,15,15
53.875,-167.375,71,71,71,2,3
8.625,-55.375,71,71,71,1,1
44.375,-68.125,71,71,71,2,2
-66.375,140.625,71,71,71,1,1
55.375,-160.125,71,71,71,1,1
73.875,-145.125,71,71,71,1,1
72.125,10.875,71,71,71,1,1
70.875,17.625,71,71,71,4,4
55.375,-156.875,71,71,71,3,4
-43.375,151.375,71,71,71,1,1
-72.125,-105.625,71,71,71,1,1
-23.625,153.875,71,71,71,5,5
53.875,-155.875,71,71,71,2,2
41.875,137.625,71,71,71,1,1
68.625,-102.375,71,71,71,2,2
-24.875,112.875,71,71,71,1,1
70.875,-150.875,71,71,71,1,1
17.625,-75.375,71,71,71,5,5
50.875,-12.125,71,71,71,3,3
56.375,-8.875,71,71,71,2,2
-66.125,-66.625,71,71,71,4,4
-18.875,-38.625,71,71,71,3,4
-66.375,-67.875,71,71,71,4,4
-45.375,172.375,71,71,71,1,1
45.875,-6.625,71,71,71,1,1
46.375,-7.875,71,71,71,2,2
33.625,128.875,71,71,71,1,1
35.625,-73.625,71,71,71,2,2
-45.375,141.875,71,71,71,2,2
59.125,-148.125,71,71,71,2,2
63.625,-172.625,71,71,71,3,3
23.625,-79.375,71,71,71,7,10
49.125,-13.375,71,71,71,1,1
49.625,-12.125,71,71,71,1,1
29.625,-88.625,71,71,71,1,1
-17.375,146.875,71,71,71,1,1
-35.125,113.125,71,71,71,1,1
44.875,-54.375,71,71,71,2,2
56.875,-146.875,71,71,71,2,2
-13.625,122.375,71,71,71,1,1
74.375,17.875,71,71,71,1,1
53.125,-11.625,71,71,71,5,5
37.875,-9.125,70,70,70,1,1
69.625,11.875,70,70,70,1,1
-47.625,169.375,70,70,70,1,1
34.375,130.375,70,70,70,1,1
32.375,-118.375,70,70,70,2,2
7.625,-51.875,70,70,70,1,1
52.875,-169.125,70,70,70,2,3
-73.625,-103.625,70,70,70,2,2
43.625,-124.875,70,70,70,4,5
74.875,13.625,70,70,70,2,2
39.875,145.625,70,70,70,1,1
-46.375,143.375,70,70,70,2,2
30.875,130.625,70,70,70,3,3
-35.125,30.125,70,70,70,1,1
70.375,12.375,70,70,70,1,1
76.375,35.125,70,70,70,2,2
59.875,-146.125,70,70,70,3,3
-65.625,-66.375,70,70,70,6,7
70.625,-97.625,70,70,70,1,1
71.375,-134.875,70,70,70,1,1
71.625,13.375,70,70,70,2,2
-36.625,-54.625,70,70,70,1,1
36.625,-2.625,70,70,70,1,1
71.125,18.375,70,70,70,3,3
36.625,-7.625,70,70,70,2,2
76.875,33.875,70,70,70,1,1
71.125,-149.375,70,70,70,3,3
73.875,-159.375,70,70,70,1,1
-66.375,147.375,70,70,70,1,1
49.125,-128.125,70,70,70,4,4
58.125,-61.125,70,70,70,1,1
45.125,-54.125,70,70,70,2,2
50.375,-7.625,70,70,70,1,1
-28.125,113.875,70,70,70,1,1
-9.125,144.125,70,70,70,2,2
52.875,-10.375,70,70,70,3,3
68.125,-167.625,70,70,70,7,7
68.125,-168.125,70,70,70,2,2
48.875,-5.875,70,70,70,4,4
79.875,31.125,70,70,70,1,1
57.875,-167.125,70,70,70,5,6
45.625,-8.125,70,70,70,2,2
-44.125,176.375,70,70,70,2,2
77.875,34.875,70,70,70,1,1
55.625,-154.875,70,70,70,3,3
72.625,20.125,70,70,70,1,1
75.625,42.125,70,70,70,1,1
33.625,128.625,70,70,70,1,1
57.125,-149.875,70,70,70,1,2
72.375,16.125,70,70,70,2,2
38.125,143.625,70,70,70,2,2
31.625,-78.625,70,70,70,1,1
-45.125,149.125,70,70,70,3,3
-19.375,149.875,70,70,70,1,1
71.375,15.875,70,70,70,2,2
39.875,143.625,70,70,70,1,1
-19.125,149.375,70,70,70,1,1
76.375,-135.875,70,70,70,2,2
-28.125,154.875,70,70,70,1,1
68.875,12.875,70,70,70,2,2
34.875,-74.875,70,70,70,3,3
62.125,-174.375,70,70,70,2,2
-33.625,28.625,70,70,70,1,1
44.125,-7.125,70,70,70,1,1
54.875,-155.875,70,70,70,3,3
41.125,-66.125,70,70,70,1,1
21.375,-109.625,70,70,70,7,8
41.625,141.875,69,69,69,5,5
-66.125,147.625,69,69,69,2,2
71.125,-160.125,69,69,69,3,3
-35.625,18.125,69,69,69,1,1
16.625,-101.625,69,69,69,7,9
72.625,15.375,69,69,69,3,3
73.125,14.375,69,69,69,3,3
44.625,-6.875,69,69,69,1,1
33.625,129.375,69,69,69,2,2
-27.625,113.625,69,69,69,1,1
41.875,-68.875,69,69,69,2,2
-43.875,148.375,69,69,69,4,4
17.375,-102.625,69,69,69,8,10
71.375,30.625,69,69,69,2,2
-63.875,144.375,69,69,69,1,1
-65.125,141.125,69,69,69,1,1
-56.375,-64.375,69,69,69,5,5
-17.875,-38.125,69,69,69,3,4
22.375,-112.125,69,69,69,4,5
35.625,-4.625,69,69,69,1,1
-44.375,173.625,69,69,69,1,1
21.875,-18.375,69,69,69,3,4
54.125,-10.875,69,69,69,2,2
75.875,31.125,69,69,69,1,1
-7.625,-32.875,69,69,69,4,6
71.625,-96.875,69,69,69,2,2
54.375,-163.875,69,69,69,4,4
-59.125,-62.875,69,69,69,5,6
51.375,-134.875,69,69,69,1,1
41.625,139.625,69,69,69,1,1
36.375,-7.375,69,69,69,3,3
-15.375,-36.875,69,69,69,3,4
22.625,-112.875,69,69,69,5,6
-65.375,138.875,69,69,69,1,1
44.375,-10.375,69,69,69,1,1
44.375,-10.125,69,69,69,1,1
-27.125,113.375,69,69,69,1,1
55.375,-158.125,69,69,69,6,6
36.625,-10.875,69,69,69,1,1
57.375,-144.375,69,69,69,3,3
-63.625,141.875,69,69,69,1,1
-60.875,-61.875,69,69,69,5,5
74.875,13.375,69,69,69,3,3
71.625,16.125,69,69,69,3,3
65.375,9.125,69,69,69,2,2
20.875,-75.125,69,69,69,4,4
-13.625,125.125,69,69,69,1,1
-65.625,77.125,69,69,69,1,1
-26.125,154.125,69,69,69,2,2
62.125,-175.375,69,69,69,2,2
-63.375,-55.375,69,69,69,1,1
59.375,-147.125,69,69,69,1,1
-42.625,174.875,69,69,69,1,1
70.375,17.125,69,69,69,2,2
70.375,17.875,69,69,69,1,1
43.875,-67.125,69,69,69,2,2
26.375,-15.125,69,69,69,3,4
-73.875,-105.875,68,68,68,3,3
70.125,-87.625,68,68,68,1,1
73.375,-160.125,68,68,68,1,1
35.625,-122.625,68,68,68,3,3
29.875,-15.875,68,68,68,1,1
-31.125,15.625,68,68,68,2,2
-71.375,-106.125,68,68,68,1,1
39.625,-70.375,68,68,68,2,2
5.875,-51.875,68,68,68,1,2
8.125,-55.125,68,68,68,1,1
64.625,-169.125,68,68,68,3,3
53.625,-159.875,68,68,68,2,2
53.625,-168.125,68,68,68,2,3
47.375,-7.875,68,68,68,3,3
54.125,-163.875,68,68,68,9,9
56.125,-133.875,68,68,68,3,3
70.875,-139.875,68,68,68,1,1
67.875,9.125,68,68,68,2,2
-35.875,30.125,68,68,68,1,1
-65.875,149.125,68,68,68,1,1
-44.125,173.625,68,68,68,1,1
19.125,-105.625,68,68,68,8,9
-26.625,113.125,68,68,68,2,2
-21.125,115.125,68,68,68,1,1
-21.125,152.875,68,68,68,1,1
37.875,-73.375,68,68,68,3,3
-42.125,151.875,68,68,68,1,1
-64.625,117.875,68,68,68,2,2
73.875,15.625,68,68,68,1,1
-64.875,-65.625,68,68,68,1,1
71.375,-150.625,68,68,68,2,2
-64.625,143.375,68,68,68,2,2
47.125,-126.125,68,68,68,4,4
-42.625,151.625,68,68,68,1,1
22.125,-111.375,68,68,68,4,5
73.375,40.625,68,68,68,1,1
40.875,-69.375,68,68,68,4,5
72.625,-156.375,68,68,68,2,2
50.125,-7.125,68,68,68,1,1
36.625,-122.375,68,68,68,1,1
37.875,133.625,68,68,68,1,1
68.375,9.375,68,68,68,1,1
-19.875,-39.125,68,68,68,3,4
26.875,-84.875,68,68,68,1,1
28.375,-15.375,68,68,68,2,2
48.875,-127.625,68,68,68,4,4
40.125,-68.125,68,68,68,2,2
-23.875,110.125,68,68,68,1,1
51.625,-12.125,68,68,68,2,2
48.625,-127.375,68,68,68,4,4
54.625,-157.875,68,68,68,4,4
71.625,8.375,68,68,68,2,2
51.625,-5.875,68,68,68,1,1
74.125,33.875,68,68,68,2,2
34.625,-11.625,68,68,68,1,1
67.125,-168.625,68,68,68,3,3
55.375,-154.625,68,68,68,2,2
62.375,4.875,68,68,68,1,1
43.125,-68.625,68,68,68,3,3
-12.375,130.875,68,68,68,1,1
-65.375,151.625,68,68,68,1,1
69.375,15.375,68,68,68,3,4
38.875,-69.625,68,68,68,1,1
63.625,-167.625,68,68,68,3,6
60.125,-63.375,68,68,68,1,1
72.375,32.125,68,68,68,2,2
8.375,-52.875,68,68,68,1,1
24.125,-79.125,68,68,68,3,3
32.625,-13.125,67,67,67,2,2
32.375,-78.625,67,67,67,3,3
7.375,-83.625,67,67,67,2,3
-13.375,123.375,67,67,67,2,2
-27.375,113.625,67,67,67,1,1
-68.375,10.375,67,67,67,1,1
-13.375,121.875,67,67,67,1,1
-4.625,-32.625,67,67,67,1,2
51.125,-163.875,67,67,67,1,1
76.125,21.375,67,67,67,1,1
73.625,36.375,67,67,67,2,2
65.875,-168.625,67,67,67,3,4
58.625,-146.125,67,67,67,3,3
-64.125,117.625,67,67,67,1,1
-70.875,-106.875,67,67,67,2,2
57.125,-156.125,67,67,67,3,3
-68.125,30.375,67,67,67,1,1
47.125,-6.125,67,67,67,2,2
32.125,-10.125,67,67,67,5,6
-37.875,179.625,67,67,67,1,1
71.125,28.875,67,67,67,2,2
66.125,6.125,67,67,67,1,1
-36.625,176.375,67,67,67,13,13
-66.375,144.125,67,67,67,1,1
-14.875,-36.625,67,67,67,4,5
57.125,-167.125,67,67,67,4,5
46.375,-8.625,67,67,67,1,1
-15.375,122.625,67,67,67,1,1
39.625,-13.125,67,67,67,1,1
-66.625,-68.375,67,67,67,5,5
-22.125,113.625,67,67,67,1,1
-55.625,-64.125,67,67,67,2,2
26.375,-82.375,67,67,67,4,4
16.875,-101.875,67,67,67,7,9
55.375,-157.875,67,67,67,3,3
65.125,24.125,67,67,67,4,5
62.375,-174.375,67,67,67,4,4
-45.875,175.625,67,67,67,1,1
74.125,32.875,67,67,67,2,2
-45.625,150.625,67,67,67,2,2
-20.375,111.625,67,67,67,1,1
44.875,143.125,67,67,67,1,1
20.125,-69.875,67,67,67,6,6
44.625,144.625,67,67,67,2,2
44.875,-57.875,67,67,67,2,2
-18.875,120.125,67,67,67,1,1
38.625,-74.375,67,67,67,2,2
-64.875,147.875,67,67,67,1,1
70.875,19.375,67,67,67,3,3
33.875,-120.375,67,67,67,2,3
63.375,-172.875,67,67,67,4,4
33.625,136.875,67,67,67,5,6
51.125,-13.625,67,67,67,3,3
38.375,14.125,67,67,67,1,1
54.625,-9.125,67,67,67,3,3
54.875,-138.375,67,67,67,2,2
55.125,-158.875,67,67,67,5,5
74.875,14.125,67,67,67,2,2
44.375,-10.875,67,67,67,1,1
55.125,-165.625,67,67,67,4,4
43.375,-10.375,67,67,67,1,1
17.875,-103.875,67,67,67,5,6
72.875,33.625,67,67,67,2,2
32.625,-78.875,67,67,67,2,2
-23.125,153.875,67,67,67,5,5
21.125,-66.625,66,66,66,3,3
47.875,-7.875,66,66,66,3,3
-47.625,168.125,66,66,66,1,1
19.625,-67.875,66,66,66,12,18
-68.625,-77.125,66,66,66,2,2
52.875,-14.625,66,66,66,4,4
32.375,134.375,66,66,66,3,3
47.875,-8.875,66,66,66,1,1
36.625,-71.375,66,66,66,6,6
51.625,1.375,66,66,66,1,1
-20.625,152.125,66,66,66,1,1
-20.875,152.375,66,66,66,1,1
-12.625,145.625,66,66,66,1,1
36.625,-8.125,66,66,66,3,3
43.375,-68.375,66,66,66,2,2
33.875,-120.875,66,66,66,3,4
54.625,-157.375,66,66,66,2,2
75.125,24.875,66,66,66,2,2
-49.125,171.125,66,66,66,1,1
69.625,12.125,66,66,66,1,1
31.625,140.625,66,66,66,5,5
62.125,-174.875,66,66,66,4,4
19.375,-65.625,66,66,66,2,2
58.125,-167.375,66,66,66,4,4
56.625,-163.875,66,66,66,2,2
73.125,-160.375,66,66,66,2,2
66.625,-6.875,66,66,66,1,1
13.375,-97.375,66,66,66,1,1
20.625,-68.375,66,66,66,6,7
20.875,-66.375,66,66,66,2,2
51.125,-5.875,66,66,66,1,1
-72.625,-104.625,66,66,66,2,2
8.125,-79.375,66,66,66,5,5
71.125,-90.875,66,66,66,1,1
58.625,-61.875,66,66,66,1,1
7.875,-79.375,66,66,66,5,5
-65.625,148.625,66,66,66,1,1
64.625,1.375,66,66,66,2,2
-66.875,-72.125,66,66,66,2,3
60.625,-66.125,66,66,66,1,1
52.125,-10.625,66,66,66,4,4
-63.125,-61.125,66,66,66,4,4
76.625,23.375,66,66,66,2,2
18.625,-67.625,66,66,66,4,6
-42.875,179.375,66,66,66,1,1
-64.375,78.125,66,66,66,1,1
-18.625,120.625,66,66,66,1,1
36.125,-3.125,66,66,66,1,1
41.875,-11.875,66,66,66,1,1
52.375,-10.375,66,66,66,3,3
-64.125,114.875,66,66,66,1,1
-13.875,-36.125,66,66,66,4,5
65.625,6.625,66,66,66,1,1
18.625,-68.375,66,66,66,5,7
-66.625,-67.125,66,66,66,3,3
29.625,-88.875,66,66,66,1,1
-44.625,150.625,66,66,66,1,1
-44.875,176.625,66,66,66,2,2
18.875,-67.625,66,66,66,7,7
-43.375,174.125,66,66,66,2,2
55.625,-157.125,66,66,66,2,3
-67.125,63.125,66,66,66,1,1
9.125,-55.375,66,66,66,1,1
75.375,32.625,66,66,66,1,1
-7.125,-32.625,66,66,66,4,6
22.125,-18.375,66,66,66,3,4
-44.625,149.375,66,66,66,1,1
-19.375,151.375,66,66,66,1,1
60.125,-63.875,66,66,66,1,1
57.875,-151.875,66,66,66,3,3
70.625,-162.125,66,66,66,3,4
19.375,-106.375,66,66,66,7,8
-39.375,178.125,66,66,66,12,12
56.375,-152.375,66,66,66,2,2
-39.375,146.625,66,66,66,12,12
-35.125,-53.875,66,66,66,1,1
8.125,-86.875,65,65,65,2,3
73.125,16.625,65,65,65,1,1
72.875,-157.375,65,65,65,3,3
60.625,1.375,65,65,65,2,2
46.375,-128.875,65,65,65,2,2
37.625,-10.625,65,65,65,1,1
46.375,-8.375,65,65,65,1,1
22.125,-111.125,65,65,65,4,4
71.625,-150.625,65,65,65,2,2
63.625,1.375,65,65,65,2,2
45.625,-128.125,65,65,65,2,3
41.375,-11.625,65,65,65,1,1
71.625,-161.875,65,65,65,4,5
29.875,-16.125,65,65,65,1,1
-65.125,117.125,65,65,65,1,1
56.625,-143.125,65,65,65,2,2
57.625,-146.125,65,65,65,3,3
71.625,25.125,65,65,65,2,2
42.375,-69.125,65,65,65,2,2
72.375,-150.625,65,65,65,1,1
38.125,-9.125,65,65,65,1,1
20.125,-86.375,65,65,65,9,13
34.875,-121.875,65,65,65,3,3
12.125,-78.375,65,65,65,6,6
34.625,130.875,65,65,65,2,2
65.375,5.625,65,65,65,1,1
-12.875,126.625,65,65,65,2,2
51.375,-7.375,65,65,65,2,2
47.875,-126.875,65,65,65,2,2
32.125,-79.375,65,65,65,1,1
79.125,9.125,65,65,65,1,1
7.625,-84.625,65,65,65,2,3
74.625,-136.875,65,65,65,2,2
44.375,-10.625,65,65,65,1,1
43.625,-124.625,65,65,65,3,4
-36.875,171.125,65,65,65,9,9
29.125,-12.875,65,65,65,5,6
38.375,-9.625,65,65,65,2,2
-23.125,153.625,65,65,65,1,1
32.375,-79.125,65,65,65,3,3
33.375,136.875,65,65,65,4,4
34.125,-75.625,65,65,65,1,1
62.125,-167.125,65,65,65,5,5
19.875,-67.625,65,65,65,7,10
72.625,-161.125,65,65,65,3,5
8.875,-85.125,65,65,65,7,9
33.375,-78.125,65,65,65,2,2
-45.375,172.125,65,65,65,1,1
48.125,-129.375,64,64,64,3,3
56.875,-154.875,64,64,64,3,3
-36.375,150.625,64,64,64,14,14
52.625,-11.625,64,64,64,2,2
-65.875,143.625,64,64,64,2,2
-9.375,-34.875,64,64,64,1,1
23.125,-114.125,64,64,64,4,4
68.125,-113.625,64,64,64,1,1
15.375,-99.625,64,64,64,1,1
-23.875,112.375,64,64,64,1,1
72.125,-133.625,64,64,64,1,1
64.125,-8.875,64,64,64,1,1
50.875,-9.125,64,64,64,2,2
38.375,-73.125,64,64,64,2,2
16.375,-100.875,64,64,64,6,8
-20.875,152.875,64,64,64,1,1
-20.125,151.125,64,64,64,1,1
-46.875,170.125,64,64,64,1,1
65.375,5.375,64,64,64,1,1
44.375,144.625,64,64,64,1,1
11.125,-79.125,64,64,64,6,6
59.875,-144.625,64,64,64,2,2
-30.375,114.375,64,64,64,1,1
-46.875,168.875,64,64,64,1,1
74.375,16.125,64,64,64,2,2
-66.875,30.125,64,64,64,1,1
44.625,-125.875,64,64,64,1,2
44.375,143.625,64,64,64,1,1
44.375,-11.125,64,64,64,1,1
53.125,-136.375,64,64,64,2,3
-48.625,172.125,64,64,64,1,1
57.625,17.625,64,64,64,10,11
19.125,-19.875,64,64,64,4,5
61.875,-24.625,64,64,64,1,1
42.625,-11.625,64,64,64,1,1
57.875,-149.875,64,64,64,2,2
34.375,140.875,64,64,64,10,16
50.375,-12.375,64,64,64,1,1
-44.625,151.125,64,64,64,1,1
20.125,-68.625,64,64,64,4,6
63.375,-166.375,64,64,64,3,3
-8.875,-34.625,64,64,64,1,1
19.125,-64.125,64,64,64,12,20
79.125,7.625,64,64,64,1,1
24.625,-77.125,64,64,64,1,1
-14.625,145.625,64,64,64,1,1
45.125,143.875,64,64,64,1,1
45.125,144.125,64,64,64,1,1
-13.375,145.875,64,64,64,1,1
28.875,-13.125,64,64,64,5,6
-18.625,148.125,64,64,64,1,1
18.875,-64.875,64,64,64,7,10
57.625,-166.875,64,64,64,4,4
45.875,-6.875,64,64,64,1,1
50.875,-12.625,64,64,64,2,2
49.625,-13.375,64,64,64,2,2
-26.375,112.875,64,64,64,1,1
33.125,134.875,64,64,64,6,6
72.375,-155.125,64,64,64,4,4
-66.375,145.875,64,64,64,2,2
-18.375,147.875,64,64,64,1,1
71.875,16.625,64,64,64,3,4
-35.625,-53.125,64,64,64,1,1
64.625,6.125,64,64,64,1,1
76.375,14.375,64,64,64,1,1
-22.625,153.375,64,64,64,1,1
51.875,3.625,64,64,64,2,2
-38.125,151.875,64,64,64,12,12
21.375,-84.375,64,64,64,12,18
32.875,-119.125,64,64,64,4,6
69.125,-167.625,64,64,64,3,4
40.625,143.625,64,64,64,2,2
-66.375,75.625,64,64,64,1,1
70.125,-121.375,64,64,64,3,3
79.625,30.875,64,64,64,1,1
-74.125,-105.875,64,64,64,4,4
70.125,31.125,63,63,63,2,2
-68.875,-79.875,63,63,63,2,2
-61.625,-61.375,63,63,63,5,5
7.875,-85.625,63,63,63,2,3
48.875,-11.625,63,63,63,1,1
-23.375,113.375,63,63,63,1,1
7.375,-51.375,63,63,63,1,1
20.875,-108.875,63,63,63,7,8
52.625,3.625,63,63,5,1,2
48.625,-127.125,63,63,63,3,3
40.375,-9.875,63,63,63,2,2
-72.625,-105.875,63,63,63,1,1
-15.875,122.125,63,63,63,1,1
30.125,-11.875,63,63,63,5,6
35.125,141.375,63,63,63,6,7
41.875,-125.875,63,63,63,2,2
-34.375,112.625,63,63,63,1,1
41.625,-11.625,63,63,63,2,2
26.125,-83.125,63,63,63,2,2
-66.375,152.625,63,63,63,1,1
18.625,-104.875,63,63,63,8,10
40.875,-124.875,63,63,63,2,2
50.625,-8.375,63,63,63,2,2
30.875,131.125,63,63,63,6,6
-34.875,-54.375,63,63,63,1,1
-67.875,-70.375,63,63,63,3,4
68.625,11.875,63,63,63,2,2
56.875,17.625,63,63,63,12,12
40.625,-67.625,63,63,63,2,2
56.625,-153.875,63,63,63,4,4
-22.875,153.875,63,63,63,5,5
47.375,-8.625,63,63,63,4,4
53.125,-11.125,63,63,63,3,3
-25.625,153.375,63,63,63,4,4
36.875,-10.875,63,63,63,1,1
34.125,-76.375,63,63,63,3,3
34.125,137.125,63,63,63,7,7
-21.875,153.125,63,63,63,1,1
59.125,-152.375,63,63,63,2,2
-23.125,-41.875,63,63,63,3,4
-23.375,153.625,63,63,63,1,1
51.125,-10.875,63,63,63,3,3
32.125,136.875,63,63,63,2,2
67.875,10.625,63,63,63,1,1
32.625,-77.625,63,63,63,2,2
58.875,-149.625,63,63,63,1,2
-65.375,147.375,63,63,63,1,1
24.125,-82.875,63,63,63,1,1
42.375,-10.125,63,63,63,2,2
-13.375,124.125,63,63,63,2,2
55.875,-155.875,63,63,63,2,2
65.125,24.375,63,63,63,4,5
43.875,9.125,63,63,63,2,2
42.875,-11.125,63,63,63,1,1
74.125,33.625,63,63,63,2,2
-12.625,128.375,63,63,63,2,2
-45.875,172.875,63,63,63,1,1
55.625,-165.625,63,63,63,4,4
55.375,-156.625,63,63,63,4,5
-33.125,114.125,63,63,63,1,1
72.375,34.125,63,63,63,2,2
49.625,-0.875,63,63,63,5,5
62.875,-173.375,63,63,63,3,3
54.875,-166.625,63,63,63,3,3
34.125,-121.125,63,63,63,1,2
-46.125,146.875,63,63,63,1,1
62.375,0.375,63,63,63,1,1
32.875,136.625,63,63,63,2,2
8.375,-87.875,63,63,63,2,3
36.625,-7.875,63,63,63,2,2
-56.875,-64.125,63,63,63,6,6
8.125,-51.875,63,63,63,1,1
-27.875,113.375,63,63,63,1,1
-6.875,-33.875,63,63,63,1,1
68.375,5.625,63,63,63,1,1
33.375,136.375,63,63,63,3,3
-10.625,142.125,63,63,63,1,1
64.875,4.125,63,63,63,2,2
-65.375,-66.375,63,63,63,5,5
45.125,-53.875,63,63,63,2,2
22.125,-76.625,63,63,63,1,1
-27.625,153.875,63,63,63,1,1
-27.125,113.125,63,63,63,1,1
-66.375,76.125,62,62,62,1,1
60.875,-167.875,62,62,62,5,5
-65.125,120.875,62,62,62,1,1
56.875,-8.625,62,62,62,3,3
-17.625,147.625,62,62,62,1,1
17.875,-63.875,62,62,62,6,7
70.625,20.625,62,62,62,3,3
7.875,-83.875,62,62,62,3,3
48.375,-6.375,62,62,62,3,3
-62.125,-60.375,62,62,62,1,1
64.125,-0.625,62,62,62,1,1
-73.375,-103.625,62,62,62,3,3
-65.125,79.375,62,62,62,1,1
-37.625,178.375,62,62,62,10,10
40.375,3.375,62,62,62,2,2
73.125,-145.375,62,62,62,1,1
44.375,-9.125,62,62,62,3,3
72.375,33.375,62,62,62,2,2
-45.875,149.375,62,62,62,1,1
-32.375,16.875,62,62,62,2,2
43.625,-9.125,62,62,62,1,1
-31.125,114.625,62,62,62,1,1
70.375,16.875,62,62,62,2,2
-45.375,142.125,62,62,62,3,3
43.125,9.125,62,62,62,2,2
39.125,-124.375,62,62,62,2,3
51.875,-11.875,62,62,62,1,1
35.125,141.625,62,62,62,5,5
-43.125,177.125,62,62,62,1,1
-41.375,152.375,62,62,62,1,1
-66.125,-66.875,62,62,62,4,4
26.125,-18.625,62,62,62,1,1
31.125,-14.375,62,62,62,2,2
56.375,17.875,62,62,62,5,6
25.125,-83.125,62,62,62,1,1
-13.125,-35.625,62,62,62,4,5
66.875,-165.125,62,62,62,1,1
31.375,-79.125,62,62,62,1,1
69.375,14.875,62,62,62,3,3
52.125,3.375,62,62,62,1,1
42.375,137.875,62,62,62,2,2
75.375,25.875,62,62,62,1,1
75.125,23.375,62,62,62,1,1
63.625,21.375,62,62,62,3,8
8.375,-88.125,62,62,62,2,3
45.875,-125.375,62,62,62,3,4
58.375,-153.875,62,62,62,4,4
-54.875,-57.875,62,62,62,1,1
33.125,138.125,62,62,62,6,8
33.625,137.625,62,62,62,7,7
78.875,9.125,62,62,62,1,1
26.875,-83.375,62,62,62,2,2
51.125,-14.625,62,62,62,2,2
74.875,18.875,62,62,62,1,1
-21.375,111.875,62,62,62,1,1
45.125,-126.125,62,62,62,2,3
59.625,20.125,62,62,62,4,4
54.625,-161.375,62,62,62,2,2
36.875,-1.125,62,62,62,1,1
21.625,-110.375,62,62,62,6,7
70.125,19.625,62,62,62,2,2
-64.125,145.875,62,62,62,1,1
8.125,-84.125,62,62,62,8,10
-25.125,112.625,62,62,62,1,1
20.625,-85.625,62,62,62,5,5
46.125,-125.625,62,62,62,4,5
-65.625,146.375,62,62,62,1,1
72.125,16.375,62,62,62,3,4
-23.125,113.375,62,62,62,1,1
-63.875,117.625,62,62,62,1,1
32.125,-10.375,62,62,62,5,5
50.875,-5.875,62,62,62,1,1
79.875,31.375,62,62,62,1,1
51.125,-11.125,62,62,62,3,5
-65.625,76.875,62,62,62,1,1
76.875,27.375,61,61,61,2,2
-68.875,6.375,61,61,61,1,1
37.375,-71.875,61,61,61,3,3
72.125,16.625,61,61,61,4,4
-24.375,112.375,61,61,61,1,1
53.875,-167.125,61,61,61,2,2
53.875,-167.625,61,61,61,2,3
70.375,-161.625,61,61,61,1,1
53.875,-11.625,61,61,61,2,2
46.125,-8.875,61,61,61,1,1
45.625,-7.875,61,61,61,2,2
33.125,128.375,61,61,61,2,2
33.125,-12.875,61,61,61,1,1
8.375,-87.625,61,61,61,2,2
64.875,-169.125,61,61,61,4,4
-6.375,-33.625,61,61,61,1,1
64.875,-169.625,61,61,61,5,5
-54.875,-57.125,61,61,61,1,1
-64.125,114.375,61,61,61,1,1
45.375,-127.125,61,61,61,2,3
75.375,26.125,61,61,61,1,1
44.875,-58.375,61,61,61,3,3
51.375,-135.375,61,61,61,2,2
51.125,-13.875,61,61,61,2,2
-10.125,-35.625,61,61,61,1,2
44.625,-128.875,61,61,61,2,2
33.875,-12.375,61,61,61,2,2
54.625,-10.125,61,61,61,3,3
31.625,133.375,61,61,61,2,2
31.625,133.125,61,61,61,2,2
43.625,-67.375,61,61,61,1,1
43.375,-67.125,61,61,61,2,2
-46.125,147.125,61,61,61,1,1
-22.625,-41.375,61,61,61,2,3
28.625,-88.375,61,61,61,1,1
42.625,5.875,61,61,61,1,1
-64.125,-55.375,61,61,61,1,1
31.375,131.625,61,61,61,4,4
42.625,-128.875,61,61,61,1,1
19.125,-66.625,61,61,61,12,19
52.125,3.875,61,61,61,1,1
34.625,-121.875,61,61,61,3,3
65.375,23.875,61,61,61,2,5
55.625,-7.375,61,61,61,2,2
50.875,-6.875,61,61,61,2,2
56.125,-158.125,61,61,61,2,2
-14.125,146.125,61,61,61,1,1
65.625,4.625,61,61,61,1,1
41.625,5.625,61,61,61,2,2
71.125,13.875,61,61,61,1,1
58.375,-5.875,61,61,61,2,2
37.875,0.125,61,61,61,1,1
-26.875,154.625,61,61,61,1,1
-26.375,113.125,61,61,61,1,1
-64.625,147.625,61,61,61,1,1
35.375,-121.875,61,61,61,3,3
35.125,141.125,61,61,61,5,5
71.875,-154.375,61,61,61,3,3
52.125,-10.875,61,61,61,3,3
56.125,-7.875,61,61,61,2,2
56.125,-8.125,61,61,61,2,2
69.125,15.125,61,61,61,2,3
73.625,-142.875,61,61,61,1,1
30.625,136.625,61,61,61,8,8
65.875,3.875,61,61,61,1,1
40.875,-11.375,61,61,61,1,1
-27.375,113.125,61,61,61,1,1
-21.375,153.875,61,61,61,4,4
-15.125,145.875,61,61,61,1,1
-38.625,148.625,61,61,61,12,12
73.125,14.625,61,61,61,3,3
35.625,-4.125,61,61,61,1,1
-17.875,148.125,61,61,61,1,1
56.875,-8.875,61,61,61,3,3
17.625,-65.375,61,61,61,1,1
66.625,11.875,61,61,61,2,2
-34.125,112.875,61,61,61,1,1
39.125,-74.625,61,61,61,2,2
72.625,-155.625,61,61,61,1,1
-18.875,148.625,61,61,61,1,1
71.875,26.625,61,61,61,2,2
-32.125,113.875,61,61,61,1,1
50.375,-11.125,61,61,61,2,2
38.625,0.375,61,61,61,1,1
-32.125,152.625,61,61,61,13,13
70.875,31.875,61,61,61,2,2
53.125,-159.625,61,61,61,1,1
64.125,-165.375,61,61,61,1,1
7.625,-84.375,61,61,61,2,2
-74.375,-106.625,61,61,61,3,3
47.875,-9.125,60,60,60,1,1
7.625,-84.875,60,60,60,2,3
-73.875,-105.625,60,60,60,4,4
-24.125,113.125,60,60,60,1,1
47.125,-4.125,60,60,60,1,1
59.125,-146.875,60,60,60,2,2
16.375,-76.125,60,60,60,4,4
71.125,-163.875,60,60,60,4,6
-20.625,116.125,60,60,60,1,1
71.125,24.875,60,60,60,3,3
20.375,-66.125,60,60,60,2,2
-3.875,153.375,60,60,60,12,12
-4.125,-32.625,60,60,60,1,1
64.625,6.875,60,60,60,1,1
-32.125,115.125,60,60,60,2,2
-20.125,117.875,60,60,60,1,1
8.125,-86.625,60,60,60,2,3
32.625,140.375,60,60,60,8,12
8.625,-88.625,60,60,60,2,2
8.625,-88.875,60,60,60,2,2
75.875,27.875,60,60,60,1,1
36.375,-10.875,60,60,60,1,1
-20.125,116.875,60,60,60,1,1
-20.125,152.875,60,60,60,1,1
-65.625,-74.875,60,60,60,1,1
-20.125,117.625,60,60,60,1,1
-6.125,-33.625,60,60,60,1,1
31.375,132.625,60,60,60,2,2
34.375,137.125,60,60,60,15,19
55.375,-159.375,60,60,60,5,5
-62.625,-57.125,60,60,60,3,4
-22.375,153.875,60,60,60,4,4
-45.875,144.375,60,60,60,1,1
-13.125,145.875,60,60,60,1,1
-73.875,-104.625,60,60,60,3,3
26.125,-77.875,60,60,60,4,4
33.375,-77.375,60,60,60,2,2
71.375,19.125,60,60,60,4,4
-65.875,-66.875,60,60,60,4,5
-11.125,145.125,60,60,60,1,1
44.875,-125.625,60,60,60,4,5
-10.625,145.125,60,60,60,1,1
-24.875,110.125,60,60,60,1,1
-8.125,-33.125,60,60,60,4,6
63.625,-172.375,60,60,60,4,4
-8.375,-34.375,60,60,60,1,1
13.625,-97.625,60,60,60,1,1
-23.375,-42.875,60,60,60,3,4
71.125,-97.375,60,60,60,2,2
20.125,-19.375,60,60,60,3,4
52.125,-137.375,60,60,60,2,2
41.375,140.625,60,60,60,3,4
73.625,35.625,60,60,60,2,2
25.625,-83.125,60,60,60,1,1
69.375,-99.875,60,60,60,1,1
-64.625,-66.625,60,60,60,1,1
56.375,-6.875,60,60,60,1,1
-64.875,141.125,60,60,60,1,1
65.875,9.875,60,60,60,2,2
20.625,-70.125,60,60,60,6,6
56.625,-134.625,60,60,60,3,3
-17.375,147.375,60,60,60,1,1
-37.625,177.375,60,60,60,1,1
70.625,32.125,60,60,60,2,2
-72.875,-84.375,60,60,60,1,1
40.625,142.125,60,60,60,4,5
-64.375,83.125,60,60,60,1,1
-63.375,-66.375,60,60,60,1,1
66.375,11.375,60,60,60,2,2
-26.875,110.125,60,60,60,1,1
-20.875,-39.625,60,60,60,3,4
55.875,-7.125,60,60,60,2,2
-43.625,176.875,60,60,60,1,1
-69.875,-79.875,60,60,60,1,1
23.375,-114.875,60,60,60,5,5
60.625,-172.875,60,60,60,1,1
68.375,-167.875,60,60,60,3,3
-44.375,145.875,60,60,60,3,3
60.625,3.625,60,60,60,2,2
11.625,-92.625,60,60,60,1,1
79.375,31.125,60,60,60,1,1
80.125,30.625,60,60,60,1,1
-44.625,147.125,60,60,60,1,1
42.125,141.625,60,60,60,1,1
35.875,-11.125,60,60,60,1,1
31.375,-78.875,60,60,60,1,1
34.625,130.625,60,60,60,3,3
-68.125,-75.375,60,60,60,3,3
53.875,-11.875,59,59,59,2,2
53.875,-156.625,59,59,59,2,2
-32.125,113.375,59,59,59,1,1
50.875,-12.375,59,59,59,2,2
46.625,-125.375,59,59,59,4,4
36.375,-74.625,59,59,59,2,2
46.375,-8.125,59,59,59,1,1
58.125,-146.125,59,59,59,2,2
49.125,-11.875,59,59,59,1,2
37.125,-127.375,59,59,59,3,3
51.375,-14.375,59,59,59,2,2
28.125,-13.375,59,59,59,4,4
32.625,-76.875,59,59,59,2,2
6.625,-51.375,59,59,59,3,6
21.125,-65.625,59,59,59,1,1
21.375,-109.375,59,59,59,2,2
-74.125,-106.125,59,59,59,4,4
46.875,-7.875,59,59,59,1,1
20.375,-65.875,59,59,59,1,1
47.125,-5.875,59,59,59,2,2
-29.375,113.875,59,59,59,1,1
-65.125,131.875,59,59,59,1,1
63.875,-166.125,59,59,59,3,3
-24.375,153.625,59,59,59,6,6
45.125,-55.625,59,59,59,2,2
37.375,-10.625,59,59,59,1,1
34.375,139.125,59,59,59,11,15
-45.125,142.125,59,59,59,2,2
62.375,-2.625,59,59,59,1,1
-45.875,147.125,59,59,59,1,1
39.375,-74.375,59,59,59,2,3
-21.875,110.125,59,59,59,1,1
72.625,14.625,59,59,59,1,1
74.625,24.375,59,59,59,2,2
66.625,11.625,59,59,59,2,2
-67.875,29.875,59,59,59,1,1
-68.625,5.875,59,59,59,1,1
-33.625,151.875,59,59,59,11,11
74.375,23.875,59,59,59,3,3
69.625,5.625,59,59,59,1,1
62.375,1.125,59,59,59,1,1
65.125,24.875,59,59,59,3,4
-46.875,146.625,59,59,59,1,1
60.625,-179.125,59,59,59,1,1
-68.625,6.625,59,59,59,1,1
-65.375,-65.625,59,59,59,3,3
60.125,-0.375,59,59,59,1,1
13.875,-97.875,59,59,59,1,1
54.625,-158.625,59,59,59,4,4
-52.375,-67.625,59,59,59,1,1
-62.875,-60.875,59,59,59,2,2
57.625,-155.375,59,59,59,3,3
57.625,-165.625,59,59,59,3,3
44.625,-126.625,59,59,59,2,2
-49.375,166.875,59,59,59,1,1
22.625,-18.125,59,59,59,3,4
-65.875,-67.125,59,59,59,4,5
43.375,9.875,59,59,59,2,2
-73.125,-103.875,59,59,59,3,3
-25.375,110.125,59,59,59,1,1
-13.875,121.625,59,59,59,2,2
55.875,-158.125,59,59,59,4,4
42.125,-124.875,59,59,59,4,4
29.875,-87.125,59,59,59,2,2
66.625,-13.125,59,59,59,1,1
72.875,-148.375,59,59,59,1,1
-44.375,144.375,59,59,59,2,2
-62.625,-59.625,59,59,59,3,3
42.125,141.875,59,59,59,1,1
-44.375,146.625,59,59,59,2,2
42.125,-9.625,59,59,59,1,1
55.625,-6.875,59,59,59,2,2
-64.375,143.625,59,59,59,1,1
-68.375,9.875,59,59,59,1,1
-26.625,110.125,59,59,59,1,1
59.625,-143.625,59,59,59,1,1
-21.125,-39.625,59,59,59,3,4
58.375,-148.625,59,59,59,1,1
56.375,-154.625,59,59,59,2,2
50.625,-8.625,59,59,59,2,2
51.625,-135.875,59,59,59,2,2
-37.125,-54.125,59,59,59,1,1
56.625,-166.375,59,59,59,4,4
-38.875,145.875,59,59,59,14,14
70.625,21.875,59,59,59,2,2
-71.625,-86.125,59,59,59,1,1
76.875,30.125,59,59,59,1,1
35.625,-4.375,59,59,59,1,1
7.875,-85.375,59,59,59,2,2
77.375,28.125,59,59,59,2,2
21.125,-18.875,58,58,58,3,4
53.125,-169.375,58,58,58,1,1
-17.125,121.625,58,58,58,1,1
66.125,-168.625,58,58,58,3,3
7.375,-83.375,58,58,58,2,3
7.375,-83.875,58,58,58,2,3
46.125,-11.125,58,58,58,3,3
60.875,-25.625,58,58,58,1,1
53.875,-11.125,58,58,58,2,2
53.875,-55.625,58,58,58,1,1
47.125,-129.125,58,58,58,1,1
32.875,-12.875,58,58,58,2,2
-60.375,-63.375,58,58,58,9,11
47.125,-126.375,58,58,58,4,4
-64.875,145.875,58,58,58,1,1
12.375,-69.875,58,58,58,2,2
-39.125,-55.875,58,58,58,2,2
-65.875,150.375,58,58,58,1,1
46.625,-128.625,58,58,58,2,2
12.625,-95.625,58,58,58,1,1
54.625,-166.125,58,58,58,4,5
36.125,-122.875,58,58,58,2,2
26.625,-84.875,58,58,58,1,1
9.625,-79.875,58,58,58,4,4
20.125,-65.875,58,58,58,5,5
-19.625,118.625,58,58,58,1,1
-19.125,150.625,58,58,58,1,1
-22.375,110.125,58,58,58,1,1
45.625,-12.125,58,58,58,3,3
75.875,35.125,58,58,58,1,1
-63.125,117.875,58,58,58,1,1
-64.125,114.625,58,58,58,1,1
45.125,-54.375,58,58,58,2,2
50.625,-6.375,58,58,58,2,2
-14.625,-36.375,58,58,58,4,5
45.125,-128.125,58,58,58,2,2
-43.125,179.625,58,58,58,1,1
44.625,-49.625,58,58,58,2,2
75.375,-5.375,58,58,58,1,1
31.125,130.375,58,58,58,4,4
68.625,-110.125,58,58,58,1,1
37.875,-73.625,58,58,58,2,2
-21.125,111.875,58,58,58,1,1
25.875,-78.875,58,58,58,1,1
22.875,-72.625,58,58,58,7,7
43.875,-9.375,58,58,58,3,3
31.625,136.125,58,58,58,11,12
62.625,-174.875,58,58,58,2,2
69.375,14.125,58,58,58,3,3
71.625,10.375,58,58,58,3,3
60.625,2.125,58,58,58,2,2
10.625,-89.125,58,58,58,1,1
44.625,-128.625,58,58,58,3,3
-10.875,136.375,58,58,58,1,1
-65.125,-65.375,58,58,58,5,5
50.875,-11.125,58,58,58,1,1
30.125,-14.875,58,58,58,1,2
71.875,-165.875,58,58,58,4,5
-35.875,18.375,58,58,58,1,1
66.625,-8.875,58,58,58,1,1
-32.125,16.625,58,58,58,2,2
-32.125,113.125,58,58,58,1,1
38.875,-74.375,58,58,58,3,3
-18.625,149.625,58,58,58,1,1
55.625,-165.875,58,58,58,4,4
43.125,-67.125,58,58,58,2,2
-46.625,147.125,58,58,58,1,1
71.625,21.125,58,58,58,2,2
78.625,30.375,58,58,58,2,2
-45.625,150.875,58,58,58,2,2
71.625,15.125,58,58,58,2,2
31.375,-11.125,58,58,58,3,3
-23.375,110.125,58,58,58,1,1
72.625,16.125,58,58,58,2,2
71.125,-162.625,58,58,58,2,2
32.875,-119.625,58,58,58,1,2
37.625,-73.375,58,58,58,1,1
41.125,-11.625,57,57,57,1,1
-73.375,-104.875,57,57,57,2,2
68.125,5.375,57,57,57,1,1
25.125,-77.125,57,57,57,11,20
64.625,8.125,57,57,57,2,2
73.625,30.375,57,57,57,1,1
-67.625,-69.625,57,57,57,4,4
-49.125,170.375,57,57,57,1,1
31.375,-77.875,57,57,57,2,2
60.625,1.875,57,57,57,2,2
33.875,137.375,57,57,57,3,3
33.875,-11.875,57,57,57,2,2
42.125,142.125,57,57,57,1,1
70.625,-161.625,57,57,57,2,2
-18.125,148.375,57,57,57,1,1
35.625,143.625,57,57,57,4,4
41.375,-125.125,57,57,57,3,3
-56.125,-64.875,57,57,57,2,2
41.625,-65.875,57,57,57,1,1
44.625,-62.625,57,57,57,2,2
-64.375,78.625,57,57,57,1,1
41.625,-69.875,57,57,57,1,1
-32.875,114.375,57,57,57,1,1
73.625,32.625,57,57,57,1,1
44.875,-54.875,57,57,57,2,2
-65.875,76.625,57,57,57,1,1
44.625,-49.375,57,57,57,2,2
-22.625,153.875,57,57,57,4,4
-25.375,156.125,57,57,57,1,1
-66.625,63.875,57,57,57,1,1
46.375,-4.875,57,57,57,1,1
-65.125,109.625,57,57,57,1,1
46.875,-3.375,57,57,57,2,2
60.875,-5.875,57,57,33,1,2
45.875,-9.875,57,57,57,1,1
46.375,-2.875,57,57,57,3,3
-16.875,145.875,57,57,57,1,1
40.625,143.875,57,57,57,6,6
73.375,-160.375,57,57,57,1,1
58.125,-137.875,57,57,57,2,3
56.625,-152.125,57,57,57,1,1
50.875,-6.375,57,57,57,1,1
-65.125,123.625,57,57,57,1,1
37.125,-74.375,57,57,57,2,2
-23.125,-42.375,57,57,57,3,4
73.125,13.625,57,57,57,2,2
13.125,-97.125,57,57,57,1,1
71.375,-160.875,57,57,57,6,6
7.625,-84.125,57,57,57,2,2
79.875,29.625,57,57,57,1,1
57.125,-147.375,57,57,57,3,3
-25.875,153.875,57,57,57,1,1
37.625,-74.125,57,57,57,3,3
42.375,-66.875,57,57,57,3,3
71.375,11.625,57,57,57,2,2
32.625,-77.375,57,57,57,2,2
-67.625,-70.375,57,57,57,2,2
23.625,-115.375,57,57,57,3,3
65.125,25.125,57,57,57,2,3
-34.375,173.375,57,57,57,12,12
-46.625,167.375,57,57,57,1,1
-44.875,151.875,57,57,57,1,1
49.875,-134.625,57,57,57,3,3
-12.875,126.125,57,57,57,2,2
-45.375,150.125,57,57,57,1,1
10.875,-89.625,57,57,57,1,1
11.625,-92.375,57,57,57,1,1
55.625,-155.625,57,57,57,4,4
66.625,11.375,57,57,57,1,1
74.625,13.625,57,57,57,1,1
-10.125,-34.375,57,57,57,3,4
44.625,-127.625,57,57,57,2,2
51.125,2.125,57,57,57,2,2
55.625,-8.375,57,57,57,1,1
10.625,-88.875,57,57,57,1,1
24.125,-79.625,57,57,57,6,9
-14.625,121.375,57,57,57,2,2
31.125,131.875,57,57,57,2,2
66.375,12.125,57,57,57,2,2
-36.375,17.375,57,57,57,1,1
68.625,-168.375,57,57,57,3,3
26.375,-84.125,57,57,57,1,1
67.375,8.875,56,56,56,2,2
71.125,15.375,56,56,56,1,1
-37.625,177.625,56,56,56,1,1
40.625,-11.375,56,56,56,2,2
73.125,20.125,56,56,56,1,1
64.375,0.375,56,56,56,2,2
-16.375,146.375,56,56,56,1,1
32.375,-13.125,56,56,56,1,1
-73.875,-106.375,56,56,56,2,2
-17.625,121.875,56,56,56,1,1
-65.125,118.875,56,56,56,1,1
-74.125,-107.625,56,56,56,2,2
68.875,-104.375,56,56,56,2,2
-7.125,-32.875,56,56,56,3,4
72.375,33.625,56,56,56,2,2
28.375,-93.125,56,56,56,1,1
-56.375,-64.125,56,56,56,5,5
35.375,-6.875,56,56,56,5,5
8.375,-87.375,56,56,56,2,2
38.125,-70.125,56,56,56,1,1
-66.625,63.625,56,56,56,1,1
50.875,-12.875,56,56,56,2,3
70.625,12.125,56,56,56,1,1
48.375,-6.125,56,56,56,5,5
48.125,-5.375,56,56,56,2,2
-39.375,178.625,56,56,56,1,1
-28.375,110.125,56,56,56,1,1
-68.125,3.125,56,56,56,1,1
46.125,-4.625,56,56,56,1,1
12.625,-95.875,56,56,56,1,1
40.875,-69.625,56,56,56,3,3
-28.625,113.625,56,56,56,1,1
51.875,-13.625,56,56,56,2,2
-26.125,154.625,56,56,56,1,1
67.875,11.875,56,56,56,2,2
45.375,-126.625,56,56,56,3,4
15.125,-76.875,56,56,56,6,6
-14.125,-36.125,56,56,56,4,5
41.375,-66.875,56,56,56,2,2
22.625,-112.625,56,56,56,2,3
73.625,35.875,56,56,56,2,2
-62.875,117.625,56,56,56,1,1
56.125,-8.875,56,56,56,2,2
9.875,-79.625,56,56,56,7,7
43.625,-69.625,56,56,56,2,2
-18.375,148.875,56,56,56,1,1
43.375,6.625,56,56,56,1,1
57.375,19.625,56,56,56,10,10
12.375,-94.875,56,56,56,1,1
-35.625,150.625,56,56,56,10,10
-66.375,-69.625,56,56,56,2,2
-9.625,144.625,56,56,56,2,2
69.875,-165.375,56,56,56,4,6
-48.875,166.875,56,56,56,1,1
-67.125,62.875,56,56,56,1,1
42.125,139.875,56,56,56,2,2
-68.625,-75.375,56,56,56,2,2
12.125,-93.875,56,56,56,1,1
33.875,129.125,56,56,56,1,1
-50.125,-63.625,56,56,56,2,2
33.625,141.375,56,56,56,8,11
10.375,-88.375,56,56,56,1,1
73.875,15.375,56,56,56,1,1
10.625,-89.375,56,56,56,1,1
-18.375,149.125,56,56,56,1,1
62.375,2.625,56,56,56,1,1
-45.375,171.875,56,56,56,1,1
34.125,-120.625,56,56,56,2,2
72.875,-156.625,56,56,56,2,2
69.625,-166.125,56,56,56,6,7
-46.875,166.625,56,56,56,2,2
34.625,-7.875,56,56,56,5,6
69.625,11.375,56,56,56,1,1
60.375,-5.875,56,56,37,1,2
60.625,-172.625,56,56,56,1,1
-18.375,120.875,56,56,56,1,1
77.625,28.375,56,56,56,1,1
60.375,-148.125,56,56,56,3,3
59.625,-149.625,56,56,56,2,2
-22.125,-40.875,56,56,56,3,4
39.375,-69.375,56,56,56,1,2
-35.125,174.625,56,56,56,8,8
50.125,-1.375,56,56,56,2,2
-35.375,112.875,56,56,56,1,1
74.375,12.875,56,56,56,2,2
-22.625,110.125,56,56,56,1,1
-67.375,-69.875,56,56,56,4,4
57.375,-149.625,56,56,56,2,2
38.375,-70.125,56,56,56,1,1
-24.625,41.125,56,56,56,1,1
20.625,-70.375,56,56,56,6,6
47.875,-6.375,56,56,56,2,2
7.375,-83.125,56,56,56,3,3
53.125,-10.875,56,56,56,3,4
49.125,-4.375,56,56,56,3,3
48.875,-11.375,56,56,56,1,1
32.375,-79.375,55,55,55,2,2
48.875,-127.875,55,55,55,3,4
52.625,-12.125,55,55,55,2,2
32.625,-118.125,55,55,55,1,2
65.875,6.125,55,55,55,3,3
-38.375,-57.375,55,55,55,1,1
-30.125,114.625,55,55,55,1,1
-28.375,113.375,55,55,55,1,1
-31.375,114.875,55,55,55,2,2
58.625,-7.875,55,55,55,2,2
68.375,-167.375,55,55,55,4,4
50.125,-1.875,55,55,55,4,4
39.625,-124.625,55,55,55,2,3
57.375,-150.375,55,55,55,2,3
-45.625,147.125,55,55,55,2,2
33.125,-119.875,55,55,55,1,2
-4.125,-32.375,55,55,55,1,1
64.625,5.375,55,55,55,2,2
-65.875,150.625,55,55,55,1,1
40.875,-125.875,55,55,55,2,2
25.125,-82.375,55,55,55,1,1
73.375,-160.875,55,55,55,1,1
70.625,16.875,55,55,55,3,3
25.125,-16.375,55,55,55,3,4
11.125,-90.625,55,55,55,1,1
11.375,-91.375,55,55,55,1,1
11.375,-91.625,55,55,55,1,1
-62.625,-56.875,55,55,55,2,3
71.625,13.125,55,55,55,2,2
78.625,32.875,55,55,55,1,1
-69.125,-83.375,55,55,55,2,2
42.875,-11.375,55,55,55,1,1
76.375,26.625,55,55,55,2,2
46.125,-128.875,55,55,55,2,2
71.125,-159.875,55,55,55,2,2
-67.625,75.125,55,55,55,1,1
-66.625,64.125,55,55,55,1,1
49.625,-0.625,55,55,55,3,3
71.875,19.875,55,55,55,1,1
60.375,-167.875,55,55,55,1,2
11.625,-92.125,55,55,55,1,1
12.125,-94.125,55,55,55,1,1
42.375,-67.625,55,55,55,3,3
62.375,-0.875,55,55,55,1,1
36.375,-7.125,55,55,55,2,2
63.625,0.375,55,55,55,1,1
69.125,13.875,55,55,55,2,2
60.875,2.875,55,55,55,2,2
35.375,-6.625,55,55,55,4,4
9.875,-86.875,55,55,55,9,10
-7.625,-33.125,55,55,55,3,4
73.125,-160.625,55,55,55,2,2
-37.375,179.875,55,55,55,1,1
-73.125,-104.125,55,55,55,3,3
40.125,143.125,55,55,55,4,4
29.625,-119.875,55,55,55,1,1
-33.125,114.625,55,55,55,1,1
69.375,11.875,55,55,55,2,2
70.375,18.875,55,55,55,5,5
55.125,-159.125,55,55,55,4,4
35.875,-122.875,55,55,55,3,3
38.625,143.375,55,55,55,3,3
-72.875,-104.625,55,55,55,2,2
-32.125,114.375,55,55,55,1,1
29.125,-16.625,55,55,55,1,1
72.125,-153.375,55,55,55,4,4
45.375,-125.125,55,55,55,3,3
69.875,-85.375,55,55,55,1,1
-43.125,177.625,55,55,55,1,1
-66.125,-70.875,55,55,55,2,2
41.875,-68.375,55,55,55,3,3
-68.375,75.875,55,55,55,1,1
56.125,-166.875,55,55,55,2,2
-44.875,173.875,55,55,55,2,2
-14.375,146.125,55,55,55,1,1
61.125,-167.625,55,55,55,1,2
49.875,-2.375,55,55,55,3,3
60.875,-4.875,55,55,32,1,2
41.625,-11.875,55,55,55,2,2
70.625,8.875,55,55,55,1,1
56.125,-155.625,55,55,55,2,3
-32.875,152.125,55,55,55,14,14
30.125,132.875,55,55,55,7,7
30.375,-14.625,55,55,55,1,2
30.375,-11.875,55,55,55,4,5
-36.125,17.875,55,55,55,1,1
12.375,-95.125,55,55,55,1,1
19.875,-106.875,55,55,55,6,7
-10.875,135.625,55,55,55,1,1
-10.875,134.125,55,55,55,1,1
55.875,-158.375,55,55,55,4,4
-74.125,-103.625,55,55,55,2,2
51.375,-133.625,55,55,55,2,3
-23.625,-43.375,55,55,55,3,3
32.875,-117.625,55,55,55,2,3
63.875,-77.125,55,55,55,1,1
-15.625,146.375,55,55,55,1,1
7.875,-85.125,55,55,55,1,1
32.125,-78.125,55,55,55,2,2
51.375,-15.625,55,55,55,2,2
48.125,-6.625,55,55,55,4,4
-65.625,77.375,55,55,55,2,2
63.875,3.375,55,55,55,1,1
27.125,-84.125,54,54,54,1,1
53.125,173.125,54,54,54,1,1
-65.125,116.875,54,54,54,1,1
32.125,-13.125,54,54,54,1,1
47.375,-126.625,54,54,54,3,3
53.375,-13.625,54,54,54,2,2
23.625,-115.125,54,54,54,1,1
-15.875,146.375,54,54,54,1,1
-16.875,-37.625,54,54,54,3,4
75.125,41.625,54,54,54,1,1
50.625,-135.375,54,54,54,4,4
33.875,-12.625,54,54,54,1,1
54.625,-156.125,54,54,54,2,2
71.875,-165.625,54,54,54,4,5
-44.125,146.875,54,54,54,2,2
-64.375,143.375,54,54,54,2,2
63.125,-166.125,54,54,54,2,2
55.875,-166.875,54,54,54,4,5
12.375,-94.625,54,54,54,1,1
54.625,-162.875,54,54,54,2,2
-33.375,17.625,54,54,54,3,3
44.625,-62.375,54,54,54,2,2
-20.875,115.875,54,54,54,1,1
59.625,-148.125,54,54,54,3,3
58.375,-8.375,54,54,54,2,2
57.625,-8.625,54,54,54,2,2
54.125,-138.375,54,54,54,2,2
64.625,9.125,54,54,54,1,1
-57.875,-63.625,54,54,54,5,6
36.375,-6.875,54,54,54,2,2
56.375,-154.375,54,54,54,4,5
60.875,4.125,54,54,54,2,2
35.375,142.625,54,54,54,4,4
45.625,-125.625,54,54,54,3,4
45.125,-8.875,54,54,54,2,2
72.125,13.625,54,54,54,2,2
72.125,-147.375,54,54,54,2,2
-64.875,118.375,54,54,54,2,2
71.375,16.625,54,54,54,3,3
-72.125,-107.625,54,54,54,1,1
-48.625,167.875,54,54,54,1,1
54.375,-138.375,54,54,54,2,2
72.875,20.125,54,54,54,1,1
71.875,-156.125,54,54,54,1,1
22.625,-72.375,54,54,54,6,6
-11.125,-34.625,54,54,54,4,5
71.625,10.625,54,54,54,3,3
-13.125,124.625,54,54,54,2,2
61.625,-70.125,54,54,54,1,1
51.625,-15.375,54,54,54,1,1
51.125,-11.375,54,54,54,2,2
47.125,-6.375,54,54,54,2,2
-30.625,114.625,54,54,54,1,1
-34.625,169.875,54,54,54,10,10
42.875,-67.375,54,54,54,3,3
58.625,-153.375,54,54,54,4,4
-45.875,149.125,54,54,54,1,1
77.375,-137.375,54,54,54,1,1
73.125,32.375,54,54,54,1,1
73.125,33.625,54,54,54,1,1
70.125,-138.875,54,54,54,1,1
40.625,-125.875,54,54,54,3,3
-38.375,179.375,54,54,54,1,1
-70.375,-79.625,54,54,54,1,1
10.875,-88.875,54,54,54,8,10
-12.625,129.125,54,54,54,2,2
46.125,-126.125,54,54,54,3,3
-59.625,-62.625,54,54,54,5,5
-59.625,-62.375,54,54,54,5,5
76.375,31.375,54,54,54,2,2
-46.125,144.125,54,54,54,1,1
24.875,-16.625,54,54,54,3,4
-67.375,-70.875,54,54,54,2,2
70.375,-138.875,54,54,54,1,1
-67.375,78.125,54,54,54,1,1
49.375,-11.625,54,54,54,1,1
77.375,35.125,54,54,54,1,1
75.875,25.875,54,54,54,2,2
-73.125,-105.375,54,54,54,2,2
-64.625,143.625,54,54,54,1,1
24.625,-82.625,54,54,54,2,2
-19.625,150.125,54,54,54,1,1
46.625,-4.875,54,54,54,1,1
63.875,-172.125,54,54,54,4,4
55.375,-155.625,54,54,54,3,3
23.375,-114.625,54,54,54,1,1
71.625,23.375,54,54,54,3,3
52.125,-6.375,54,54,54,2,2
36.875,-73.125,54,54,54,1,1
-64.125,-66.625,54,54,54,3,3
43.125,9.375,54,54,54,2,2
49.625,-0.375,54,54,54,3,3
72.375,15.875,54,54,54,2,2
-7.875,-34.125,53,53,53,1,2
-19.625,151.625,53,53,53,1,1
-21.125,153.875,53,53,53,2,2
33.625,-78.125,53,53,53,1,1
-44.375,149.625,53,53,53,1,1
32.625,135.625,53,53,53,7,7
48.125,-6.375,53,53,53,3,3
63.875,7.875,53,53,53,2,2
19.375,-66.875,53,53,53,7,7
30.625,-11.375,53,53,53,4,5
48.375,-129.375,53,53,53,3,3
-67.125,77.625,53,53,53,1,1
77.125,28.625,53,53,53,1,1
-10.875,144.625,53,53,53,1,1
37.125,-9.125,53,53,53,1,1
52.625,-13.875,53,53,53,3,3
-65.375,111.375,53,53,53,1,1
-9.375,143.625,53,53,53,1,1
40.125,-68.625,53,53,53,2,3
-10.625,144.625,53,53,53,1,1
64.625,4.375,53,53,53,1,1
12.375,-91.875,53,53,53,8,10
-8.625,-33.625,53,53,53,3,4
33.375,-118.625,53,53,53,2,2
-68.125,-72.125,53,53,53,3,3
35.375,-122.375,53,53,53,3,3
41.375,-125.875,53,53,53,2,2
73.625,16.875,53,53,53,2,2
-64.625,141.125,53,53,53,1,1
70.875,-161.625,53,53,53,5,5
-36.625,175.875,53,53,53,12,12
-36.625,112.125,53,53,53,1,1
-66.375,140.375,53,53,53,1,1
-37.875,17.875,53,53,53,1,1
25.625,-78.625,53,53,53,1,1
33.125,135.875,53,53,53,3,3
8.625,-88.375,53,53,53,1,1
45.125,145.375,53,53,53,2,2
44.875,143.875,53,53,53,1,1
-44.125,177.625,53,53,53,1,1
41.875,-126.125,53,53,53,2,2
-68.625,-74.625,53,53,53,1,1
54.875,-156.375,53,53,53,3,3
71.625,11.125,53,53,53,3,3
22.375,-111.875,53,53,53,1,1
22.875,-113.125,53,53,53,1,1
68.625,12.375,53,53,53,3,3
-18.125,147.625,53,53,53,1,1
43.625,-126.375,53,53,53,2,2
71.375,16.375,53,53,53,3,3
12.125,-69.125,53,53,53,2,2
65.625,-168.625,53,53,53,4,5
65.625,-13.125,53,53,53,1,1
59.875,-172.125,53,53,53,2,2
59.625,-8.875,53,53,53,1,1
-56.875,-63.875,53,53,53,5,5
-13.125,125.625,53,53,53,2,2
49.875,-133.875,53,53,53,2,2
46.125,-4.875,53,53,53,1,1
78.625,30.125,53,53,53,2,2
11.125,-90.875,53,53,53,1,1
52.125,-6.625,53,53,53,1,1
66.875,-165.875,53,53,53,1,1
-70.625,-79.875,53,53,53,1,1
-20.125,117.125,53,53,53,1,1
77.875,31.875,53,53,53,1,1
72.375,20.875,53,53,53,1,1
46.625,-8.375,53,53,53,1,1
60.875,-5.375,53,53,32,1,2
42.625,-12.125,53,53,53,1,1
58.625,-8.125,53,53,53,2,2
57.125,-9.125,53,53,53,3,3
17.625,-62.875,53,53,53,1,1
70.125,-163.375,53,53,53,4,4
76.625,21.625,53,53,53,2,2
53.625,-13.375,53,53,53,2,2
57.375,-151.875,53,53,53,3,4
32.875,141.875,53,53,53,3,3
55.375,-166.375,53,53,53,3,4
57.875,-12.375,53,53,53,2,2
51.625,0.875,53,53,53,1,1
38.375,-124.625,53,53,53,2,2
-62.875,-58.375,53,53,53,2,2
64.125,-168.125,53,53,53,4,4
32.375,-77.125,53,53,53,1,1
70.125,17.625,52,52,52,3,3
71.125,25.625,52,52,52,3,3
12.875,-70.625,52,52,52,2,2
-63.375,117.625,52,52,52,1,1
32.375,-76.875,52,52,52,1,1
-71.125,-106.875,52,52,52,2,2
12.375,-92.125,52,52,52,8,10
65.375,-168.875,52,52,52,5,5
31.625,-10.875,52,52,52,5,7
67.625,10.125,52,52,52,2,2
31.875,-77.875,52,52,52,1,1
31.875,-13.125,52,52,52,1,1
32.625,-78.625,52,52,52,2,2
32.125,141.125,52,52,52,4,4
-69.625,-84.375,52,52,52,1,1
-19.375,151.125,52,52,52,1,1
-62.625,116.375,52,52,52,1,1
49.125,-131.125,52,52,52,3,3
48.875,-5.375,52,52,52,3,3
62.375,-175.125,52,52,52,2,2
-62.625,-56.625,52,52,52,2,2
70.125,-164.375,52,52,52,5,6
27.875,-92.625,52,52,52,1,1
49.875,-10.875,52,52,52,1,2
62.375,-71.875,52,52,52,1,1
71.625,17.875,52,52,52,3,3
33.875,-119.375,52,52,52,1,1
-11.125,-34.875,52,52,52,3,4
-12.125,-35.125,52,52,52,4,4
-10.125,-34.125,52,52,52,4,5
-9.125,-33.875,52,52,52,3,4
28.375,-87.875,52,52,52,1,1
63.875,-164.375,52,52,52,1,1
32.875,142.125,52,52,52,7,10
71.125,13.125,52,52,52,2,2
77.875,28.875,52,52,52,2,2
68.625,-167.125,52,52,52,5,5
20.375,-86.875,52,52,52,15,41
59.625,-9.125,52,52,52,1,1
36.625,-2.125,52,52,52,2,2
59.875,-171.875,52,52,52,2,2
35.875,144.125,52,52,52,3,3
60.375,-179.375,52,52,52,1,1
48.875,-12.625,52,52,52,2,2
-72.875,-85.375,52,52,52,1,1
60.875,-4.375,52,52,42,1,2
-13.625,-35.875,52,52,52,4,5
-14.125,121.625,52,52,52,1,1
-13.375,144.875,52,52,52,1,1
-67.125,62.625,52,52,52,1,1
71.625,22.375,52,52,52,3,3
-69.125,-79.125,52,52,52,1,1
60.625,18.875,52,52,52,4,6
60.875,-5.125,52,52,29,1,2
35.625,143.375,52,52,52,3,3
74.875,21.125,52,52,52,1,1
66.875,-165.625,52,52,52,1,1
75.125,14.875,52,52,52,1,1
75.125,24.625,52,52,52,1,1
74.875,41.625,52,52,52,1,1
74.625,7.875,52,52,52,1,1
55.125,-165.875,52,52,52,4,4
-48.375,170.125,52,52,52,1,1
-48.625,172.625,52,52,52,1,1
43.625,140.375,52,52,52,1,1
-48.625,173.375,52,52,52,1,1
55.375,-165.875,52,52,52,3,3
-65.375,113.375,52,52,52,1,1
-64.125,143.375,52,52,52,1,1
-63.875,-61.125,52,52,52,2,2
47.375,-129.125,52,52,52,1,1
-35.125,174.125,52,52,52,12,12
39.875,-124.625,52,52,52,3,3
39.625,-70.625,52,52,52,1,1
70.625,16.625,52,52,52,3,3
54.125,-161.125,52,52,52,5,5
24.625,-16.875,52,52,52,3,4
45.625,142.875,52,52,52,1,1
70.375,11.875,52,52,52,1,1
56.125,-134.375,52,52,52,3,3
56.875,-152.125,52,52,52,2,2
-37.625,171.625,52,52,52,10,10
39.875,142.875,52,52,52,6,7
46.875,-7.375,52,52,52,3,3
-60.875,-62.875,52,52,52,8,10
53.125,-12.625,52,52,52,3,3
-64.875,144.875,52,52,52,1,1
-29.625,113.875,52,52,52,1,1
39.125,-126.875,52,52,52,2,2
38.625,-69.875,52,52,52,1,1
38.625,-69.375,52,52,52,1,1
-31.625,114.875,52,52,52,1,1
46.875,-3.125,52,52,52,1,1
72.125,19.375,52,52,52,3,3
72.375,-151.375,52,52,52,1,1
72.125,21.125,52,52,52,2,2
37.375,-123.875,52,52,52,4,4
-22.375,-41.125,52,52,52,2,3
17.375,-64.375,52,52,52,3,3
36.875,-122.875,52,52,52,3,3
-68.375,8.875,52,52,52,1,1
42.125,-68.875,52,52,52,2,2
-66.125,141.625,52,52,52,1,1
-45.125,176.875,52,52,52,1,1
42.125,137.875,52,52,52,2,2
-45.625,144.875,52,52,52,2,2
-45.375,144.125,52,52,52,2,2
54.375,-162.375,52,52,52,1,1
-43.625,151.375,52,52,52,1,1
41.875,-9.625,52,52,52,1,1
75.875,14.625,52,52,52,1,1
-44.125,149.125,52,52,52,1,1
18.875,-74.625,52,52,52,4,5
44.125,-12.625,52,52,52,1,1
55.375,-57.125,52,52,52,1,1
42.625,-9.875,52,52,52,1,2
41.875,-126.875,52,52,52,2,2
41.875,-125.625,52,52,52,1,1
-18.875,119.875,51,51,51,1,1
26.375,-82.625,51,51,51,2,2
35.125,-122.125,51,51,51,3,3
26.375,-82.875,51,51,51,2,2
49.125,-131.375,51,51,51,3,3
35.625,143.125,51,51,51,2,2
-13.125,-38.625,51,51,51,1,1
63.375,-173.125,51,51,51,3,3
-10.625,141.625,51,51,51,1,1
68.375,-166.875,51,51,51,4,4
-10.875,137.875,51,51,51,1,1
35.375,142.125,51,51,51,3,3
68.375,10.375,51,51,51,2,2
-65.125,144.375,51,51,51,1,1
21.375,-18.625,51,51,51,3,4
64.875,-12.875,51,51,51,1,1
31.625,135.875,51,51,51,8,8
65.125,10.125,51,51,51,1,1
67.375,9.875,51,51,51,2,2
71.375,-129.875,51,51,51,2,2
78.125,29.125,51,51,51,2,2
-65.625,146.125,51,51,51,1,1
65.375,8.625,51,51,51,2,2
67.125,11.375,51,51,51,1,1
71.375,-148.875,51,51,51,2,2
-63.375,143.625,51,51,51,1,1
13.125,-96.875,51,51,51,1,1
-62.625,-60.375,51,51,51,1,1
-11.625,144.625,51,51,51,1,1
52.625,-14.125,51,51,51,2,2
49.875,-0.875,51,51,51,4,4
16.125,-86.625,51,51,51,5,6
63.375,-167.125,51,51,51,1,1
-9.125,-33.625,51,51,51,4,5
63.625,-166.125,51,51,51,3,3
15.875,-100.375,51,51,51,6,7
15.625,-99.625,51,51,51,8,10
33.125,136.375,51,51,51,3,3
8.125,-83.875,51,51,51,8,10
14.375,-72.875,51,51,51,3,3
31.875,-10.375,51,51,51,5,6
51.875,-171.625,51,51,51,3,3
64.625,-169.625,51,51,51,4,4
28.625,-86.375,51,51,51,2,3
-65.125,137.125,51,51,51,1,1
47.625,-6.125,51,51,51,2,2
73.375,14.875,51,51,51,1,1
24.625,-76.875,51,51,51,1,1
40.875,-68.375,51,51,51,2,2
40.875,4.125,51,51,51,2,2
76.375,14.125,51,51,51,1,1
76.125,6.625,51,51,51,2,2
-36.625,176.125,51,51,51,11,11
40.625,-11.125,51,51,51,2,2
18.625,-75.375,51,51,51,1,1
-34.375,113.625,51,51,51,1,1
-71.625,-86.875,51,51,51,1,1
24.875,-77.375,51,51,51,1,1
-66.375,151.875,51,51,51,1,1
-35.625,-178.875,51,51,51,1,1
56.875,-7.375,51,51,51,2,2
45.875,-128.375,51,51,51,4,4
47.125,-7.125,51,51,51,2,2
-33.625,17.875,51,51,51,3,3
59.125,-149.875,51,51,51,4,4
-24.875,112.625,51,51,51,1,1
72.125,-153.875,51,51,51,4,4
59.375,-149.875,51,51,51,5,5
-22.875,153.375,51,51,51,1,1
-66.375,-68.125,51,51,51,3,4
36.875,-8.625,51,51,51,1,1
-26.625,112.875,51,51,51,1,1
53.375,-15.625,51,51,51,1,1
47.875,-9.625,51,51,51,1,1
-64.875,145.625,51,51,51,1,1
38.375,-123.875,51,51,51,3,3
-32.375,111.375,51,51,51,1,1
69.125,-168.125,51,51,51,3,3
44.875,144.125,51,51,51,1,1
-45.375,142.375,51,51,51,1,1
-68.375,-71.875,51,51,51,1,1
-45.625,172.875,51,51,51,1,1
55.625,-9.625,51,51,51,2,2
-66.125,141.875,51,51,51,1,1
-69.875,-88.875,51,51,51,1,1
55.875,-156.875,51,51,51,3,3
-43.375,173.125,51,51,51,8,8
45.875,-127.625,51,51,51,4,4
69.375,8.875,51,51,51,1,1
-64.375,113.625,51,51,51,1,1
-43.875,148.875,51,51,51,1,1
-43.875,173.375,51,51,51,2,2
43.375,-125.125,51,51,51,3,3
69.625,-118.875,51,51,51,2,2
75.375,27.875,51,51,51,1,1
43.625,-70.125,51,51,51,1,1
70.375,15.375,51,51,51,2,2
19.875,-81.125,51,51,51,5,7
45.125,-125.875,51,51,51,3,4
43.125,139.875,51,51,51,1,1
44.125,-127.375,51,51,51,2,2
44.875,-54.125,51,51,51,2,2
-49.625,170.625,51,51,51,1,1
44.375,-125.625,51,51,51,2,2
-68.625,-76.875,51,51,51,2,2
44.125,-128.625,51,51,51,2,2
69.625,16.875,51,51,51,2,3
-63.875,141.625,51,51,51,1,1
-63.625,-55.375,51,51,51,1,1
79.875,30.125,51,51,51,1,1
-63.375,115.125,50,50,50,1,1
51.375,-11.375,50,50,50,4,4
66.875,7.875,50,50,50,2,2
71.375,-160.625,50,50,50,7,7
12.875,-58.625,50,50,50,1,1
11.875,-90.875,50,50,50,8,10
14.125,-98.125,50,50,50,1,1
11.625,-90.125,50,50,50,8,10
12.125,-94.375,50,50,50,1,1
31.375,-118.375,50,50,50,1,1
31.625,-118.125,50,50,50,1,1
28.875,-88.875,50,50,50,1,1
64.875,6.875,50,50,50,1,1
64.875,-167.125,50,50,50,2,2
-62.875,-57.625,50,50,50,3,3
70.125,18.625,50,50,50,3,3
51.875,-136.625,50,50,50,2,2
-63.875,114.375,50,50,50,1,1
31.875,-10.625,50,50,50,4,5
44.375,-62.875,50,50,50,2,2
31.875,-117.875,50,50,50,1,1
28.625,-87.125,50,50,50,1,1
32.375,-78.875,50,50,50,2,2
64.125,-171.375,50,50,50,4,4
-8.375,-33.125,50,50,50,1,2
-10.375,144.875,50,50,50,1,1
71.125,-91.625,50,50,50,1,1
-10.125,144.625,50,50,50,1,1
-62.625,-50.375,50,50,50,2,2
-10.625,140.375,50,50,50,1,1
-10.875,137.625,50,50,50,1,1
-10.875,135.375,50,50,50,1,1
62.375,-0.375,50,50,50,1,1
34.125,-76.125,50,50,50,2,2
-11.875,144.625,50,50,50,1,1
69.625,17.375,50,50,50,3,4
-64.875,-65.125,50,50,50,4,4
34.125,138.625,50,50,50,8,11
-12.125,145.625,50,50,50,1,1
34.375,-121.625,50,50,50,3,3
49.375,-11.125,50,50,50,1,2
71.125,-163.625,50,50,50,4,5
61.625,-167.375,50,50,50,4,5
71.875,-164.125,50,50,50,5,5
-14.625,123.625,50,50,50,1,1
71.875,-151.625,50,50,50,3,3
-15.125,146.375,50,50,50,1,1
26.625,-79.625,50,50,50,3,4
-16.375,146.125,50,50,50,1,1
-73.625,-104.125,50,50,50,3,3
54.875,-157.375,50,50,50,3,3
-16.625,-37.625,50,50,50,3,4
-15.875,-37.125,50,50,50,3,4
-17.125,-37.875,50,50,50,3,4
52.875,-12.625,50,50,50,3,3
48.875,-4.625,50,50,50,1,1
21.625,-18.625,50,50,50,3,4
49.125,-10.375,50,50,50,1,1
49.125,-10.875,50,50,50,1,1
35.875,-4.875,50,50,50,1,1
60.625,-25.375,50,50,50,1,1
-19.125,119.625,50,50,50,1,1
36.375,-1.375,50,50,50,1,1
59.625,-145.625,50,50,50,2,2
77.125,34.875,50,50,50,1,1
48.875,-128.875,50,50,50,3,3
-48.375,169.625,50,50,50,1,1
-47.875,169.625,50,50,50,1,1
-21.625,114.125,50,50,50,1,1
17.625,-86.875,50,50,50,5,6
72.125,-150.625,50,50,50,1,1
-23.375,-43.125,50,50,50,3,3
37.125,-123.625,50,50,50,2,2
-23.625,-43.625,50,50,50,3,3
-23.875,113.125,50,50,50,1,1
59.125,-150.375,50,50,50,5,5
58.625,-12.125,50,50,50,1,1
17.875,-75.375,50,50,50,1,1
-68.875,-76.875,50,50,50,1,1
18.125,-75.375,50,50,50,1,1
38.625,-72.625,50,50,50,1,1
38.625,-72.875,50,50,50,7,7
-32.125,114.125,50,50,50,1,1
42.875,-125.625,50,50,50,2,2
-45.875,146.875,50,50,50,1,1
38.625,134.125,50,50,50,1,1
46.875,-129.125,50,50,50,1,1
53.625,-12.625,50,50,50,1,1
18.375,-75.375,50,50,50,1,1
57.375,-146.125,50,50,50,3,3
57.125,-60.125,50,50,50,1,1
18.625,-63.625,50,50,50,12,18
45.875,-9.125,50,50,50,1,1
45.875,-9.625,50,50,50,1,1
54.125,-159.875,50,50,50,2,2
72.875,-144.875,50,50,50,2,2
72.875,15.625,50,50,50,2,2
72.875,20.875,50,50,50,1,1
-64.625,-64.625,50,50,50,1,1
18.625,-74.625,50,50,50,5,6
73.125,13.125,50,50,50,1,1
-38.125,171.625,50,50,50,9,9
73.125,30.375,50,50,50,1,1
73.125,20.875,50,50,50,1,1
54.125,173.125,50,50,50,1,1
-56.875,-64.875,50,50,50,2,2
45.625,-125.375,50,50,50,4,4
45.875,-11.875,50,50,50,4,4
41.375,-69.125,50,50,50,2,2
69.375,9.375,50,50,50,2,2
22.875,-113.375,50,50,50,3,3
75.875,25.375,50,50,50,1,1
45.625,-127.875,50,50,50,3,4
55.625,-8.875,50,50,50,2,2
55.625,-151.125,50,50,50,1,1
70.125,17.875,50,50,50,3,3
70.125,9.625,50,50,50,1,1
71.125,28.375,50,50,50,2,2
-63.375,-60.125,50,50,50,1,1
-63.375,-60.375,50,50,50,1,1
79.375,4.875,49,49,49,1,1
-61.625,-61.125,49,49,49,4,4
-21.125,115.375,49,49,49,1,1
36.375,-123.125,49,49,49,2,2
31.375,137.125,49,49,49,5,6
11.375,-91.875,49,49,49,1,1
75.875,7.625,49,49,49,1,1
66.625,6.625,49,49,49,1,1
-65.625,148.875,49,49,49,1,1
35.875,132.125,49,49,49,1,1
-17.125,146.625,49,49,49,1,1
42.875,8.625,49,49,49,2,2
48.625,-10.125,49,49,49,1,1
-23.375,112.125,49,49,49,1,1
59.375,-148.125,49,49,49,3,3
-65.375,121.625,49,49,49,1,1
74.625,24.125,49,49,49,3,3
74.625,12.625,49,49,49,2,2
-15.375,145.875,49,49,49,1,1
43.875,-8.125,49,49,49,1,1
-16.125,121.875,49,49,49,1,1
42.125,-127.125,49,49,49,2,2
-44.125,150.375,49,49,49,1,1
-43.625,149.125,49,49,49,1,1
50.375,-135.375,49,49,49,3,3
9.875,-87.125,49,49,49,8,9
10.625,-88.625,49,49,49,8,10
-67.625,77.875,49,49,49,1,1
58.875,-7.375,49,49,49,1,1
59.125,-149.625,49,49,49,2,3
37.125,133.125,49,49,49,1,1
53.625,-15.625,49,49,49,1,1
72.375,23.125,49,49,49,3,3
-64.875,143.125,49,49,49,1,1
7.625,-50.875,49,49,49,2,3
75.125,33.625,49,49,49,1,1
54.625,-159.375,49,49,49,6,6
58.625,-149.875,49,49,49,1,1
-72.875,-85.125,49,49,49,1,1
-14.375,145.375,49,49,49,1,1
61.125,-4.875,49,49,49,1,1
35.125,-74.375,49,49,49,1,1
25.625,-82.875,49,49,49,1,1
61.375,-177.125,49,49,49,1,1
-70.875,-83.125,49,49,49,1,1
34.625,140.375,49,49,49,10,15
-13.125,125.375,49,49,49,1,1
-13.125,144.875,49,49,49,1,1
-12.625,144.625,49,49,49,1,1
75.625,21.375,49,49,49,1,1
57.875,-8.875,49,49,49,1,1
38.375,-10.125,49,49,49,2,2
-67.625,-70.125,49,49,49,2,2
21.875,-110.625,49,49,49,6,7
52.625,-169.625,49,49,49,1,2
62.125,-24.875,49,49,49,1,1
-12.375,144.625,49,49,49,1,1
41.125,-68.125,49,49,49,3,4
71.125,12.375,49,49,49,2,2
7.125,-51.375,49,49,49,1,1
7.625,-52.625,49,49,49,1,1
64.375,-12.875,49,49,49,1,1
71.625,18.625,49,49,49,3,3
44.875,-53.125,49,49,49,1,1
70.375,19.625,49,49,49,3,3
57.625,-8.875,49,49,49,2,2
70.375,19.875,49,49,49,3,3
44.875,-58.625,49,49,49,2,2
6.375,-51.875,49,49,49,2,4
6.875,-50.875,49,49,49,1,2
73.625,-134.625,49,49,49,2,2
73.375,28.375,49,49,49,1,1
73.375,14.125,49,49,49,2,2
76.625,27.125,49,49,49,2,2
47.125,-5.625,49,49,49,2,2
-65.375,79.125,49,49,49,1,1
46.625,-7.125,49,49,49,1,2
-33.625,28.125,49,49,49,1,1
70.625,30.875,49,49,49,2,2
-34.875,112.125,49,49,49,1,1
57.375,-136.875,49,49,49,1,1
25.375,-83.125,49,49,49,1,1
71.625,10.875,49,49,49,3,3
-10.875,137.125,49,49,49,1,1
-66.375,147.125,49,49,49,1,1
-2.375,152.875,49,49,49,12,12
63.875,-9.125,49,49,49,1,1
63.875,6.125,49,49,49,2,2
-64.125,-56.625,49,49,49,1,1
50.125,-10.625,49,49,49,1,1
-62.875,-59.875,49,49,49,4,4
72.625,19.875,49,49,49,2,2
-34.875,17.875,49,49,49,1,1
18.625,-76.875,49,49,49,5,8
27.875,-85.625,49,49,49,1,1
72.875,13.125,49,49,49,1,1
-10.625,140.625,49,49,49,1,1
33.625,-122.125,49,49,49,1,1
-10.125,144.875,49,49,49,1,1
15.625,-76.375,49,49,49,5,5
33.375,134.875,49,49,49,5,5
55.625,-166.625,49,49,49,3,4
19.125,-74.375,49,49,49,5,6
-4.375,153.625,49,49,49,9,9
15.375,-98.875,49,49,49,7,9
54.625,-163.125,49,49,49,2,2
44.625,-51.625,49,49,49,1,1
51.375,-133.375,49,49,49,2,3
50.625,-11.875,49,49,49,1,1
74.125,20.875,49,49,49,1,1
12.625,-92.375,49,49,49,8,10
67.125,9.375,49,49,49,2,2
12.875,-58.875,49,49,49,1,1
13.875,-95.375,49,49,49,8,10
51.125,-8.125,49,49,49,1,1
66.625,9.375,48,48,48,1,1
65.875,8.625,48,48,48,2,2
-63.375,124.125,48,48,48,1,1
66.375,-79.875,48,48,48,1,1
-66.875,75.875,48,48,48,1,1
71.125,25.875,48,48,48,3,3
66.125,9.125,48,48,48,2,2
63.875,-165.875,48,48,48,3,3
74.375,7.875,48,48,48,1,1
51.125,-14.375,48,48,48,2,2
79.875,31.875,48,48,48,1,1
51.125,-134.375,48,48,48,1,1
20.875,-18.875,48,48,48,3,4
66.125,5.625,48,48,48,1,1
57.625,-60.625,48,48,48,1,1
70.375,11.625,48,48,48,1,1
54.125,-13.125,48,48,48,1,1
-10.875,136.125,48,48,48,1,1
-10.875,138.625,48,48,48,1,1
50.125,-1.625,48,48,48,2,2
-45.375,150.375,48,48,48,2,2
57.125,-153.125,48,48,48,3,3
42.875,-126.875,48,48,48,2,2
-10.875,138.875,48,48,48,1,1
57.375,-155.625,48,48,48,3,3
52.125,-13.625,48,48,48,1,1
-10.875,139.625,48,48,48,1,1
46.375,-125.125,48,48,48,1,1
-65.625,147.625,48,48,48,1,1
77.625,7.375,48,48,48,1,1
63.625,4.625,48,48,48,1,1
-11.375,145.375,48,48,48,1,1
72.625,13.125,48,48,48,2,2
53.875,-12.125,48,48,48,2,2
-38.875,-55.875,48,48,48,2,2
-38.875,172.375,48,48,48,11,11
56.625,-167.125,48,48,48,3,4
25.375,-82.625,48,48,48,1,1
-34.125,113.875,48,48,48,1,1
32.875,-77.875,48,48,48,2,2
39.125,-124.125,48,48,48,1,1
72.625,-156.625,48,48,48,3,3
-10.875,133.875,48,48,48,1,1
40.375,1.625,48,48,48,1,1
-48.625,173.125,48,48,48,1,1
-16.125,-37.375,48,48,48,3,4
-63.875,123.125,48,48,48,1,1
-16.875,121.625,48,48,48,1,1
36.875,-8.375,48,48,48,1,1
-19.125,119.375,48,48,48,1,1
-66.625,78.875,48,48,48,1,1
17.375,-75.375,48,48,48,4,4
36.625,-1.375,48,48,48,1,1
12.125,-69.375,48,48,48,2,2
31.375,-13.625,48,48,48,1,1
66.375,11.125,48,48,48,2,2
-68.375,7.875,48,48,48,1,1
12.125,-68.375,48,48,48,2,2
66.625,6.875,48,48,48,1,1
71.875,16.375,48,48,48,3,3
74.625,13.875,48,48,48,1,1
35.375,-121.625,48,48,48,2,2
-50.875,-64.875,48,48,48,2,2
34.375,-7.875,48,48,48,5,6
-13.125,125.125,48,48,48,1,1
47.875,-129.375,48,48,48,2,2
47.625,-7.875,48,48,48,3,3
71.875,-159.125,48,48,48,4,4
68.375,8.375,48,48,48,1,1
-29.875,114.625,48,48,48,1,1
19.125,-81.125,48,48,48,3,3
64.625,1.625,48,48,48,2,2
-43.125,176.875,48,48,48,1,1
56.125,-166.625,48,48,48,3,3
-43.375,177.375,48,48,48,1,1
44.625,-126.375,48,48,48,2,2
28.875,-93.875,48,48,48,1,1
71.625,20.375,48,48,48,3,3
52.375,-13.875,48,48,48,2,2
64.125,-6.875,48,48,48,1,1
32.375,142.625,48,48,48,7,11
71.125,12.125,48,48,48,2,2
73.625,20.875,48,48,48,1,1
75.875,32.375,48,48,48,2,2
-65.375,110.875,48,48,48,1,1
-30.375,114.875,48,48,48,1,1
64.125,7.875,48,48,48,1,1
62.375,-2.375,48,48,48,1,1
27.125,-82.875,48,48,48,1,1
64.375,-167.625,48,48,48,2,2
64.375,-167.375,48,48,48,2,2
64.375,-167.875,48,48,48,5,6
44.875,-55.125,48,48,48,2,2
56.375,-142.875,48,48,48,2,2
40.875,-9.875,48,48,48,2,2
-21.375,153.125,48,48,48,1,1
36.375,-1.625,48,48,48,1,1
-20.375,151.625,48,48,48,1,1
71.875,25.125,48,48,48,2,2
68.375,11.375,48,48,48,2,3
22.125,-111.625,48,48,48,4,5
-46.125,143.875,48,48,48,1,2
-15.625,42.625,48,48,48,1,1
-61.875,-63.375,48,48,48,3,3
-23.375,153.875,48,48,48,6,6
-44.125,144.875,48,48,48,1,1
-66.625,-67.875,48,48,48,4,4
65.125,23.375,48,48,48,2,5
65.125,24.625,48,48,48,3,4
58.875,-62.125,48,48,48,1,1
37.125,-73.125,48,48,48,1,1
-48.625,172.875,48,48,48,1,1
54.875,-160.875,48,48,48,2,2
35.625,-74.375,48,48,48,1,2
23.125,-17.875,48,48,48,3,4
-62.625,-59.375,47,47,47,3,3
20.375,-19.125,47,47,47,3,3
76.375,27.625,47,47,47,2,2
54.125,-12.625,47,47,47,1,1
33.875,-75.625,47,47,47,2,2
-11.375,48.375,47,47,47,1,1
72.875,33.875,47,47,47,2,2
57.125,-166.625,47,47,47,5,5
18.375,-65.875,47,47,47,4,4
-34.375,18.375,47,47,47,1,1
33.375,-118.875,47,47,47,4,5
-3.875,-32.625,47,47,47,1,1
28.125,129.625,47,47,47,3,3
76.125,6.875,47,47,47,1,1
55.625,-154.375,47,47,47,3,3
-44.625,149.125,47,47,47,1,1
13.875,-95.625,47,47,47,7,9
67.125,-168.125,47,47,47,2,2
65.625,24.375,47,47,47,3,7
29.125,130.125,47,47,47,7,7
63.875,-165.625,47,47,47,2,2
78.875,30.875,47,47,47,2,2
-36.625,-179.625,47,47,47,1,1
-36.375,170.625,47,47,47,7,7
-64.125,-66.875,47,47,47,3,3
-45.125,145.375,47,47,47,2,3
42.625,-126.625,47,47,47,2,2
-65.125,122.125,47,47,47,1,1
20.875,-73.875,47,47,47,4,5
54.625,-161.625,47,47,47,1,1
-65.125,145.625,47,47,47,1,1
24.875,-81.625,47,47,47,1,1
46.625,-128.875,47,47,47,2,2
-9.625,-34.125,47,47,47,3,4
63.375,-166.625,47,47,47,2,2
62.875,6.625,47,47,47,1,1
-35.125,169.875,47,47,47,9,9
72.625,34.375,47,47,47,2,2
57.125,-8.625,47,47,47,2,2
-72.375,-103.625,47,47,47,2,2
-10.375,142.375,47,47,47,1,1
63.875,8.125,47,47,47,1,1
49.875,-2.625,47,47,47,5,5
20.625,-66.375,47,47,47,2,2
24.625,-16.125,47,47,47,2,2
41.375,-67.375,47,47,47,2,2
-41.625,152.125,47,47,47,1,1
39.375,-10.125,47,47,47,2,2
39.375,-9.875,47,47,47,2,2
76.375,26.375,47,47,47,3,3
46.875,-9.125,47,47,47,3,3
-26.375,154.125,47,47,47,1,1
-28.125,113.375,47,47,47,1,1
47.875,-9.375,47,47,47,1,1
-13.875,124.625,47,47,47,1,1
-29.375,114.625,47,47,47,1,1
71.875,-160.125,47,47,47,3,4
71.875,-160.875,47,47,47,4,4
70.375,18.625,47,47,47,4,4
76.875,11.875,47,47,47,1,1
34.375,-75.875,47,47,47,2,2
71.625,21.625,47,47,47,2,2
-32.125,112.375,47,47,47,1,1
27.375,-83.875,47,47,47,1,1
74.375,11.375,47,47,47,2,2
-46.125,171.125,47,47,47,1,1
70.625,31.875,47,47,47,2,2
-11.625,-34.875,47,47,47,4,5
52.375,-5.625,47,47,47,2,2
-12.625,127.625,47,47,47,2,2
64.125,6.375,47,47,47,1,1
45.625,-11.375,47,47,47,2,2
-64.125,122.625,47,47,47,1,1
54.375,173.125,47,47,47,1,1
61.125,-168.375,47,47,47,1,2
35.375,-74.125,47,47,47,2,3
73.875,13.875,47,47,47,2,2
73.625,34.375,47,47,47,1,1
69.375,9.125,47,47,47,2,2
64.625,3.625,47,47,47,1,1
-26.875,113.375,47,47,47,1,1
31.375,136.375,47,47,47,6,6
60.875,1.375,47,47,47,2,2
-65.625,78.875,47,47,47,1,1
-15.125,-36.625,47,47,47,3,4
35.375,142.375,47,47,47,1,1
72.125,19.875,47,47,47,4,4
59.125,-9.375,47,47,47,1,1
-43.875,149.625,47,47,47,1,1
-64.375,114.375,47,47,47,1,1
76.625,32.625,47,47,47,1,1
72.375,22.125,47,47,47,1,1
-47.375,168.375,47,47,47,1,1
-17.125,147.125,47,47,47,1,1
51.875,-136.375,47,47,47,2,2
31.375,-13.875,47,47,47,1,1
49.375,-130.125,47,47,47,3,3
21.875,-66.875,47,47,47,3,3
-68.375,9.125,47,47,47,1,1
29.875,130.625,47,47,47,8,8
14.625,-73.125,47,47,47,2,2
59.875,-146.625,47,47,47,2,2
11.375,-78.875,47,47,47,5,5
36.125,-11.125,47,47,47,1,1
65.375,7.125,47,47,47,1,1
60.125,-5.875,47,47,47,1,1
-21.125,115.625,47,47,47,1,1
-63.625,123.625,47,47,47,1,1
21.125,-109.375,46,46,46,7,9
51.125,-134.125,46,46,46,1,1
-74.125,-106.625,46,46,46,3,3
13.125,-59.875,46,46,46,1,1
71.125,25.375,46,46,46,3,3
79.625,30.625,46,46,46,1,1
31.625,-13.125,46,46,46,1,1
71.375,-129.625,46,46,46,2,2
-66.875,63.375,46,46,46,1,1
75.625,25.375,46,46,46,2,2
69.875,-139.125,46,46,46,1,1
69.875,-120.125,46,46,46,2,2
-19.625,41.125,46,46,46,1,1
-63.875,110.625,46,46,46,1,1
49.375,-132.125,46,46,46,2,2
-62.375,-59.375,46,46,46,3,3
11.125,-89.375,46,46,46,8,10
31.625,-122.125,46,46,46,2,2
43.375,-127.125,46,46,46,2,2
60.625,2.375,46,46,46,2,2
48.625,-128.625,46,46,46,3,3
-20.125,-39.125,46,46,46,3,4
71.125,-164.375,46,46,46,4,5
23.375,-114.375,46,46,46,1,1
-65.375,120.875,46,46,46,1,1
43.875,-69.125,46,46,46,3,3
59.125,-150.875,46,46,46,5,5
-25.125,156.625,46,46,46,1,1
59.375,19.625,46,46,46,3,5
-16.375,121.875,46,46,46,1,1
9.375,-85.875,46,46,46,6,8
-49.125,171.375,46,46,46,1,1
54.875,-56.375,46,46,46,1,1
45.125,-12.375,46,46,46,2,2
-43.875,151.375,46,46,46,1,1
41.875,142.375,46,46,46,2,2
-64.375,122.125,46,46,46,1,1
-43.625,146.125,46,46,46,1,1
-12.625,-35.625,46,46,46,3,4
45.125,-56.875,46,46,46,1,1
31.875,-79.375,46,46,46,1,1
31.875,137.125,46,46,46,6,6
41.375,18.125,46,46,46,2,2
71.375,24.125,46,46,46,1,1
-53.625,-58.375,46,46,46,1,1
45.125,-56.625,46,46,46,1,1
68.375,7.625,46,46,46,1,1
58.375,-138.125,46,46,46,1,1
44.125,-13.625,46,46,46,1,1
44.125,-13.375,46,46,46,1,1
69.625,7.125,46,46,46,1,1
-28.125,110.125,46,46,46,1,1
68.375,9.625,46,46,46,1,1
43.375,-9.125,46,46,46,1,1
54.625,-158.125,46,46,46,3,3
69.625,17.125,46,46,46,2,3
-44.625,150.875,46,46,46,1,1
-44.625,150.375,46,46,46,1,1
-64.125,-66.375,46,46,46,3,3
68.625,-167.625,46,46,46,4,4
78.625,8.625,46,46,46,2,2
48.375,-126.625,46,46,46,3,3
66.125,-13.625,46,46,46,1,1
54.625,-165.375,46,46,46,4,4
50.625,1.125,46,46,46,1,1
50.625,-10.375,46,46,46,1,2
71.125,7.875,46,46,46,1,1
51.625,-134.375,46,46,46,2,2
32.625,142.375,46,46,46,7,11
-0.625,-80.875,46,46,46,1,1
-66.125,76.375,46,46,46,1,1
56.125,-150.375,46,46,46,1,1
-56.125,-63.625,46,46,46,1,1
57.625,-137.125,46,46,46,1,1
57.625,-147.375,46,46,46,2,2
53.625,-13.875,46,46,46,1,1
38.875,-68.875,46,46,46,2,2
62.375,2.875,46,46,46,1,1
-35.625,-52.875,46,46,46,1,1
-35.375,-178.625,46,46,46,1,1
-72.375,-106.375,46,46,46,1,1
62.625,-2.125,46,46,46,1,1
-11.875,130.125,46,46,46,3,3
-43.125,179.375,46,46,46,1,1
41.625,5.125,46,46,46,1,1
-32.125,112.625,46,46,46,1,1
52.375,-12.625,46,46,46,1,1
75.375,23.375,46,46,46,1,1
44.875,-58.875,46,46,46,1,1
75.625,7.875,46,46,46,2,2
38.625,-70.375,46,46,46,1,1
42.875,-68.125,46,46,46,1,1
-32.125,112.875,46,46,46,1,1
57.875,-151.375,46,46,46,3,3
41.625,-69.625,46,46,46,3,3
71.625,22.875,46,46,46,2,2
49.625,-133.125,46,46,46,2,2
52.625,-14.875,46,46,46,1,1
62.375,-174.125,46,46,46,3,3
44.875,-52.875,46,46,46,1,1
54.875,-166.125,46,46,46,2,3
-13.625,144.875,46,46,46,1,1
-63.875,145.625,46,46,46,1,1
13.125,-70.875,46,46,46,2,2
50.875,-6.625,46,46,46,2,2
13.625,-71.625,46,46,46,2,2
-62.625,-50.125,46,46,46,2,2
33.625,-75.625,46,46,46,1,1
54.125,-156.125,46,46,46,2,2
54.125,-158.375,46,46,46,3,3
-37.875,149.375,46,46,46,13,13
69.625,-165.625,46,46,46,5,6
55.375,-155.375,46,46,46,3,3
-72.375,-105.875,46,46,46,2,2
-67.875,-75.875,46,46,46,2,2
40.125,0.875,46,46,46,1,1
12.625,-92.625,46,46,46,8,10
56.625,16.875,46,46,46,7,8
50.125,-131.875,46,46,46,2,2
33.375,-120.375,46,46,46,1,2
63.375,7.375,46,46,46,1,1
-10.625,141.375,46,46,46,1,1
-34.125,25.875,46,46,46,1,1
57.625,-167.375,46,46,46,3,3
44.625,-50.125,45,45,45,2,2
-25.625,110.125,45,45,45,1,1
26.875,-84.375,45,45,45,1,1
35.125,-121.875,45,45,45,3,4
48.125,-130.375,45,45,45,1,1
60.875,0.875,45,45,45,2,2
60.875,-2.375,45,45,37,1,2
-64.875,143.625,45,45,45,2,2
37.625,-9.375,45,45,45,2,2
74.875,12.375,45,45,45,2,2
-65.625,139.625,45,45,45,2,2
79.375,5.875,45,45,45,1,1
80.125,28.625,45,45,45,1,1
55.875,-166.375,45,45,45,3,3
75.625,33.625,45,45,45,1,1
54.375,-161.625,45,45,45,3,3
-66.125,146.125,45,45,45,1,1
70.625,-146.375,45,45,45,1,1
-64.875,117.375,45,45,45,1,1
-47.375,169.375,45,45,45,1,1
-22.625,113.375,45,45,45,1,1
59.375,-152.375,45,45,45,1,1
12.125,-91.375,45,45,45,7,9
11.375,-89.875,45,45,45,8,10
58.875,-149.375,45,45,45,2,3
-43.875,145.375,45,45,45,1,1
43.625,-8.875,45,45,45,1,1
54.875,-131.625,45,45,45,2,2
21.375,-65.625,45,45,45,1,1
78.375,0.375,45,45,45,1,1
21.375,-18.125,45,45,45,2,2
-43.875,178.875,45,45,45,1,1
-43.875,178.375,45,45,45,1,1
-49.125,167.875,45,45,45,1,1
19.375,-66.375,45,45,45,7,7
55.125,-172.125,45,45,45,1,1
43.625,-9.625,45,45,45,2,2
-22.375,113.625,45,45,45,1,1
68.625,12.125,45,45,45,3,3
72.125,33.125,45,45,45,1,1
65.125,-167.625,45,45,45,3,3
-63.125,124.625,45,45,45,1,1
45.125,-57.625,45,45,45,1,1
73.625,34.875,45,45,45,2,2
68.875,12.625,45,45,45,1,1
64.625,3.375,45,45,45,2,2
71.125,-148.125,45,45,45,2,2
71.125,-149.875,45,45,45,3,3
71.125,-150.375,45,45,45,2,2
39.625,4.375,45,45,45,2,2
-11.625,145.375,45,45,45,1,1
62.375,-0.625,45,45,45,1,1
64.375,6.625,45,45,45,1,1
32.625,-118.625,45,45,45,1,2
-56.625,-63.125,45,45,45,1,1
39.375,-13.625,45,45,45,1,1
57.625,-147.875,45,45,45,2,2
76.375,31.125,45,45,45,3,3
67.875,-168.875,45,45,45,1,1
-41.875,152.125,45,45,45,1,1
15.125,-73.875,45,45,45,2,2
49.625,-133.375,45,45,45,2,2
-60.875,-61.625,45,45,45,4,4
53.375,172.625,45,45,45,1,1
44.875,-52.625,45,45,45,1,1
47.875,-127.375,45,45,45,2,2
-13.375,125.625,45,45,45,1,1
52.625,-13.375,45,45,45,2,2
34.125,138.875,45,45,45,9,12
49.375,-131.125,45,45,45,1,1
22.875,-73.125,45,45,45,5,5
52.375,-13.375,45,45,45,2,2
-43.125,177.375,45,45,45,1,1
-68.125,-74.875,45,45,45,2,2
27.625,-85.125,45,45,45,1,1
-10.875,134.875,45,45,45,1,1
62.875,-166.875,45,45,45,2,2
72.875,-160.875,45,45,45,4,4
73.125,15.375,45,45,45,2,2
71.625,11.375,45,45,45,3,3
46.375,-125.625,45,45,45,2,2
71.125,-126.125,45,45,45,2,2
20.625,-74.375,45,45,45,4,4
49.625,-9.375,45,45,45,2,2
-62.625,-57.625,45,45,45,3,3
45.875,-128.125,45,45,45,4,4
40.875,-125.125,45,45,45,3,3
24.625,-16.625,45,45,45,3,4
73.375,33.625,45,45,45,1,1
-66.375,142.125,45,45,45,1,1
-37.625,179.875,45,45,45,1,1
-36.875,-179.625,45,45,45,1,1
-64.125,-61.375,45,45,45,1,1
-44.875,147.375,45,45,45,1,1
71.125,24.625,45,45,45,3,3
51.625,-14.625,45,45,45,2,2
56.875,-143.125,45,45,45,2,2
72.875,17.625,45,45,45,2,2
63.875,-164.125,45,45,45,1,1
77.875,29.125,45,45,45,2,2
63.875,-171.875,45,45,45,4,4
-4.625,-32.875,45,45,45,1,1
40.125,135.125,45,45,45,1,1
63.625,9.125,45,45,45,2,2
-21.625,153.875,45,45,45,4,4
72.125,-159.875,45,45,45,3,3
66.875,10.875,44,44,44,1,1
20.875,-65.875,44,44,44,1,1
48.625,-129.625,44,44,44,2,2
48.125,-6.875,44,44,44,4,4
-20.875,115.625,44,44,44,1,1
-44.625,172.125,44,44,44,1,1
70.625,-150.625,44,44,44,1,1
31.125,-118.625,44,44,44,1,1
66.875,7.125,44,44,44,1,1
71.125,23.625,44,44,44,3,3
51.625,-135.625,44,44,44,2,2
-74.125,-107.875,44,44,44,1,1
33.125,-78.125,44,44,44,2,2
15.125,-98.375,44,44,44,6,8
63.625,1.875,44,44,44,1,1
42.625,-68.125,44,44,44,1,1
40.375,-125.625,44,44,44,2,2
72.875,22.625,44,44,44,1,1
72.875,30.375,44,44,44,1,1
71.625,-157.125,44,44,44,4,5
32.875,-77.625,44,44,44,1,1
-37.375,17.625,44,44,44,1,1
24.875,-81.375,44,44,44,1,1
-68.375,-77.375,44,44,44,2,2
23.625,-16.875,44,44,44,2,2
52.375,-14.625,44,44,44,2,2
-10.875,134.625,44,44,44,1,1
33.625,-118.875,44,44,44,2,2
63.125,7.375,44,44,44,1,1
63.375,1.625,44,44,44,1,1
-8.125,-33.375,44,44,44,3,4
63.625,-13.875,44,44,44,1,1
63.625,-12.625,44,44,44,1,1
51.875,-10.875,44,44,44,2,2
51.875,-5.875,44,44,44,1,1
70.125,-163.125,44,44,44,3,3
77.875,12.875,44,44,44,1,1
52.125,-171.125,44,44,44,1,2
6.875,-82.125,44,44,44,4,4
73.375,36.375,44,44,44,2,2
-39.375,172.375,44,44,44,9,9
56.625,-167.625,44,44,44,2,3
-42.375,174.375,44,44,44,7,7
-70.125,-85.625,44,44,44,1,1
33.625,138.375,44,43,44,6,8
49.625,-3.125,44,44,44,3,3
49.625,-8.625,44,44,44,1,1
-36.125,18.125,44,44,44,1,1
72.875,-156.875,44,44,44,2,2
72.875,-149.625,44,44,44,1,1
46.125,-4.375,44,44,44,1,1
-65.875,78.875,44,44,44,1,1
-11.375,144.625,44,44,44,1,1
62.875,-166.375,44,44,44,2,2
72.625,33.375,44,44,44,2,2
75.375,28.125,44,44,44,1,1
54.875,-165.625,44,44,44,2,2
-64.625,121.875,44,44,44,1,1
-68.125,-75.125,44,44,44,3,3
44.875,-59.125,44,44,44,1,1
-32.625,17.125,44,44,44,2,2
57.875,-149.625,44,44,44,3,3
57.875,-145.625,44,44,44,3,3
45.125,-56.375,44,44,44,1,1
75.625,14.625,44,44,44,1,1
44.875,-57.625,44,44,44,2,2
72.375,26.375,44,44,44,2,2
52.625,-169.875,44,44,44,1,2
49.375,-131.875,44,44,44,2,2
71.125,-162.375,44,44,44,1,1
-12.625,-35.375,44,44,44,3,4
70.625,20.875,44,44,44,3,3
-64.875,144.625,44,44,44,1,1
64.625,-170.375,44,44,44,3,3
44.625,-60.125,44,44,44,2,2
44.125,-13.125,44,44,44,1,1
-64.875,124.375,44,44,44,1,1
-64.875,119.625,44,44,44,1,1
-64.875,125.375,44,44,44,1,1
-14.875,146.375,44,44,44,1,1
-13.625,-36.125,44,44,44,4,5
-30.375,14.875,44,44,44,2,2
-28.375,113.875,44,44,44,1,1
-29.125,113.625,44,44,44,1,1
-15.125,122.875,44,44,44,1,1
35.375,-124.625,44,44,44,1,1
58.875,-153.125,44,44,44,2,2
58.875,-149.125,44,44,44,1,1
37.125,-71.625,44,44,44,1,1
58.375,-149.625,44,44,44,1,2
-67.125,-69.625,44,44,44,3,3
-15.625,-36.875,44,44,44,3,4
43.875,-125.625,44,44,44,2,2
8.625,-85.125,44,44,44,6,7
-44.125,145.125,44,44,44,2,2
-44.125,173.375,44,44,44,1,1
64.875,-169.375,44,44,44,4,4
10.625,-88.375,44,44,44,6,8
28.875,-88.125,44,44,44,1,1
71.375,18.625,44,44,44,3,3
65.125,-12.875,44,44,44,1,1
65.375,8.375,44,44,44,1,1
14.125,-96.125,44,44,44,7,9
48.875,-129.125,44,44,44,3,3
35.625,143.875,44,44,44,3,3
35.875,-122.375,44,44,44,2,2
-46.625,146.875,44,44,44,1,1
-46.375,146.875,44,44,44,1,1
-62.125,-63.125,44,44,44,3,3
53.125,-169.625,44,44,44,1,1
77.125,27.625,44,44,44,1,1
-73.875,-107.625,44,44,44,1,1
26.125,-83.375,44,44,44,1,1
59.625,22.375,44,44,44,8,8
71.875,31.875,44,44,44,2,2
-70.625,-102.125,44,44,44,1,1
-19.875,150.875,44,44,44,1,1
17.125,-102.125,44,44,44,7,9
36.375,-73.125,44,44,44,1,1
36.375,-126.125,44,44,44,3,3
-19.125,149.125,44,44,44,1,1
-19.625,151.875,44,44,44,1,1
71.875,20.875,44,44,44,1,1
-44.375,173.125,44,44,44,2,2
75.875,23.125,44,44,44,1,1
69.875,-139.375,44,44,44,1,1
19.875,-67.125,44,44,44,5,6
45.375,-128.625,44,44,44,2,2
29.125,-15.625,44,44,44,1,1
66.125,8.125,44,44,44,1,1
-73.625,-104.375,43,43,43,4,4
74.625,28.375,43,43,43,2,2
-36.875,17.375,43,43,43,1,1
-64.625,-68.125,43,43,43,2,2
56.875,-156.625,43,43,43,3,3
-36.875,177.125,43,43,43,12,12
56.375,-141.875,43,43,43,2,2
40.875,-72.375,43,43,43,2,2
73.125,22.875,43,43,43,1,1
-71.125,-83.625,43,43,43,1,1
65.375,9.625,43,43,43,1,1
-66.375,149.625,43,43,43,1,1
-46.375,143.625,43,43,43,1,2
44.125,-12.875,43,43,43,1,1
-46.125,142.875,43,43,43,2,2
42.875,-66.875,43,43,43,2,2
72.875,13.625,43,43,43,1,1
-67.875,-70.625,43,43,43,3,4
76.125,6.375,43,43,43,2,2
39.875,-124.375,43,43,43,2,2
71.375,-151.625,43,43,43,2,2
54.375,-157.375,43,43,43,1,1
73.375,17.125,43,43,43,1,1
39.625,-69.625,43,43,43,1,1
-62.375,-60.375,43,43,43,2,2
77.375,27.375,43,43,43,1,1
49.375,-8.125,43,43,43,1,1
-13.125,-37.875,43,43,43,1,1
61.875,-176.125,43,43,43,1,1
66.875,-168.625,43,43,43,3,3
21.625,-17.875,43,43,43,2,2
20.375,-66.375,43,43,43,4,4
72.625,17.875,43,43,43,2,2
24.375,-76.875,43,43,43,1,1
41.125,-13.125,43,43,43,1,1
41.125,-9.625,43,43,43,1,1
-73.375,-104.625,43,43,43,2,2
-40.125,172.875,43,43,43,7,7
-14.125,-36.375,43,43,43,4,5
16.875,-75.875,43,43,43,5,5
44.625,-128.125,43,43,43,1,1
-45.125,150.125,43,43,43,1,1
42.375,138.125,43,43,43,3,3
61.125,19.125,43,43,43,4,6
68.125,4.875,43,43,43,1,1
-70.875,-104.625,43,43,43,1,1
57.625,-168.625,43,43,43,2,2
-33.875,114.125,43,43,43,1,1
46.625,-10.125,43,43,43,3,3
12.625,-68.875,43,43,43,2,2
44.875,-51.875,43,43,43,1,1
75.375,30.375,43,43,43,1,1
-15.875,145.875,43,43,43,1,1
-15.125,-36.875,43,43,43,3,4
60.875,19.375,43,43,43,3,3
60.875,3.375,43,43,43,2,2
74.375,-161.125,43,43,43,1,1
-51.625,-63.625,43,43,43,1,1
-67.625,-75.625,43,43,43,1,2
-73.125,-85.875,43,43,43,1,1
-30.625,114.375,43,43,43,1,1
24.375,-17.125,43,43,43,3,4
41.375,-12.125,43,43,43,1,1
41.375,4.875,43,43,43,2,2
41.375,141.875,43,43,43,5,5
78.125,34.875,43,43,43,1,1
8.375,-84.375,43,43,43,6,8
47.125,-5.375,43,43,43,1,1
53.625,173.125,43,43,43,1,1
65.875,7.375,43,43,43,2,2
41.375,146.625,43,43,43,3,3
44.875,-59.375,43,43,43,1,1
-42.875,176.875,43,43,43,1,1
18.875,-19.375,43,43,43,2,2
52.875,-10.125,43,43,43,2,2
48.875,-127.125,43,43,43,2,2
35.875,-72.875,43,43,43,1,1
42.375,5.375,43,43,43,1,1
-44.625,151.375,43,43,43,1,1
32.625,134.625,43,43,43,3,3
-64.875,119.875,43,43,43,1,1
24.125,-17.125,43,43,43,3,4
-65.125,122.375,43,43,43,1,1
32.125,134.125,43,43,43,2,2
37.625,134.875,43,43,43,3,3
72.125,-156.125,43,43,43,2,2
48.375,-127.375,43,43,43,2,3
-20.125,151.375,43,43,43,1,1
23.875,-16.625,43,43,43,2,2
30.125,130.875,43,43,43,9,9
-44.125,150.625,43,43,43,1,1
32.625,-117.875,43,43,43,1,2
-25.875,110.125,43,43,43,1,1
72.125,22.625,43,43,43,3,3
-24.625,154.125,43,43,43,8,8
51.375,-12.625,43,43,43,2,2
-43.875,145.625,43,43,43,1,1
41.875,-70.625,43,43,43,5,5
64.125,22.375,43,43,43,4,5
37.125,-124.375,43,43,43,3,3
72.125,-149.125,43,43,43,1,2
53.375,-13.375,43,43,43,3,3
53.375,-13.875,43,43,43,2,2
-64.375,114.625,43,43,43,1,1
42.125,-125.125,43,43,43,2,2
-65.125,123.375,43,43,43,1,1
-22.125,153.125,43,43,43,1,1
36.875,-74.375,43,43,43,2,2
36.875,-124.125,43,43,43,1,1
19.375,-19.125,43,43,43,2,2
-48.625,173.875,43,43,43,1,1
52.125,-12.875,43,43,43,2,2
49.875,-2.125,43,43,43,3,3
31.375,-13.375,43,43,43,1,1
71.375,-147.625,43,43,43,1,1
65.625,6.875,43,43,43,1,1
14.125,-95.875,43,43,43,8,9
33.875,140.125,43,43,43,11,12
16.375,-75.875,43,43,43,6,6
27.625,-83.875,43,43,43,1,1
13.375,-59.125,43,43,43,1,1
55.125,-151.625,43,43,43,1,1
44.125,-125.625,43,43,43,2,2
49.875,-0.125,43,43,43,1,1
16.125,-75.375,43,43,43,2,2
71.125,-130.875,43,43,43,1,1
13.375,-60.125,42,42,42,1,1
55.125,-162.125,42,42,42,2,2
-10.625,-34.625,42,42,42,3,4
71.125,-147.625,42,42,41,2,2
62.875,-173.625,42,42,42,2,2
27.375,-14.375,42,42,42,3,4
33.875,141.125,42,42,42,8,12
45.375,143.125,42,42,42,2,2
45.375,-12.375,42,42,42,2,2
14.625,-97.125,42,42,42,8,10
-37.625,17.625,42,42,42,1,1
73.125,-149.125,42,42,42,1,1
45.375,-49.125,42,42,42,1,1
11.875,-92.875,42,42,42,1,1
-8.625,-33.375,42,42,42,4,5
51.875,-134.875,42,42,42,2,2
32.375,-9.875,42,42,42,4,5
32.375,-118.125,42,42,42,1,1
17.625,-65.125,42,42,42,1,1
-72.125,-106.375,42,42,42,1,1
13.125,-69.375,42,42,42,2,2
-22.125,153.875,42,42,42,4,4
-43.625,-64.125,42,42,42,2,2
41.875,-124.875,42,42,42,2,2
54.625,-161.125,42,42,42,3,3
47.875,-125.875,42,42,42,3,3
72.125,14.375,42,42,42,2,2
58.875,19.625,42,42,42,4,5
72.375,-151.125,42,42,42,2,2
58.625,-147.375,42,42,42,2,2
60.125,-148.375,42,42,42,1,1
-18.875,149.875,42,42,42,1,1
42.125,-68.375,42,42,42,3,4
13.125,-93.625,42,42,42,7,8
-65.375,149.375,42,42,42,1,1
-19.625,150.375,42,42,42,1,1
-61.875,-49.875,42,42,42,1,1
-19.875,152.625,42,42,42,1,1
-61.625,-63.875,42,42,42,2,2
32.125,127.625,42,42,42,2,2
32.125,127.875,42,42,42,2,2
56.125,-166.375,42,42,42,3,3
73.875,10.125,42,42,42,1,1
55.875,-6.625,42,42,42,1,1
67.125,6.125,42,42,42,2,2
67.125,6.375,42,42,42,2,2
67.125,7.625,42,42,42,2,2
12.875,-69.125,42,42,42,2,2
8.125,-86.375,42,42,42,2,2
64.625,-169.375,42,42,42,3,3
-17.125,146.875,42,42,42,2,2
6.625,-84.375,42,42,42,1,1
-71.375,-107.375,42,42,42,2,2
70.625,-145.875,42,42,42,2,2
55.625,-138.125,42,42,42,1,1
-17.625,147.875,42,42,42,1,1
52.875,-11.125,42,42,42,3,3
60.625,-64.875,42,42,42,1,1
-64.875,117.125,42,42,42,1,1
48.625,-127.875,42,42,42,3,3
-64.875,120.125,42,42,42,1,1
73.625,32.375,42,42,42,1,1
65.875,7.625,42,42,42,2,2
66.125,5.375,42,42,42,1,1
53.625,176.375,42,42,42,2,2
-67.625,-11.625,42,42,42,1,1
58.125,-61.625,42,42,42,1,1
70.375,5.875,42,42,42,1,1
64.625,1.875,42,42,42,2,2
70.875,-160.375,42,42,42,1,1
70.375,-168.875,42,42,42,2,2
38.375,-70.375,42,42,42,1,1
-30.125,14.125,42,42,42,1,1
64.625,9.375,42,42,42,1,1
14.875,-97.875,42,42,42,6,8
-32.125,111.625,42,42,42,1,1
-44.875,149.625,42,42,42,2,2
23.625,-80.625,42,42,42,2,2
13.375,-94.375,42,42,42,6,8
-14.625,-36.625,42,42,42,4,5
61.125,-177.625,42,42,42,1,1
51.875,-8.125,42,42,42,1,1
35.375,142.875,42,42,42,4,4
-16.625,121.625,42,42,42,1,1
-68.875,-84.875,42,42,40,3,3
60.625,4.625,42,42,42,2,2
9.875,-79.375,42,42,42,2,2
20.875,-64.125,42,42,42,1,1
76.375,32.125,42,42,42,3,3
57.625,-145.875,42,42,42,2,2
46.375,-5.625,42,42,42,1,1
39.125,3.375,42,42,42,2,2
39.125,-124.625,42,42,42,2,2
67.625,9.875,42,42,42,2,2
25.375,-80.375,42,42,42,7,7
-66.375,142.375,42,42,42,1,1
77.375,25.125,42,42,42,1,1
6.375,-85.625,42,42,42,1,1
-44.875,142.875,42,42,42,2,2
74.125,33.375,42,42,42,2,2
-45.375,145.625,42,42,42,1,1
61.375,-167.875,42,42,42,5,5
71.125,-162.125,42,42,42,2,2
-14.375,124.125,42,42,42,1,1
50.625,-14.375,42,42,42,2,2
39.375,-71.875,42,42,42,1,1
46.375,-10.875,42,42,42,2,2
-67.875,2.875,42,42,42,1,1
57.375,-167.875,42,42,42,2,2
57.375,-167.125,42,42,42,2,3
57.375,-165.625,42,42,42,3,3
71.375,16.875,42,42,42,3,3
20.125,-66.625,42,42,42,13,18
-71.625,-103.875,42,42,42,1,1
-12.125,-35.375,42,42,42,3,4
-13.125,125.875,42,42,42,1,1
-12.875,-38.625,42,42,42,1,1
74.375,12.375,42,42,42,1,1
13.625,-94.875,42,42,42,8,10
15.625,-99.375,42,42,42,7,9
-1.375,151.875,42,42,42,12,15
77.375,13.375,42,42,42,1,1
76.125,33.375,42,42,42,1,1
-35.125,-54.125,42,42,42,1,1
30.875,136.875,42,42,42,3,3
30.875,137.125,42,42,42,5,5
14.375,-98.375,42,42,42,1,1
73.625,-159.625,42,42,42,1,1
39.875,-13.125,42,42,42,1,1
-64.125,144.625,42,42,42,1,1
-71.625,-105.875,42,42,42,1,1
70.125,-163.625,42,42,42,5,5
54.625,-10.375,42,42,42,2,2
43.125,-126.625,42,42,42,1,1
-66.125,150.375,42,42,42,1,1
34.125,140.125,42,42,42,11,13
62.375,-72.625,42,42,42,1,1
71.625,18.875,42,42,42,2,2
-12.125,-33.625,42,42,42,1,1
-64.875,115.125,42,42,42,1,1
49.625,-131.375,42,42,42,2,3
49.625,-129.125,42,42,42,2,2
22.625,-17.375,42,42,42,2,2
-65.125,-67.125,42,42,42,3,3
13.875,-72.125,42,42,42,2,2
40.125,5.125,42,42,42,1,1
56.875,-163.875,42,42,42,2,2
71.375,11.375,42,42,42,2,2
-65.375,121.375,42,42,42,1,1
15.875,-75.125,42,42,42,2,2
80.375,29.625,42,42,42,1,1
43.875,-126.125,42,42,42,2,2
-63.625,114.875,42,42,42,1,1
63.375,-165.875,41,41,41,2,2
49.875,-0.625,41,41,41,1,1
67.125,3.625,41,41,41,2,2
-10.875,135.125,41,41,41,1,1
-10.875,135.875,41,41,41,1,1
71.625,-153.875,41,41,41,1,1
33.875,-76.875,41,41,41,1,1
71.125,16.125,41,41,41,3,3
-38.125,179.375,41,41,41,1,1
33.375,-77.875,41,41,41,2,2
-10.875,134.375,41,41,41,1,1
50.125,-8.625,41,41,41,1,1
54.625,-9.875,41,41,41,3,3
43.125,-125.125,41,41,41,3,3
-46.875,170.375,41,41,41,1,1
71.125,-150.625,41,41,41,2,2
63.625,7.375,41,41,41,1,1
52.375,-11.875,41,41,41,2,2
27.375,-83.625,41,41,41,1,1
-12.375,145.625,41,41,41,1,1
72.875,24.125,41,41,41,1,1
56.875,-153.125,41,41,41,4,4
40.375,-125.875,41,41,41,2,2
45.375,-11.875,41,41,41,2,2
45.375,-49.375,41,41,41,1,1
61.875,-24.875,41,41,41,1,1
74.375,11.125,41,41,41,2,2
29.625,130.375,41,41,41,7,7
29.875,-119.625,41,41,41,1,1
-46.125,172.875,41,41,41,1,1
27.125,-14.625,41,41,41,3,3
27.375,-92.125,41,41,41,1,1
49.375,-132.375,41,41,41,2,2
70.375,-162.875,41,41,41,3,3
74.375,7.125,41,41,41,1,1
74.875,17.125,41,41,41,1,1
-45.375,145.375,41,41,41,1,1
35.125,-6.875,41,41,41,3,3
16.875,-76.625,41,41,41,2,2
-36.375,170.875,41,41,41,8,8
65.375,7.375,41,41,41,1,1
11.625,-90.375,41,41,41,7,8
72.875,16.625,41,41,41,1,1
-64.625,78.375,41,41,41,1,1
75.625,10.125,41,41,41,1,1
56.375,-150.625,41,41,41,2,2
77.375,26.125,41,41,41,1,1
77.375,26.375,41,41,41,1,1
44.625,-60.875,41,41,41,2,2
-44.875,148.875,41,41,41,3,3
49.125,-128.375,41,41,41,3,3
77.375,12.375,41,41,41,1,1
61.125,-177.875,41,41,41,2,2
71.875,-154.125,41,41,41,2,2
77.875,34.375,41,41,41,1,1
71.125,17.375,41,41,41,2,2
-16.625,146.125,41,41,41,1,2
63.875,21.875,41,41,41,4,4
52.875,-11.875,41,41,41,2,2
32.625,-78.125,41,41,41,2,2
-17.625,146.875,41,41,41,1,1
60.875,-170.875,41,41,41,2,2
35.875,-122.625,41,41,41,2,2
75.125,32.875,41,41,41,1,1
-63.375,-53.375,41,41,41,1,1
66.625,-168.125,41,41,41,3,3
35.875,-74.125,41,41,41,1,1
60.375,-0.375,41,41,41,1,1
-18.375,121.125,41,41,41,1,1
73.375,14.625,41,41,41,1,1
50.375,-135.125,41,41,41,2,2
75.375,14.875,41,41,41,1,1
55.875,-166.625,41,41,41,2,2
13.125,-93.875,41,41,41,7,9
70.625,-150.875,41,41,41,1,1
59.875,-147.625,41,41,41,1,1
59.875,-146.875,41,41,41,2,2
-19.375,119.125,41,41,41,1,1
-65.125,133.875,41,41,41,1,1
7.125,-50.625,41,41,41,1,1
-61.875,-49.375,41,41,41,2,2
68.625,-114.125,41,41,41,3,3
72.125,-155.375,41,41,41,3,4
30.375,-119.625,41,41,41,1,1
-23.375,-42.625,41,41,41,3,4
46.375,-6.375,41,41,41,1,1
39.625,-125.625,41,41,41,1,1
46.125,-11.375,41,41,41,3,3
32.375,-79.625,41,41,41,2,2
64.375,-170.875,41,41,41,3,3
-72.625,-104.875,41,41,41,2,2
-64.375,83.375,41,41,41,1,1
-68.375,76.875,41,41,41,1,1
41.875,-11.125,41,41,41,1,1
-68.375,77.625,41,41,41,2,2
67.125,4.375,41,41,41,2,2
55.875,-154.125,41,41,41,2,2
-24.125,110.125,41,41,41,1,1
51.875,-171.875,41,41,41,2,3
64.375,-166.875,41,41,41,1,1
76.875,3.625,41,41,41,1,1
56.125,16.125,41,41,41,13,13
56.375,-167.375,41,41,41,2,3
41.125,-12.625,41,41,41,1,1
-25.375,156.375,41,41,41,1,1
67.875,7.875,41,41,41,1,1
-52.625,-67.875,41,41,41,1,1
58.375,-7.875,41,41,41,1,1
18.125,-104.375,41,41,41,2,2
37.875,143.375,41,41,41,3,3
-72.125,-103.625,41,41,41,2,2
44.875,-57.375,41,41,41,2,2
71.375,-161.125,41,41,41,5,5
41.625,-125.875,41,41,41,2,2
-43.375,176.625,41,41,41,1,1
-27.875,155.125,41,41,41,1,1
-33.125,17.375,41,41,41,2,2
10.125,-79.125,41,41,41,2,2
47.125,-128.625,41,41,41,1,1
71.375,24.375,41,41,41,1,1
14.625,-97.375,41,41,41,7,9
65.875,6.375,41,41,41,2,2
58.125,-167.625,41,41,41,2,2
-70.125,-101.375,41,41,41,3,3
57.875,-155.125,41,41,41,2,2
-32.625,114.875,41,41,41,2,2
76.375,30.625,41,41,41,2,2
75.375,32.375,41,41,41,2,2
75.375,33.625,41,41,41,2,2
12.375,-68.625,41,41,41,2,2
71.375,21.625,41,41,41,1,1
69.125,-166.625,41,41,41,3,3
43.875,-7.375,41,41,41,1,1
-47.125,168.375,41,41,41,1,1
71.125,22.875,41,41,41,3,3
33.375,-119.625,41,41,41,2,3
28.125,-85.875,41,41,41,1,1
-9.875,143.125,41,41,41,1,1
-69.625,-79.875,41,41,41,1,1
70.625,-167.625,41,41,41,3,4
-65.875,-71.875,41,41,41,2,2
-54.375,-55.625,40,40,40,1,1
43.625,-128.125,40,40,40,2,2
-63.625,114.625,40,40,40,1,1
46.625,-128.125,40,40,40,2,2
-10.875,138.375,40,40,40,1,1
33.625,141.625,40,40,40,6,6
27.875,-86.125,40,40,40,1,1
43.375,-126.375,40,40,40,1,1
-47.625,169.625,40,40,40,1,1
28.125,-86.375,40,40,40,1,1
54.875,-155.375,40,40,40,1,1
54.375,-159.875,40,40,40,3,3
54.375,-157.875,40,40,40,2,2
-38.375,144.875,40,40,40,9,9
70.125,6.625,40,40,40,1,1
66.625,8.125,40,40,40,1,1
20.625,-72.875,40,40,40,3,4
-65.125,112.875,40,40,40,1,1
51.625,-14.875,40,40,40,1,1
70.875,21.625,40,40,40,2,2
42.125,-10.625,40,40,40,1,1
-44.125,174.875,40,40,40,1,1
74.125,7.875,40,40,40,1,1
-62.125,-59.625,40,40,40,2,2
77.125,-136.625,40,40,40,1,1
71.875,33.625,40,40,40,1,1
36.625,-123.375,40,40,40,2,2
53.125,-12.375,40,40,40,2,2
-1.625,152.375,40,40,40,13,16
-64.875,79.625,40,40,40,1,1
-64.625,-64.875,40,40,40,4,4
45.625,-11.875,40,40,40,2,2
-36.875,-54.375,40,40,40,1,1
58.125,-139.125,40,40,40,2,2
-71.125,-106.125,40,40,40,2,2
-41.875,176.625,40,40,40,1,1
72.375,32.875,40,40,40,2,2
73.125,17.375,40,40,40,2,2
-66.375,140.875,40,40,40,1,1
-64.625,139.625,40,40,40,1,1
73.625,23.375,40,40,40,1,1
12.625,-95.375,40,40,40,1,1
-67.625,74.625,40,40,40,1,1
45.875,-125.625,40,40,40,2,2
-67.875,-74.875,40,40,40,2,2
48.875,-8.625,40,40,40,1,1
52.875,-14.375,40,40,40,2,2
60.625,1.625,40,40,40,2,2
-63.125,135.875,40,40,40,1,1
59.625,-145.875,40,40,40,2,2
59.625,-144.875,40,40,40,2,2
-21.875,153.875,40,40,40,3,3
-67.375,30.875,40,40,40,1,1
36.375,-74.375,40,40,40,1,1
17.125,-76.875,40,40,40,2,2
70.625,8.125,40,40,40,1,1
46.375,-10.125,40,40,40,3,3
72.625,16.375,40,40,40,2,2
69.375,-168.125,40,40,40,4,4
-37.375,178.375,40,40,40,11,11
-45.875,171.375,40,40,40,1,1
55.375,-166.625,40,40,40,3,4
51.625,-8.875,40,40,40,4,4
64.625,-168.875,40,40,40,3,3
66.125,8.625,40,40,40,1,1
14.625,-98.875,40,40,40,1,1
31.875,136.875,40,40,40,6,6
65.125,-167.875,40,40,40,3,3
-62.375,-58.625,40,40,40,2,2
51.875,-6.125,40,40,40,1,1
39.875,4.875,40,40,40,2,2
36.625,-2.375,40,40,40,1,1
-33.625,114.125,40,40,40,1,1
39.125,3.125,40,40,40,2,2
-70.875,-81.875,40,40,40,1,1
71.125,12.625,40,40,40,2,2
28.625,-89.375,40,40,40,1,1
-45.125,143.125,40,40,40,1,1
-36.875,-54.125,40,40,40,1,1
-56.375,-65.375,40,40,40,1,1
-72.625,-105.125,40,40,40,2,2
-68.125,-73.375,40,40,40,3,3
41.875,-65.375,40,40,40,1,1
-64.375,122.375,40,40,40,1,1
70.875,-146.625,40,40,40,2,2
37.125,-10.875,40,40,40,1,1
-64.375,115.625,40,40,40,1,1
-22.875,113.375,40,40,40,1,1
50.625,-11.625,40,40,40,2,2
50.625,-9.625,40,40,40,1,1
64.625,-170.125,40,40,40,4,4
56.125,-165.875,40,40,40,4,4
-43.625,178.625,40,40,40,1,1
70.875,-163.625,40,40,40,4,4
24.625,-83.875,40,40,40,1,1
-63.375,111.625,40,40,40,1,1
31.125,-12.125,40,40,40,1,1
58.875,-168.375,40,40,40,3,3
58.625,-5.875,40,40,40,2,2
69.125,-101.375,40,40,40,2,2
-33.375,114.375,40,40,40,1,1
-33.625,113.375,40,40,40,1,1
71.125,-160.875,40,40,40,3,3
40.625,-67.875,40,40,40,2,2
-68.125,3.625,40,40,40,1,1
69.375,-116.375,40,40,40,2,2
56.875,-143.375,40,40,40,2,2
72.125,13.875,40,40,40,2,2
-24.625,112.375,40,40,40,1,1
72.125,18.875,40,40,40,3,3
72.375,-156.125,40,40,40,3,4
58.625,-167.875,40,40,40,2,2
64.625,-170.625,40,40,40,3,3
57.375,-11.875,40,40,40,1,1
77.375,26.625,40,40,40,1,1
32.625,140.625,40,40,40,8,9
71.875,-160.375,40,40,40,4,5
-45.375,172.875,40,40,40,1,1
18.375,-19.625,40,40,40,2,2
-25.625,153.875,40,40,40,2,2
-69.875,-84.625,40,40,40,1,1
23.625,-17.625,40,40,40,3,3
46.625,-125.875,40,40,40,2,2
71.625,-139.875,40,40,40,1,1
52.375,-170.375,40,40,40,1,2
-62.625,-58.375,40,40,40,2,2
77.625,27.125,40,40,40,1,1
9.375,-54.375,40,40,40,1,1
46.875,-4.875,40,40,40,1,1
-64.625,121.625,40,40,40,1,1
66.625,-167.625,40,40,40,2,2
-64.875,118.625,40,40,40,2,2
-64.875,119.125,40,40,40,1,1
45.375,-48.875,40,40,40,1,1
56.625,-7.625,40,40,40,1,1
56.875,-167.875,39,39,39,2,3
31.125,136.375,39,39,39,9,9
51.125,-6.125,39,39,39,1,1
21.125,-108.875,39,39,39,2,2
-74.375,-103.875,39,39,39,3,3
-44.375,146.875,39,39,39,1,1
54.625,-158.875,39,39,39,3,3
75.125,15.375,39,39,39,1,1
-17.625,-37.875,39,39,39,3,4
32.625,-78.375,39,39,39,2,2
71.125,11.125,39,39,39,2,2
-10.625,140.875,39,39,39,1,1
33.625,-120.625,39,39,39,2,3
63.125,-1.375,39,39,39,1,1
33.375,139.875,39,39,39,8,8
-68.125,-72.375,39,39,39,3,3
64.625,9.625,39,39,39,1,1
57.875,-146.125,39,39,39,2,2
8.875,-55.375,39,39,39,1,1
-45.375,142.625,39,39,39,1,1
74.375,-161.375,39,39,39,1,1
71.125,30.875,39,39,39,1,1
13.375,-71.375,39,39,39,2,2
13.375,-94.125,39,39,39,7,9
66.625,-11.125,39,39,39,1,1
-14.375,123.875,39,39,39,1,1
76.625,32.125,39,39,39,1,1
-65.125,124.625,39,39,39,1,1
76.875,28.375,39,39,39,2,2
75.625,33.125,39,39,39,1,1
40.625,3.375,39,39,39,1,1
71.375,-160.375,39,39,39,4,5
53.625,-138.625,39,39,39,1,1
47.625,-129.375,39,39,39,2,2
73.875,13.625,39,39,39,2,2
68.875,-167.625,39,39,39,2,2
-25.125,110.125,39,39,39,1,1
66.375,6.875,39,39,39,2,2
37.125,132.875,39,39,39,1,1
19.125,-80.875,39,39,39,3,3
-71.875,-106.125,39,39,39,2,2
-73.375,-103.875,39,39,39,3,3
-67.625,76.625,39,39,39,1,1
68.125,-167.125,39,39,39,4,4
71.875,-163.625,39,39,39,4,4
-13.375,125.375,39,39,39,1,1
34.625,140.625,39,39,39,7,12
16.625,-76.125,39,39,39,2,2
-12.875,-37.875,39,39,39,1,1
72.125,10.625,39,39,39,2,2
46.125,-10.375,39,39,39,2,2
-71.625,-103.125,39,39,39,1,1
-66.375,142.625,39,39,39,1,1
-35.875,-179.125,39,39,39,1,1
-63.125,113.125,39,39,39,1,1
-66.375,146.625,39,39,39,1,1
72.875,-161.875,39,39,39,1,1
46.125,-129.125,39,39,39,3,3
60.875,1.125,39,39,39,2,2
51.875,1.875,39,39,39,1,1
72.375,26.875,39,39,39,2,2
22.125,-17.625,39,39,39,2,2
70.875,-161.875,39,39,39,5,5
-45.875,170.875,39,39,39,1,1
69.625,-165.875,39,39,39,5,7
32.875,138.125,39,39,39,2,2
52.375,-5.875,39,39,39,2,2
-23.625,113.375,39,39,39,1,1
71.625,-165.625,39,39,39,3,3
-66.625,75.875,39,39,39,1,1
-19.625,118.875,39,39,39,1,1
-72.125,-106.625,39,39,39,1,1
64.125,8.625,39,39,39,2,2
51.875,-136.875,39,39,39,2,2
-70.375,-104.125,39,39,39,2,2
17.375,-64.625,39,39,39,2,2
72.125,-162.125,39,39,39,4,4
6.375,-86.125,39,39,39,1,1
-67.125,-69.125,39,39,39,3,3
-16.875,146.375,39,39,39,2,2
-56.875,-62.875,39,39,39,1,1
22.375,-70.875,39,39,39,2,2
-64.125,143.875,39,39,39,1,1
72.125,-161.375,39,39,39,4,4
76.625,13.875,39,39,39,2,2
38.625,-124.375,39,39,39,2,3
-31.625,153.125,39,39,39,14,14
14.875,-97.625,39,39,39,7,9
-28.875,113.625,39,39,39,1,1
38.125,-75.125,39,39,39,2,2
-27.625,154.125,39,39,39,1,1
58.375,-166.875,39,39,39,2,2
50.625,-13.125,39,39,39,1,2
57.375,17.375,39,39,39,2,2
44.875,-49.625,39,39,39,1,1
40.375,-67.125,39,39,39,2,2
49.625,-130.375,39,39,39,2,2
52.375,-138.375,39,39,39,2,2
71.125,-148.375,39,39,39,2,2
-11.625,-35.125,39,39,39,2,3
70.625,21.125,39,39,39,1,1
60.625,-147.375,39,39,39,3,4
52.875,-5.375,39,39,39,1,1
-18.125,-38.125,39,39,39,3,4
-68.375,7.375,39,39,39,1,1
64.125,-13.375,39,39,39,1,1
39.625,144.125,39,39,39,1,1
14.375,-98.625,39,39,39,1,1
-64.625,82.125,39,39,39,1,1
-35.125,17.875,39,39,39,1,1
54.125,-161.625,39,39,39,5,5
48.625,-128.125,39,39,39,2,2
24.375,-16.375,39,39,39,2,2
24.375,-16.875,39,39,39,2,3
34.125,-120.125,39,39,39,3,3
44.125,-12.375,39,39,39,1,1
50.125,-10.125,39,39,39,1,2
63.625,-11.375,39,39,39,1,1
54.375,-158.375,39,39,39,1,1
-64.125,113.875,39,39,39,2,2
60.875,-178.375,39,39,39,1,1
-62.875,135.625,39,39,39,1,1
-62.875,134.875,39,39,39,1,1
-7.875,-32.875,39,39,39,1,2
-10.875,139.875,39,39,39,1,1
63.125,-166.375,39,39,39,3,3
77.625,28.625,39,39,39,1,1
38.875,2.875,39,39,39,2,2
38.875,-10.875,39,39,39,1,1
33.625,138.625,39,39,39,6,9
-65.375,121.125,38,38,38,1,1
-62.875,135.125,38,38,38,1,1
-7.125,154.625,38,38,38,12,12
43.375,-10.125,38,38,38,2,2
55.125,-166.375,38,38,38,2,3
66.875,-6.125,38,38,38,1,1
13.625,-60.875,38,38,38,1,1
43.375,-127.875,38,38,38,2,2
27.625,-14.625,38,38,38,1,1
66.875,9.875,38,38,38,2,2
33.625,-75.875,38,38,38,1,1
54.875,-154.125,38,38,38,1,1
23.375,-82.375,38,38,38,7,9
-64.875,118.875,38,38,38,1,1
-71.375,-105.625,38,38,38,2,2
55.625,-13.375,38,38,38,1,1
42.375,-125.875,38,38,38,1,1
-63.375,89.125,38,38,38,1,1
-44.625,173.875,38,38,38,1,1
-44.375,147.875,38,38,38,1,1
-64.625,81.875,38,38,38,1,1
57.125,-146.625,38,38,38,2,2
11.125,-77.125,38,38,38,1,1
50.625,-5.875,38,38,38,1,1
-64.875,115.375,38,38,38,1,1
36.125,-125.625,38,38,38,1,1
-64.875,117.625,38,38,38,1,1
60.625,1.125,38,38,38,2,2
48.625,-11.625,38,38,38,1,1
26.375,-79.875,38,38,38,3,3
76.125,-7.875,38,38,38,1,1
73.625,-165.875,38,38,38,1,1
54.375,-158.875,38,38,38,2,2
60.625,4.375,38,38,38,1,1
-0.625,152.375,38,38,38,12,12
6.875,-51.125,38,38,38,3,5
-57.375,-62.375,38,38,38,1,1
48.125,-7.125,38,38,38,2,2
-70.625,-88.625,38,38,38,1,1
71.625,-161.375,38,38,38,4,4
-65.125,136.625,38,38,38,1,1
71.375,-163.125,38,38,38,2,3
44.625,-51.125,38,38,38,2,2
69.375,13.125,38,38,38,2,2
-43.875,-64.375,38,38,38,1,1
-43.875,149.375,38,38,38,1,1
-63.125,124.375,38,38,38,1,1
72.875,-157.625,38,38,38,2,2
-35.375,111.375,38,38,38,1,1
67.375,13.625,38,38,38,2,2
52.875,-135.875,38,38,38,2,2
35.375,-73.375,38,38,38,1,1
-62.375,113.875,38,38,38,1,1
70.375,-98.125,38,38,38,1,1
69.875,-87.625,38,38,38,1,1
10.875,-77.625,38,38,38,1,1
59.125,-9.125,38,38,38,1,1
-64.375,116.125,38,38,38,1,1
-64.375,115.875,38,38,38,1,1
-66.125,146.375,38,38,38,1,1
69.375,14.625,38,38,38,2,2
78.375,34.625,38,38,38,1,1
-66.375,142.875,38,38,38,1,1
48.875,-5.125,38,38,38,3,3
78.875,31.125,38,38,38,2,2
19.125,-65.375,38,38,38,2,3
42.375,-68.375,38,38,38,1,1
71.875,-161.125,38,38,38,4,5
49.125,-8.125,38,38,38,2,2
-73.375,-105.125,38,38,38,2,2
54.125,-166.125,38,38,38,5,5
57.625,-167.125,38,38,38,2,3
28.875,-80.375,38,38,38,1,1
-69.375,-79.375,38,38,38,1,1
-63.125,115.625,38,38,38,1,1
73.375,11.625,38,38,38,1,1
73.125,32.625,38,38,38,1,1
71.375,15.625,38,38,38,3,3
-50.625,-64.375,38,38,38,1,1
51.125,-136.625,38,38,38,2,2
44.375,-11.625,38,38,38,2,2
37.625,-73.875,38,38,38,1,1
72.375,-159.375,38,38,38,3,3
67.875,10.875,38,38,38,1,1
32.125,-77.875,38,38,38,2,2
72.125,33.375,38,38,38,1,1
31.125,-11.875,38,38,38,1,1
31.125,-80.875,38,38,38,1,1
50.875,-133.625,38,38,38,1,1
37.875,-72.125,38,38,38,1,1
-65.125,121.875,38,38,38,1,1
67.125,4.875,38,38,38,2,2
73.875,14.125,38,38,38,2,2
58.375,-8.125,38,38,38,1,1
-60.625,-64.875,38,38,38,2,2
-25.875,154.875,38,38,38,1,1
71.625,-158.875,38,38,38,2,3
61.125,-2.875,38,38,17,1,2
20.375,-71.625,38,38,38,1,1
34.875,-123.375,38,38,38,2,2
-69.125,-79.375,38,38,38,1,1
71.625,32.625,38,38,38,1,1
57.625,-146.875,38,38,38,2,2
73.625,35.375,38,38,38,2,2
64.625,-0.875,38,38,38,1,1
64.625,-168.625,38,38,38,3,3
7.875,-83.375,38,38,38,7,8
53.625,-55.375,38,38,38,1,1
42.875,-66.375,38,38,38,2,2
55.375,-157.625,38,38,38,3,3
-68.375,-74.375,38,38,38,2,2
42.625,6.375,38,38,38,2,2
55.375,-151.625,38,38,38,2,2
71.375,24.625,38,38,38,1,1
-67.625,74.375,38,38,38,1,1
46.375,-3.875,38,38,38,1,1
-67.875,31.125,38,38,38,1,1
-65.125,77.625,38,38,38,1,1
25.125,-77.875,38,38,38,1,1
64.875,8.375,38,38,38,1,1
65.125,-169.125,38,38,38,4,4
30.875,-80.875,38,38,38,1,1
12.625,-96.125,38,38,38,1,1
38.375,-72.375,38,38,38,1,1
31.875,-80.625,38,38,38,1,1
67.625,12.375,38,38,38,2,2
-65.875,145.875,38,38,38,1,1
56.875,-151.625,38,38,38,2,2
-36.375,17.625,38,38,38,1,1
-12.375,-37.375,38,38,38,1,2
-64.875,80.625,38,38,38,1,1
-62.625,113.125,38,38,38,1,1
68.375,-110.125,38,38,38,1,1
51.625,-13.875,38,38,38,2,2
51.625,-15.125,38,38,38,1,1
-30.125,114.125,38,38,38,1,1
38.375,-9.375,38,38,38,1,1
25.625,-15.375,38,38,38,2,2
44.875,-53.875,38,38,38,1,2
44.875,-55.625,38,38,38,1,1
-66.125,150.625,38,38,38,1,1
51.125,-132.875,38,38,38,3,3
44.375,-128.875,38,38,38,1,1
42.875,138.125,38,38,38,3,3
-62.875,113.875,38,38,38,1,1
33.875,-8.875,38,38,38,3,4
-66.625,64.375,38,38,38,1,1
12.875,-93.125,38,38,38,7,7
21.125,-18.125,38,38,38,2,2
70.125,-119.875,38,38,38,1,1
44.875,-50.125,38,38,38,1,1
75.375,31.375,38,38,38,2,2
57.875,-150.125,38,38,38,2,2
38.625,133.875,38,38,38,1,1
19.375,-74.375,38,38,38,4,5
49.875,-0.375,38,38,38,1,1
25.375,-15.625,38,38,38,2,2
25.375,-76.875,38,38,38,11,18
38.875,-70.125,38,38,38,1,1
57.875,-168.125,38,38,38,2,3
-32.875,16.125,38,38,38,1,1
40.625,-71.125,38,38,38,3,3
12.125,-91.625,38,38,38,7,9
31.375,-77.375,38,38,38,1,1
71.625,9.875,38,38,38,3,3
71.625,9.625,38,38,38,3,3
33.125,-117.875,38,38,38,1,1
68.125,10.875,38,38,38,2,2
-63.625,112.125,38,38,38,1,1
70.125,7.875,37,37,37,2,2
37.125,-73.875,37,37,37,1,1
37.125,141.875,37,37,37,3,3
18.875,-76.125,37,37,37,5,8
56.875,-147.125,37,37,37,2,2
22.125,-70.375,37,37,37,3,3
7.375,-54.625,37,37,37,1,1
44.875,-126.125,37,37,37,1,1
44.875,-128.375,37,37,37,2,2
-68.125,-74.375,37,37,37,3,3
72.125,18.625,37,37,37,3,3
59.125,-11.125,37,37,37,1,1
59.375,-170.875,37,37,37,2,2
70.875,-148.125,37,37,37,1,1
72.125,20.625,37,37,37,2,2
55.875,-9.375,37,37,37,3,3
-60.875,-64.875,37,37,37,2,2
-23.625,110.125,37,37,37,1,1
30.625,-13.375,37,37,37,1,1
47.625,-128.125,37,37,37,2,2
26.125,-84.625,37,37,37,1,1
19.625,-106.875,37,37,37,6,8
18.625,-78.375,37,37,37,5,7
-36.375,112.375,37,37,37,1,1
32.375,-117.875,37,37,37,1,1
-69.375,-88.125,37,37,37,2,2
7.625,-50.375,37,37,37,1,1
59.625,-148.875,37,37,37,3,3
58.625,-6.875,37,37,37,2,2
73.625,35.125,37,37,37,2,2
44.875,-54.625,37,37,37,1,1
55.875,-153.875,37,37,37,2,2
17.375,-77.375,37,37,37,2,2
44.875,-55.875,37,37,37,1,1
-10.375,142.875,37,37,37,1,1
-65.875,142.375,37,37,37,1,1
-65.375,113.625,37,37,37,1,1
11.125,-91.125,37,37,37,1,1
18.875,-80.625,37,37,37,2,2
76.625,37.875,37,37,37,1,1
64.375,22.125,37,37,37,2,5
36.625,-1.625,37,37,37,3,3
42.125,-12.375,37,37,37,1,1
59.625,-5.625,37,37,37,1,1
71.625,-165.375,37,37,37,3,4
-19.875,150.625,37,37,37,1,1
53.125,-13.375,37,37,37,3,3
-60.375,-65.875,37,37,37,2,2
17.125,-102.625,37,37,37,1,1
58.375,-149.375,37,37,37,2,2
44.875,-49.875,37,37,37,1,1
55.125,-167.625,37,37,37,2,2
54.125,-152.625,37,37,37,2,2
43.875,-8.375,37,37,37,1,1
-67.625,74.125,37,37,37,1,1
32.625,-77.125,37,37,37,2,2
-67.625,-10.875,37,37,37,1,1
-63.375,89.625,37,37,37,1,1
-63.375,89.375,37,37,37,1,1
68.625,-167.875,37,37,37,5,5
60.375,-5.375,37,37,19,1,2
-64.875,115.625,37,37,37,1,1
42.375,-66.625,37,37,37,2,2
67.875,12.125,37,37,37,2,2
58.125,-137.625,37,37,37,2,3
50.375,-132.625,37,37,37,1,1
14.375,-70.625,37,37,37,2,2
-48.875,172.375,37,37,37,1,1
56.125,173.875,37,37,37,1,1
18.125,-78.875,37,37,37,2,2
18.125,-79.125,37,37,37,2,2
-29.875,13.625,37,37,37,1,1
-65.375,112.625,37,37,37,1,1
6.625,-84.875,37,37,37,1,1
48.875,-128.625,37,37,37,3,3
-65.375,149.875,37,37,37,2,2
52.875,-14.125,37,37,37,2,2
47.125,-125.625,37,37,37,2,2
-15.375,146.375,37,37,37,1,1
14.125,-70.375,37,37,37,2,2
35.625,-124.875,37,37,37,1,1
46.875,-4.125,37,37,37,1,1
56.375,-165.625,37,37,37,1,1
49.875,-11.625,37,37,37,1,1
-56.375,-63.375,37,37,37,1,1
-55.375,-64.625,37,37,37,5,5
45.125,-52.625,37,37,37,1,1
38.625,-10.375,37,37,37,1,1
73.375,34.375,37,37,37,1,1
42.625,-69.875,37,37,37,1,1
57.875,-165.375,37,37,37,1,1
-32.375,114.875,37,37,37,1,1
-39.125,-54.875,37,37,37,1,1
-64.625,116.375,37,37,37,1,1
51.375,-6.125,37,37,37,1,1
53.875,173.125,37,37,37,2,2
31.875,-10.875,37,37,37,1,1
63.875,-13.875,37,37,37,1,1
32.875,-119.375,37,37,37,4,6
30.125,-12.125,37,37,37,5,6
45.125,-53.375,37,37,37,1,1
45.125,-53.625,37,37,37,1,1
45.125,-54.625,37,37,37,2,2
45.125,-50.125,37,37,37,1,1
-73.625,-106.125,37,37,37,2,2
70.625,-163.375,37,37,37,3,4
-14.625,146.125,37,37,37,1,1
-3.375,152.875,37,37,37,14,15
-49.375,170.875,37,37,37,1,1
45.125,-51.875,37,37,37,1,1
61.375,-4.875,37,37,37,1,1
24.625,-76.625,37,37,37,1,1
61.125,-2.625,37,37,17,1,2
51.625,-136.125,37,37,37,2,2
57.625,-9.125,37,37,37,2,2
57.625,-146.375,37,37,37,3,3
-32.875,114.875,37,37,37,1,1
-48.875,170.125,37,37,37,1,1
74.875,6.375,37,37,37,1,1
29.875,-120.125,37,37,37,1,1
-46.125,170.625,37,37,37,1,1
15.375,-71.625,37,37,37,3,3
45.125,-6.375,37,37,37,1,1
-46.375,170.125,37,37,37,1,1
49.375,-130.625,37,37,37,2,2
55.375,-157.125,37,37,37,2,3
34.625,-122.375,37,37,37,2,2
49.625,-133.625,37,37,37,2,2
50.625,-133.125,37,37,37,1,1
69.875,-165.125,37,37,37,3,5
-73.125,-105.125,37,37,37,2,2
-4.875,153.875,37,37,37,12,12
21.375,-66.625,37,37,37,2,2
46.375,-6.125,37,37,37,1,1
46.375,-6.625,37,37,37,1,1
34.625,-11.875,37,37,37,1,1
43.125,-67.375,37,37,37,2,2
44.125,-9.625,37,37,37,2,2
44.125,-12.125,37,37,37,1,1
52.375,-12.125,37,37,37,2,2
-34.625,112.375,37,37,37,1,1
-5.375,-32.875,37,37,37,1,1
16.125,-100.375,37,37,37,7,8
16.125,-100.875,37,37,37,2,2
10.375,-78.375,37,37,37,1,1
10.875,-89.875,37,37,37,1,1
-65.625,75.375,37,37,37,1,1
71.625,8.125,37,37,37,2,2
27.625,-84.125,37,37,37,1,1
77.375,34.375,37,37,37,1,1
-62.625,-49.625,37,37,37,1,1
18.375,-63.875,37,37,37,6,8
56.875,-167.375,37,37,37,3,3
62.375,2.125,37,37,37,1,1
13.875,-61.125,37,37,37,1,1
13.875,-70.125,37,37,37,2,2
11.625,-68.375,37,37,37,2,2
-37.125,17.625,37,37,37,1,1
23.375,-80.125,37,37,37,2,2
20.625,-87.125,37,37,37,11,15
-35.375,111.625,37,37,37,1,1
-57.625,-63.875,37,37,37,2,2
-48.375,169.125,37,37,37,1,1
-63.625,-56.875,37,37,37,1,1
-74.125,-106.375,37,37,37,2,2
40.125,-13.625,37,37,37,1,1
11.875,-90.625,37,37,37,8,10
33.625,-119.625,36,36,36,2,3
-24.125,112.375,36,36,36,1,1
-63.125,134.375,36,36,36,1,1
43.625,-67.125,36,36,36,2,2
-65.625,140.125,36,36,36,1,1
43.375,-125.625,36,36,36,1,1
43.375,-128.125,36,36,36,2,2
-11.375,48.125,36,36,36,1,1
-36.125,-179.125,36,36,36,1,1
75.875,33.375,36,36,36,2,2
15.125,-76.625,36,36,36,6,6
-62.875,-57.875,36,36,36,2,2
-62.875,-58.125,36,36,36,2,2
35.625,-6.875,36,36,36,2,2
-65.375,151.375,36,36,36,1,1
-70.625,-105.625,36,36,36,2,2
55.625,-140.125,36,36,36,1,2
55.625,-140.375,36,36,36,1,2
-22.875,-41.625,36,36,36,2,3
66.625,11.125,36,36,36,1,1
46.125,-10.875,36,36,36,3,3
31.625,-80.875,36,36,36,1,1
-68.125,-73.625,36,36,36,3,3
66.875,7.375,36,36,36,1,1
55.375,-8.875,36,36,36,2,2
-15.625,-37.125,36,36,36,3,4
58.125,-7.875,36,36,36,1,1
68.625,-168.125,36,36,36,4,4
60.375,-168.125,36,36,36,3,3
-64.875,148.375,36,36,36,1,1
38.375,134.625,36,36,36,2,2
54.375,-155.375,36,36,36,2,2
49.875,-13.875,36,36,36,1,1
-65.625,140.375,36,36,36,1,1
29.625,-80.875,36,36,36,1,1
13.625,-69.875,36,36,36,2,2
-25.125,112.875,36,36,36,1,1
-43.125,174.875,36,36,36,1,1
66.125,7.875,36,36,36,1,1
34.125,140.875,36,36,36,7,10
34.125,139.125,36,36,36,8,10
-62.625,114.125,36,36,36,1,1
57.125,-7.875,36,36,36,1,1
-71.625,-105.625,36,36,36,2,2
56.875,-167.125,36,36,36,2,2
33.375,134.625,36,36,36,1,1
55.625,-9.125,36,36,36,3,3
38.125,-125.625,36,36,36,1,1
-64.625,117.375,36,36,36,1,1
45.375,141.625,36,36,36,2,2
45.125,-52.375,36,36,36,1,1
60.875,-2.125,36,36,19,1,2
-62.875,135.375,36,36,36,1,1
19.625,-106.375,36,36,36,8,9
-66.125,149.375,36,36,36,1,1
24.875,-83.125,36,36,36,1,1
18.625,-80.125,36,36,36,2,2
10.375,-78.625,36,36,36,2,2
51.125,-133.125,36,36,36,2,2
-11.375,47.625,36,36,36,1,1
55.125,-155.875,36,36,36,2,2
-63.875,-56.625,36,36,36,1,1
47.125,-5.125,36,36,36,1,1
-59.875,-59.625,36,36,36,1,1
54.625,-155.125,36,36,36,2,2
-62.625,-55.625,36,36,36,2,2
-36.625,17.375,36,36,36,1,1
68.875,-167.375,36,36,36,3,3
59.375,-149.625,36,36,36,4,4
50.375,-13.125,36,36,36,1,1
72.125,21.875,36,36,36,3,3
63.625,2.625,36,36,36,1,1
55.125,-13.625,36,36,36,1,1
45.125,-50.625,36,36,36,1,1
54.625,-138.375,36,36,36,1,1
74.875,17.875,36,36,36,1,1
-67.625,-76.375,36,36,36,2,2
-39.125,-58.625,36,36,36,1,1
71.875,-154.625,36,36,36,3,3
54.875,-156.875,36,36,36,3,3
44.625,-54.625,36,36,36,1,1
-18.875,148.875,36,36,36,1,1
63.625,20.625,36,36,36,4,6
-12.375,129.125,36,36,36,2,2
57.375,-145.125,36,36,36,2,2
39.375,3.875,36,36,36,2,2
-38.125,147.875,36,36,36,1,1
-72.375,-105.625,36,36,36,2,2
63.875,-0.625,36,36,36,1,1
44.375,-8.875,36,36,36,2,2
45.125,-50.375,36,36,36,1,1
45.875,-11.625,36,36,36,3,3
45.875,-124.875,36,36,36,2,2
45.875,-127.875,36,36,36,3,3
39.875,-11.125,36,36,36,1,1
57.125,-167.625,36,36,36,3,3
23.625,-73.625,36,36,36,5,5
-72.375,-105.375,36,36,36,1,1
13.625,-71.875,36,36,36,3,3
50.875,-15.375,36,36,36,1,1
28.625,-80.375,36,36,36,1,1
67.625,13.375,36,36,36,1,1
47.375,-6.625,36,36,36,2,2
72.625,14.875,36,36,36,1,1
72.625,12.375,36,36,36,2,2
-59.125,-60.375,36,36,36,1,1
45.375,-12.625,36,36,36,3,3
58.375,-146.625,36,36,36,1,1
68.125,5.125,36,36,36,1,1
61.125,-1.875,36,36,36,1,1
44.625,-59.875,36,36,36,1,1
-67.375,62.875,36,36,36,1,1
45.125,-50.875,36,36,36,1,1
73.375,-166.125,36,36,36,1,1
-61.375,-64.375,36,36,36,2,2
76.375,6.125,36,36,36,1,1
57.375,-9.625,36,36,36,2,2
21.625,-76.875,36,36,36,4,5
-12.875,145.625,36,36,36,1,1
39.375,-69.625,36,36,36,1,2
30.375,-14.125,36,36,36,1,1
70.875,-162.625,36,36,36,4,4
35.125,-72.875,36,36,36,1,1
18.875,-105.625,36,36,36,7,8
74.875,7.875,36,36,36,1,1
49.125,-12.875,36,36,36,2,2
50.625,-135.875,36,36,36,3,3
71.375,-164.875,36,36,36,3,4
57.625,-150.875,36,36,36,3,3
33.125,-77.875,36,36,36,2,2
28.125,-80.125,36,36,36,1,1
43.375,-129.375,36,36,36,1,1
-68.375,7.625,36,36,36,1,1
-19.875,152.125,36,36,36,1,1
48.375,-6.625,36,36,36,2,2
44.875,-55.375,36,36,36,1,1
-65.375,111.125,36,36,36,1,1
-64.875,121.375,36,36,36,1,1
-64.875,124.125,36,36,36,1,1
46.375,-5.875,36,36,36,1,1
46.625,-9.625,36,36,36,3,3
45.125,-52.125,36,36,36,1,1
66.375,6.625,36,36,36,2,2
72.125,-161.625,36,36,36,3,3
-64.125,115.125,36,36,36,1,1
67.625,10.375,36,36,36,1,1
-33.375,113.875,36,36,36,1,1
37.875,-70.625,36,36,36,1,1
-10.125,-33.375,36,36,36,1,1
-65.375,113.875,36,36,36,1,1
-66.625,-68.125,36,36,36,3,3
76.875,31.875,36,36,36,1,1
32.125,137.125,36,36,36,7,8
10.375,-88.625,36,36,36,1,1
-13.125,-35.875,36,36,36,3,4
52.625,-13.625,36,36,36,2,2
76.125,4.625,36,36,36,1,1
18.375,-79.375,36,36,36,2,2
-38.625,149.125,36,36,36,12,12
-60.625,-65.375,36,36,36,2,2
63.625,-11.625,36,36,36,1,1
43.375,7.875,36,36,36,1,1
58.125,-9.125,36,36,36,1,1
75.125,6.125,36,36,36,1,1
35.875,-6.625,36,36,36,2,2
-48.625,-61.375,36,36,36,1,1
55.125,-166.125,36,36,36,3,4
-18.125,121.625,36,36,36,1,1
-44.875,149.875,36,36,36,2,2
-66.375,65.625,36,36,36,1,1
70.375,15.125,36,36,36,2,2
71.625,-152.375,35,35,35,1,1
72.875,15.375,35,35,35,3,3
6.875,-83.625,35,35,35,1,1
6.625,-84.625,35,35,35,1,1
-18.125,148.625,35,35,35,1,1
75.625,-6.625,35,35,35,1,1
-66.125,-70.625,35,35,35,2,2
76.125,7.125,35,35,35,1,1
42.875,-67.875,35,35,35,1,1
46.375,-3.625,35,35,35,1,1
-67.875,75.375,35,35,35,1,1
-67.875,74.875,35,35,35,1,1
76.625,32.375,35,35,35,1,1
-68.125,-68.375,35,35,35,2,2
-73.375,-106.625,35,35,35,2,2
-30.125,14.625,35,35,35,1,1
55.625,-155.125,35,35,35,4,4
-64.375,144.875,35,35,35,1,1
-43.375,-64.125,35,35,35,1,1
65.375,10.625,35,35,35,1,1
50.625,-13.375,35,35,35,1,2
-55.375,-62.125,35,35,35,1,1
34.375,139.625,35,35,35,7,10
27.375,-14.625,35,35,35,1,1
41.375,142.375,35,35,35,1,1
-62.625,114.375,35,35,35,1,1
64.875,5.125,35,35,35,2,2
-67.125,2.625,35,35,35,1,1
72.125,-163.375,35,35,35,4,4
-43.625,145.875,35,35,35,1,1
-64.375,82.875,35,35,35,1,1
71.125,19.125,35,35,35,1,1
-71.375,-82.625,35,35,35,1,1
55.625,-166.125,35,35,35,2,2
-16.875,146.125,35,35,35,1,1
-16.125,146.125,35,35,35,1,1
76.625,13.625,35,35,35,2,2
51.375,-133.125,35,35,35,2,2
44.625,-54.125,35,35,35,1,1
-44.125,149.375,35,35,35,1,1
-64.375,116.375,35,35,35,1,1
-13.375,124.375,35,35,35,2,2
70.625,21.375,35,35,35,1,1
36.125,-4.125,35,35,35,2,2
-32.125,113.625,35,35,35,1,1
-68.375,31.625,35,35,35,1,1
59.375,-141.125,35,35,35,1,1
-44.625,172.875,35,35,35,1,1
72.375,16.375,35,35,35,2,2
-64.625,117.125,35,35,35,1,1
70.625,7.875,35,35,35,1,1
42.625,-127.625,35,35,35,3,3
57.875,-139.625,35,35,35,2,2
52.125,-137.125,35,35,35,2,2
51.125,-132.625,35,35,35,2,2
55.125,-151.875,35,35,35,2,2
55.125,-154.375,35,35,35,2,2
60.125,-5.375,35,35,35,1,1
30.875,-12.875,35,35,35,1,1
56.125,-134.125,35,35,35,3,3
-26.375,110.125,35,35,35,1,1
72.875,-160.125,35,35,35,3,3
-33.625,113.625,35,35,35,1,1
-33.125,17.625,35,35,35,2,2
-46.125,170.375,35,35,35,1,1
-67.125,75.625,35,35,35,1,1
-70.625,-83.375,35,35,35,1,1
30.625,-119.125,35,35,35,2,2
59.875,-146.375,35,35,35,2,2
-20.875,111.625,35,35,35,1,1
7.375,-50.625,35,35,35,1,1
70.375,-163.875,35,35,35,4,5
-43.875,148.625,35,35,35,1,1
55.875,-140.875,35,35,35,1,2
72.375,-161.875,35,35,35,4,5
37.625,-70.625,35,35,35,2,2
55.375,-9.125,35,35,35,2,2
60.875,-2.875,35,35,35,1,1
38.625,2.375,35,35,35,1,1
56.375,-150.875,35,35,35,2,2
-39.125,145.625,35,35,35,12,12
64.125,-0.375,35,35,35,1,1
58.875,-166.625,35,35,35,2,2
63.625,1.625,35,35,35,2,2
71.875,28.875,35,35,35,2,2
71.375,-164.125,35,35,35,2,2
-63.875,-66.625,35,35,35,1,1
-63.875,-67.125,35,35,35,2,2
-68.375,-75.875,35,35,35,3,3
7.125,-53.125,35,35,35,1,1
-5.375,-32.125,35,35,35,4,4
-14.125,121.875,35,35,35,2,2
-14.875,145.875,35,35,35,1,1
71.875,-160.625,35,35,35,4,4
44.625,-55.625,35,35,35,1,1
-11.875,-33.625,35,35,35,1,1
71.625,18.375,35,35,35,1,1
62.125,19.625,35,35,35,3,4
55.125,-131.875,35,35,35,2,2
-27.875,113.625,35,35,35,1,1
-38.875,-54.625,35,35,35,1,1
20.375,-83.375,35,35,35,10,16
61.125,-0.625,35,35,35,1,1
44.875,-53.625,35,35,35,1,1
55.875,-151.125,35,35,35,2,2
-68.625,-79.875,35,35,35,2,2
-61.125,-64.625,35,35,35,2,2
-71.625,-107.375,35,35,35,2,2
-34.875,169.125,35,35,35,9,9
57.375,-168.375,35,35,35,2,2
40.625,-125.375,35,35,35,2,2
-66.625,64.625,35,35,35,1,1
55.375,-138.125,35,35,35,1,1
44.625,-54.375,35,35,35,1,1
55.125,-166.625,35,35,35,2,2
22.625,-112.375,35,35,35,1,1
62.625,19.875,35,35,35,3,4
50.875,-15.125,35,35,35,1,1
-70.375,-107.125,35,35,35,1,1
64.625,-12.875,35,35,35,1,1
52.625,-12.625,35,35,35,1,2
-32.875,17.125,35,35,35,2,2
41.375,-126.375,35,35,35,1,1
17.875,-74.375,35,35,35,2,2
37.125,-73.375,35,35,35,1,1
65.375,5.125,35,35,35,1,1
-10.875,133.625,35,35,35,1,1
62.625,-167.375,35,35,35,3,3
33.875,141.625,35,35,35,2,2
71.625,11.625,35,35,35,2,2
-9.875,-33.375,35,35,35,1,1
-9.375,-33.375,35,35,35,1,1
63.625,-166.375,35,35,35,2,2
40.125,136.125,35,35,35,2,2
75.125,7.625,35,35,35,1,1
-62.125,-59.875,35,35,35,2,2
70.375,15.625,35,35,35,2,2
67.625,12.125,35,35,35,2,2
64.625,0.875,34,34,34,2,2
50.375,-134.125,34,34,34,2,2
24.875,-79.375,34,34,34,1,1
-36.375,-54.875,34,34,34,1,1
-36.375,-53.875,34,34,34,1,1
-36.375,-53.625,34,34,34,1,1
56.875,-149.875,34,34,34,2,2
43.375,-8.875,34,34,34,1,1
50.125,-134.625,34,34,34,2,2
77.625,34.875,34,34,34,1,1
-62.875,112.625,34,34,34,1,1
51.125,-11.875,34,34,34,1,1
51.125,-13.125,34,34,34,1,1
72.125,16.125,34,34,34,3,3
43.875,-128.125,34,34,34,2,2
51.125,-14.125,34,34,34,2,2
-63.625,88.375,34,34,34,1,1
-52.375,-63.375,34,34,34,1,1
75.375,28.875,34,34,34,2,2
75.375,31.625,34,34,34,1,1
46.625,-126.625,34,34,34,2,2
71.625,-158.375,34,34,34,2,3
61.125,-1.125,34,34,34,2,2
75.375,35.125,34,34,34,1,1
-65.125,124.125,34,34,34,1,1
44.625,-58.875,34,34,34,1,1
44.625,-56.375,34,34,34,1,1
44.625,-56.125,34,34,34,1,1
53.625,-159.375,34,34,34,2,2
39.625,-124.875,34,34,34,2,2
45.375,-48.625,34,34,34,1,1
31.125,137.375,34,34,34,2,2
72.625,13.875,34,34,34,2,2
27.875,-80.125,34,34,34,1,1
33.625,141.875,34,34,34,3,3
-10.875,138.125,34,34,34,1,1
-47.125,-63.875,34,34,34,1,1
54.875,175.375,34,34,34,1,1
75.625,7.625,34,34,34,2,2
57.875,-169.375,34,34,34,1,1
31.875,-121.875,34,34,34,3,3
9.875,-86.625,34,34,34,1,1
-63.125,-58.875,34,34,34,2,2
42.625,-66.375,34,34,34,1,1
49.875,-11.375,34,34,34,2,2
52.375,-170.625,34,34,34,1,2
-10.875,139.375,34,34,34,1,1
-10.875,145.125,34,34,34,1,1
27.375,-80.125,34,34,34,1,1
27.125,-15.875,34,34,34,1,1
-64.625,81.125,34,34,34,1,1
-19.125,150.375,34,34,34,1,1
36.375,-8.125,34,34,34,3,3
26.375,-84.375,34,34,34,1,1
-65.375,149.125,34,34,34,1,1
20.625,-18.375,34,34,34,2,2
50.875,-136.125,34,34,34,2,2
-46.875,169.125,34,34,34,1,1
-68.125,5.875,34,34,34,1,1
44.625,-55.375,34,34,34,1,1
57.875,-166.875,34,34,34,4,4
70.625,30.375,34,34,34,2,2
71.125,-148.625,34,34,34,1,1
-46.625,-65.375,34,34,34,1,1
33.125,-78.375,34,34,34,1,1
66.625,-12.875,34,34,34,1,1
-70.875,-103.125,34,34,34,2,2
23.125,-79.375,34,34,34,2,2
69.625,7.625,34,34,34,1,1
71.375,-164.375,34,34,34,4,5
-61.125,-64.875,34,34,34,2,2
-48.875,-63.875,34,34,34,1,1
34.375,130.625,34,34,34,1,1
21.875,-71.375,34,34,34,6,6
44.875,-57.125,34,34,34,1,1
-47.125,-65.375,34,34,34,1,1
64.125,-166.625,34,34,34,2,2
64.125,-166.125,34,34,34,2,2
-39.125,178.375,34,34,34,2,2
73.375,23.125,34,34,34,1,1
77.875,31.375,34,34,34,1,1
-27.125,110.125,34,34,34,1,1
21.375,-69.375,34,34,34,5,6
62.875,-1.875,34,34,34,1,1
57.125,-150.375,34,34,34,3,3
57.125,-150.125,34,34,34,3,3
42.125,-69.125,34,34,34,2,2
-67.875,-70.875,34,34,34,2,3
57.125,-164.625,34,34,34,2,2
74.625,21.125,34,34,34,1,1
59.625,-7.125,34,34,34,1,1
44.625,-52.875,34,34,34,1,1
44.625,-52.375,34,34,34,1,1
25.875,-76.875,34,34,34,2,2
30.875,-12.625,34,34,34,1,1
58.625,-145.875,34,34,34,2,2
-46.875,146.875,34,34,34,1,1
71.375,16.125,34,34,34,3,3
43.625,-128.875,34,34,34,1,1
-44.875,-64.125,34,34,34,1,1
-45.125,-64.125,34,34,34,1,1
-63.875,110.375,34,34,34,1,1
54.375,-159.625,34,34,34,3,3
56.875,-167.625,34,34,34,4,4
49.875,-134.125,34,34,34,2,2
-62.625,-56.375,34,34,34,2,2
22.125,-71.625,34,34,34,6,6
-29.625,14.125,34,34,34,1,1
-63.375,112.625,34,34,34,1,1
70.875,21.375,34,34,34,2,2
-63.625,143.625,34,34,34,1,1
-29.375,11.625,34,34,34,1,1
61.625,-1.375,34,34,34,1,1
51.375,1.125,34,34,34,1,1
71.375,-92.375,34,34,34,1,1
11.125,-76.875,34,34,34,1,1
-9.625,-33.875,34,34,34,4,5
-41.875,-61.875,34,34,34,1,1
44.875,-12.875,34,34,34,2,2
72.125,-161.875,34,34,34,3,3
76.875,30.875,34,34,34,1,1
49.375,-130.875,34,34,34,2,2
72.625,-148.375,34,34,34,1,1
72.625,-156.875,34,34,34,2,2
-29.375,11.875,34,34,34,1,1
-16.125,-37.125,34,34,34,3,4
-64.875,148.125,34,34,34,1,1
45.375,-10.375,34,34,34,1,1
23.375,-79.875,34,34,34,2,2
-54.875,-57.625,34,34,34,2,2
72.625,23.625,34,34,34,1,1
34.625,140.125,34,34,34,10,11
-13.125,124.875,34,34,34,1,1
-65.125,75.625,34,34,34,1,1
39.125,-69.875,34,34,34,1,1
13.625,-94.625,34,34,34,7,9
76.875,33.125,34,34,34,1,1
45.375,-127.875,34,34,34,1,1
37.375,-73.875,34,34,34,2,2
59.125,-169.375,34,34,34,1,1
50.375,-14.875,34,34,34,1,1
69.875,13.375,34,34,34,1,1
58.125,-168.125,34,34,34,2,2
58.125,-166.625,34,34,34,2,2
-64.875,148.875,34,34,34,1,1
51.875,-13.875,34,34,34,3,3
50.125,171.625,34,34,34,1,1
20.375,-84.125,34,34,34,2,3
44.875,-125.875,34,34,34,1,1
-52.625,-68.375,34,34,34,1,1
-6.625,-32.375,34,34,34,4,6
55.875,-140.625,34,34,34,1,2
69.375,11.625,34,34,34,1,1
47.375,-126.375,34,34,34,3,3
73.125,19.875,34,34,34,1,1
45.875,-2.875,34,34,34,1,1
46.125,-127.125,34,34,34,2,2
22.375,-112.375,34,34,34,4,4
45.125,-126.375,34,34,34,2,3
48.875,-129.375,34,34,34,4,4
-18.125,147.375,34,34,34,1,1
6.875,-83.125,34,34,34,1,1
-53.125,-64.875,34,34,34,1,1
-64.125,122.875,34,34,34,1,1
15.125,-98.125,34,34,34,7,9
60.625,-0.375,34,34,34,2,2
-48.625,168.875,34,34,34,1,1
-6.625,-33.625,34,34,34,1,1
-10.375,-33.375,34,34,34,1,1
49.875,-132.125,34,34,34,2,2
49.875,-132.375,34,34,34,2,2
-66.875,78.875,33,33,33,1,1
-52.875,-64.875,33,33,33,1,1
-11.125,144.625,33,33,33,1,1
-48.625,169.625,33,33,33,1,1
57.125,-165.875,33,33,33,1,1
50.375,-14.625,33,33,33,1,1
47.625,-7.375,33,33,33,3,3
59.125,-170.375,33,33,33,2,2
59.375,-171.125,33,33,33,2,2
74.125,-160.625,33,33,33,1,1
-66.125,149.625,33,33,33,1,1
14.125,-98.375,33,33,33,1,1
76.375,4.375,33,33,33,1,1
35.625,-3.875,33,33,33,1,1
-66.375,65.375,33,33,33,1,1
32.625,137.125,33,33,33,5,5
32.125,-80.375,33,33,33,1,1
20.125,-72.375,33,33,33,5,10
41.125,-12.875,33,33,33,1,1
41.125,141.375,33,33,33,1,1
33.625,-76.875,33,33,33,1,1
33.625,-77.125,33,33,33,2,2
33.625,-119.125,33,33,33,2,2
30.125,-119.875,33,33,33,1,1
-65.375,151.125,33,33,33,1,1
-65.375,150.375,33,33,33,1,1
52.875,-12.125,33,33,33,2,2
75.625,5.375,33,33,33,1,1
22.375,-111.625,33,33,33,2,2
-62.125,-62.875,33,33,33,4,4
71.125,-128.625,33,33,33,1,1
70.875,20.375,33,33,33,2,2
26.625,-14.625,33,33,33,2,2
50.625,-6.625,33,33,33,2,2
40.375,143.125,33,33,33,2,2
45.375,-126.875,33,33,33,3,4
20.375,-18.625,33,33,33,2,2
71.125,10.625,33,33,33,2,2
59.125,-179.125,33,33,33,1,1
12.625,-70.375,33,33,33,2,2
41.875,5.625,33,33,33,1,1
55.875,-137.875,33,33,33,1,1
27.625,-92.375,33,33,33,1,1
70.625,14.625,33,33,33,2,2
31.375,-77.625,33,33,33,2,2
53.875,-138.375,33,33,33,1,1
56.375,-157.625,33,33,33,1,1
14.375,-96.625,33,33,33,7,7
-17.375,121.625,33,33,33,1,1
-18.625,41.875,33,33,33,1,1
60.625,-147.125,33,33,33,2,3
64.125,-171.625,33,33,33,4,4
15.375,-99.125,33,33,33,6,7
30.875,136.125,33,33,33,5,6
-16.125,145.875,33,33,33,1,1
30.375,-80.875,33,33,33,1,1
30.375,-119.125,33,33,33,1,1
-29.625,12.875,33,33,33,1,1
56.125,-13.375,33,33,33,1,1
-40.375,-60.125,33,33,33,1,1
67.375,9.125,33,33,33,1,1
62.375,1.875,33,33,33,1,1
53.375,173.125,33,33,33,1,1
19.375,-19.625,33,33,33,3,4
19.375,-19.875,33,33,33,3,4
72.875,11.875,33,33,33,2,3
65.125,-168.125,33,33,33,1,1
62.625,-167.625,33,33,33,4,5
-62.625,-54.875,33,33,33,2,2
74.625,15.625,33,33,33,1,1
-63.375,-52.875,33,33,33,1,1
68.375,11.625,33,33,33,2,2
36.125,-4.875,33,33,33,4,4
-63.375,112.875,33,33,33,1,1
-63.375,128.375,33,33,33,1,1
50.875,-135.375,33,33,33,2,2
38.125,-70.875,33,33,33,1,1
54.375,-158.125,33,33,33,2,2
67.375,14.125,33,33,33,2,2
40.375,5.375,33,33,33,1,1
-63.375,-60.875,33,33,33,3,3
50.375,-14.125,33,33,33,1,1
44.875,-56.875,33,33,33,1,1
-65.875,-68.625,33,33,33,3,3
69.875,-167.875,33,33,33,2,2
63.625,7.625,33,33,33,1,1
34.375,-76.125,33,33,33,1,1
46.125,-2.375,33,33,33,1,1
57.375,-165.875,33,33,33,2,2
35.375,-7.125,33,33,33,2,2
49.125,-127.875,33,33,33,3,3
58.125,-6.125,33,33,33,1,1
-67.625,-11.375,33,33,33,1,1
38.125,-124.125,33,33,33,2,2
-64.625,116.875,33,33,33,1,1
65.875,-168.875,33,33,33,2,2
-47.375,-63.875,33,33,33,1,1
49.875,-131.375,33,33,33,2,3
57.875,-144.375,33,33,33,2,2
68.875,13.375,33,33,33,3,3
-32.125,112.125,33,33,33,1,1
57.875,-149.125,33,33,33,2,2
-10.125,142.875,33,33,33,1,1
-19.125,-38.625,33,33,33,3,4
73.625,17.875,33,33,33,1,1
52.375,-14.375,33,33,33,2,2
36.875,-75.375,33,33,33,1,1
69.625,17.625,33,33,33,2,2
-63.125,134.125,33,33,33,1,1
36.875,-123.375,33,33,33,2,2
72.625,13.625,33,33,33,2,2
72.625,12.625,33,33,33,2,3
57.375,-144.625,33,33,33,3,3
75.875,-7.625,33,33,33,1,1
17.625,-87.375,33,33,33,3,4
53.625,-161.125,33,33,33,2,2
58.625,-7.625,33,33,33,2,2
44.875,-60.125,33,33,33,1,1
-44.125,151.125,33,33,33,1,1
61.875,-174.625,33,33,33,2,2
68.125,4.375,33,33,33,1,1
-49.125,-65.125,33,33,33,1,1
75.375,29.125,33,33,33,2,2
-52.375,-64.875,33,33,33,1,1
57.125,-167.375,33,33,33,3,3
57.125,-167.875,33,33,33,2,3
70.625,17.125,33,33,33,2,2
33.625,140.125,33,33,33,11,15
-10.625,-34.375,33,33,33,3,4
31.125,129.875,33,33,33,2,2
-32.375,15.125,33,33,33,1,1
60.125,-172.125,33,33,33,2,2
20.375,-108.125,33,33,33,5,7
44.625,-58.625,33,33,33,1,1
8.125,-87.125,33,33,33,2,3
49.125,-8.375,33,33,33,2,2
77.375,26.875,33,33,33,1,1
77.375,25.875,33,33,33,1,1
-21.625,153.125,33,33,33,1,1
70.375,-163.375,33,33,33,5,6
-25.625,112.875,33,33,33,1,1
33.875,-121.625,33,33,33,1,1
33.875,-121.875,33,33,33,1,1
-12.875,125.875,33,33,33,1,1
-68.375,-78.125,33,33,33,2,2
50.625,-9.125,33,33,33,1,1
-66.625,63.375,33,33,33,1,1
46.375,-3.375,33,33,33,1,1
21.375,-109.875,33,33,33,5,7
59.875,-143.625,33,33,33,1,1
71.875,27.125,33,33,33,2,2
46.875,-127.875,33,33,33,2,2
38.875,-10.625,33,33,33,1,1
21.625,-65.125,33,33,33,1,1
71.875,-164.625,33,33,33,4,4
56.625,-155.375,33,33,33,3,3
-49.625,-63.625,33,33,33,1,1
74.875,12.125,33,33,33,2,2
-46.375,-65.375,33,33,33,1,1
50.875,-136.625,33,33,33,2,2
63.625,-167.875,33,33,33,2,2
-63.125,134.625,33,33,33,1,1
70.875,12.125,33,33,33,1,1
39.125,-71.125,33,33,33,1,1
64.875,4.875,33,33,33,3,3
38.875,135.125,33,33,33,2,2
57.625,-148.125,33,33,33,2,2
71.625,-156.625,33,33,33,3,3
33.125,-78.625,33,33,33,1,1
33.125,133.625,33,33,33,1,1
-44.375,149.375,33,33,33,1,1
-19.375,118.875,33,33,33,1,1
17.875,-78.375,33,33,33,2,2
34.875,130.875,33,33,33,2,2
-59.375,-54.125,33,33,33,1,1
52.625,-136.375,33,33,33,1,1
56.125,-152.375,33,33,33,2,2
-41.625,-61.625,33,33,33,1,1
-42.375,151.875,33,33,33,1,1
36.625,-1.125,33,33,33,1,1
51.375,-14.125,33,33,33,1,1
45.125,-6.625,33,33,33,1,1
50.125,-130.125,33,33,33,2,2
48.375,-129.625,33,33,33,2,2
44.625,-53.875,33,33,33,1,1
77.125,-136.875,33,33,33,1,1
71.375,32.875,33,33,33,1,1
-32.875,16.375,33,33,33,1,1
72.625,-158.375,33,33,33,4,4
53.125,176.875,33,33,33,1,1
71.875,31.625,33,33,33,2,2
37.875,133.375,33,33,33,1,1
-26.375,11.125,33,33,33,1,1
44.625,-51.875,33,33,33,2,2
44.625,-52.125,33,33,33,1,1
39.125,1.125,33,33,33,1,1
70.125,17.125,33,33,33,3,3
75.375,24.875,33,33,33,1,1
-35.375,-53.625,33,33,33,1,1
40.375,1.125,33,33,33,1,1
-48.625,171.875,33,33,33,1,1
51.125,-12.875,33,33,33,1,1
-71.875,-106.375,33,33,33,1,1
37.375,-124.625,33,33,33,2,2
37.375,-127.375,33,33,33,1,1
-62.875,-50.875,33,33,33,1,1
71.625,12.375,33,33,33,2,2
15.625,-76.625,33,33,33,6,6
67.125,5.375,33,33,33,2,2
-71.875,-105.375,33,33,33,1,1
76.875,28.125,33,33,33,2,2
33.375,-77.625,33,33,33,1,1
31.375,-11.375,33,33,33,1,1
-71.125,-82.375,33,33,33,1,1
31.375,-121.375,33,33,33,1,1
-47.875,-60.375,32,32,32,1,1
-7.875,-34.375,32,32,32,1,2
28.125,-15.125,32,32,32,1,1
30.625,-76.875,32,32,32,1,1
76.875,27.875,32,32,32,2,2
-66.125,65.875,32,32,32,1,1
67.125,5.875,32,32,32,2,2
51.125,-15.625,32,32,32,1,1
72.125,14.125,32,32,32,2,2
29.375,-80.625,32,32,32,1,1
69.375,-167.625,32,32,32,1,1
-35.375,17.625,32,32,32,1,1
72.875,28.625,32,32,32,1,1
45.125,-5.375,32,32,32,1,1
-65.125,110.625,32,32,32,1,1
37.875,-127.375,32,32,32,1,1
71.875,31.375,32,32,32,2,2
53.125,-12.125,32,32,32,2,2
42.875,-66.125,32,32,32,2,2
57.625,-165.875,32,32,32,3,3
-38.625,150.625,32,32,32,12,12
74.125,13.125,32,32,32,1,1
19.625,-83.125,32,32,32,11,18
7.375,-50.375,32,32,32,1,2
59.875,-167.875,32,32,32,1,2
59.875,-148.375,32,32,32,3,3
71.875,30.875,32,32,32,2,2
29.875,-15.625,32,32,32,1,1
74.375,12.625,32,32,32,2,2
-4.375,-32.375,32,32,32,1,1
32.875,128.625,32,32,32,1,1
73.125,34.625,32,32,32,1,1
45.125,-5.875,32,32,32,1,1
45.125,-5.625,32,32,32,1,1
-13.625,121.375,32,32,32,1,1
-44.125,176.625,32,32,32,2,2
75.375,21.125,32,32,32,1,1
59.625,-6.875,32,32,32,1,1
71.125,13.375,32,32,32,2,2
34.875,140.625,32,32,32,9,11
71.375,20.875,32,32,32,2,2
71.375,21.875,32,32,32,1,1
68.875,16.875,32,32,32,1,1
70.875,-162.125,32,32,32,4,4
39.875,-10.875,32,32,32,1,1
57.125,-164.375,32,32,32,2,2
64.375,8.875,32,32,32,1,1
64.375,9.125,32,32,32,1,1
76.875,32.125,32,32,32,1,1
-69.125,-75.625,32,32,32,1,1
-46.375,-63.875,32,32,32,1,1
-64.625,78.625,32,32,32,1,1
-13.875,122.375,32,32,32,1,1
20.375,-19.375,32,32,32,3,4
45.125,-51.125,32,32,32,1,1
46.875,-126.125,32,32,32,2,2
46.625,-6.875,32,32,32,1,1
36.375,-7.625,32,32,32,2,2
16.875,-62.875,32,32,32,2,2
-65.375,148.875,32,32,32,1,1
49.125,-10.125,32,32,32,2,2
42.875,-67.625,32,32,32,1,1
45.875,-10.875,32,32,32,2,2
73.125,-166.125,32,32,32,1,1
62.375,4.625,32,32,32,1,1
50.625,-14.875,32,32,32,1,1
49.875,-7.125,32,32,32,1,1
-9.625,-33.375,32,32,32,1,1
47.375,-9.125,32,32,32,3,3
-64.625,81.625,32,32,32,1,1
56.625,-150.625,32,32,32,2,2
54.625,171.625,32,32,32,1,1
70.375,-164.625,32,32,32,4,5
70.375,-164.375,32,32,32,4,4
61.875,-2.375,32,32,32,1,1
71.625,-156.375,32,32,32,3,3
-25.875,155.125,32,32,32,1,1
-43.875,-64.125,32,32,32,1,1
70.375,-163.625,32,32,32,4,5
70.125,30.625,32,32,32,2,2
-49.375,170.375,32,32,32,1,1
43.125,-67.875,32,32,32,2,2
34.375,-11.875,32,32,32,1,1
27.125,-91.625,32,32,32,1,1
52.625,-11.125,32,32,32,2,2
75.375,31.875,32,32,32,1,1
58.375,-146.125,32,32,32,1,1
-65.125,132.125,32,32,32,1,1
44.625,-55.875,32,32,32,1,1
20.375,-107.625,32,32,32,2,2
55.375,-149.125,32,32,32,1,1
55.375,-139.875,32,32,32,1,2
42.625,-68.375,32,32,32,2,2
-59.625,-53.875,32,32,32,1,1
-50.125,-64.875,32,32,32,1,1
71.625,-159.875,32,32,32,3,4
35.125,-74.125,32,32,32,2,2
34.375,140.625,32,32,32,9,13
20.375,-63.625,32,32,32,1,1
-61.125,-63.125,32,32,32,2,2
-52.625,-54.875,32,32,32,1,1
55.875,-157.375,32,32,32,2,2
58.625,-5.375,32,32,32,1,1
31.125,137.625,32,32,32,4,4
76.375,15.875,32,32,32,2,2
72.625,13.375,32,32,32,2,2
72.625,14.125,32,32,32,2,2
72.125,-157.375,32,32,32,2,2
36.875,-9.125,32,32,32,2,2
37.625,-127.375,32,32,32,3,3
-69.375,-88.625,32,32,32,1,1
59.625,-168.875,32,32,32,3,3
59.625,-167.875,32,32,32,6,6
-34.625,18.125,32,32,32,1,2
74.125,32.375,32,32,32,2,2
54.625,-155.375,32,32,32,2,2
47.375,-128.375,32,32,32,1,1
-68.125,-71.375,32,32,32,3,3
21.875,-70.125,32,32,32,2,2
-66.125,148.875,32,32,32,1,1
-51.375,-63.625,32,32,32,1,1
-50.875,-63.625,32,32,32,1,1
71.875,-159.625,32,32,32,2,2
-32.125,14.625,32,32,32,1,1
-49.875,-63.625,32,32,32,1,1
-45.375,176.125,32,32,32,1,1
-52.125,-64.875,32,32,32,1,1
6.875,-82.625,32,32,32,1,1
-60.125,-64.875,32,32,32,2,2
46.875,-9.375,32,32,32,2,2
-34.875,29.875,32,32,32,1,1
57.375,-150.875,32,32,32,2,2
-37.375,-55.875,32,32,32,1,1
56.625,-8.625,32,32,32,3,3
37.625,-124.125,32,32,32,3,3
72.125,22.125,32,32,32,3,3
17.625,-74.125,32,32,32,2,2
51.375,-12.875,32,32,32,1,1
67.375,11.125,32,32,32,1,1
-70.125,-103.875,32,32,32,2,2
8.375,-87.125,32,32,32,1,1
-44.625,147.375,32,32,32,2,2
68.875,10.375,32,32,32,1,1
71.375,17.125,32,32,32,2,2
52.125,-137.625,32,32,32,2,2
68.875,-166.875,32,32,32,4,4
53.625,-168.625,32,32,32,2,2
47.625,-127.875,32,32,32,1,1
71.625,14.875,32,32,32,2,2
50.375,-131.375,32,32,32,2,2
58.125,-8.875,32,32,32,1,1
-29.375,12.125,32,32,32,1,1
51.375,-14.875,32,32,32,1,1
66.625,-167.875,32,32,32,2,2
14.875,-71.125,32,32,32,2,2
-71.375,-102.875,32,32,32,1,1
14.125,-72.375,32,32,32,2,2
50.875,-7.125,32,32,32,1,1
15.125,-71.375,32,32,32,2,2
-53.125,-62.625,32,32,32,1,1
-64.125,-67.375,32,32,32,2,2
55.625,-151.375,32,32,32,2,2
60.375,-147.125,32,32,32,2,3
71.875,9.375,32,32,32,1,1
14.375,-96.375,32,32,32,8,10
72.375,24.875,32,32,32,1,1
77.625,27.375,32,32,32,1,1
-68.375,75.625,32,32,32,1,1
-42.875,-64.375,32,32,32,1,1
-67.625,78.125,32,32,32,1,1
55.125,-160.125,32,32,32,2,2
-48.875,172.125,32,32,32,1,1
64.625,2.625,32,32,32,2,2
-51.875,-58.125,32,32,32,2,2
74.875,30.375,32,32,32,2,2
74.875,30.625,32,32,32,2,2
51.125,-15.375,32,32,32,1,1
-6.625,-33.875,32,32,32,1,1
-10.625,141.125,32,32,32,1,1
68.375,-113.625,32,32,32,1,1
14.625,-98.625,32,32,32,1,1
74.125,28.125,32,32,32,2,2
72.625,20.875,32,32,32,1,1
59.375,-168.875,32,32,32,2,2
-36.125,-53.125,32,32,32,1,1
33.875,139.625,32,32,32,8,10
71.625,11.875,32,32,32,2,2
23.125,-79.625,32,32,32,2,2
-74.375,-103.625,32,32,32,3,3
71.125,22.125,32,32,32,2,2
71.125,21.875,31,31,31,2,2
29.375,133.375,31,31,31,3,3
-74.125,-103.875,31,31,31,1,1
-63.625,-54.875,31,31,31,1,1
11.625,-68.875,31,31,31,2,2
77.625,34.125,31,31,31,1,1
43.375,9.625,31,31,31,3,3
-47.875,-63.875,31,31,31,1,1
-52.875,-67.375,31,31,31,1,1
-63.125,115.375,31,31,31,1,1
-72.625,-103.875,31,31,31,2,2
67.125,5.125,31,31,31,2,2
-65.125,119.375,31,31,31,1,1
-64.625,-65.875,31,31,31,2,2
-36.625,-54.875,31,31,31,1,1
-36.125,112.375,31,31,31,1,1
72.875,14.625,31,31,31,2,2
77.625,30.125,31,31,31,1,1
-35.875,-52.375,31,31,31,1,1
49.875,-6.875,31,31,31,1,1
-35.875,-52.875,31,31,31,1,1
-48.625,-65.375,31,31,31,1,1
33.625,-9.125,31,31,31,4,5
-10.625,-33.375,31,31,31,1,1
50.125,-132.125,31,31,31,1,1
52.125,-172.125,31,31,31,1,1
-66.875,30.625,31,31,31,1,1
26.125,-84.375,31,31,31,1,1
12.875,-73.375,31,31,31,1,1
32.375,-117.375,31,31,31,1,1
55.875,-7.375,31,31,31,2,2
71.125,17.125,31,31,31,2,2
28.375,-79.375,31,31,31,1,1
-63.125,113.375,31,31,31,1,1
-35.375,26.125,31,31,31,1,1
70.625,20.375,31,31,31,1,1
24.875,-15.875,31,31,31,2,2
-66.375,146.375,31,31,31,1,1
58.875,-146.375,31,31,31,2,2
-25.375,112.875,31,31,31,1,1
73.875,-95.875,31,31,31,1,1
59.125,-7.125,31,31,31,1,1
-64.375,79.125,31,31,31,1,1
-36.875,-54.875,31,31,31,1,1
-66.625,64.875,31,31,31,1,1
33.875,-76.625,31,31,31,2,2
-10.875,-33.375,31,31,31,1,1
69.375,-167.125,31,31,31,2,3
57.125,-136.625,31,31,31,1,1
71.625,13.875,31,31,31,2,2
50.125,-133.125,31,31,31,2,2
-62.875,114.875,31,31,31,1,1
71.125,10.375,31,31,31,2,2
-37.125,-55.375,31,31,31,1,1
65.375,-168.625,31,31,31,4,5
11.125,-90.375,31,31,31,1,1
11.125,-89.125,31,31,31,8,9
47.625,-127.625,31,31,31,1,1
47.625,-126.125,31,31,31,1,1
66.125,6.625,31,31,31,1,1
-68.375,76.625,31,31,31,1,1
-70.125,-88.875,31,31,31,2,2
65.375,24.375,31,31,31,2,5
71.625,14.625,31,31,31,2,2
-65.375,77.125,31,31,31,1,1
19.875,-19.625,31,31,31,3,4
-67.875,-9.625,31,31,31,1,1
27.625,-79.375,31,31,31,1,1
52.375,-134.875,31,31,31,2,2
71.125,16.875,31,31,31,1,1
58.875,-170.125,31,31,31,2,2
-67.375,-73.875,31,31,31,2,2
58.875,-152.375,31,31,31,4,4
58.875,-151.875,31,31,31,4,4
-37.625,-56.625,31,31,31,1,1
62.375,-174.875,31,31,31,4,4
40.625,-125.625,31,31,31,2,2
57.375,-167.375,31,31,31,2,2
72.625,15.875,31,31,31,3,3
-64.875,80.375,31,31,31,1,1
49.625,-128.375,31,31,31,1,1
27.375,-79.875,31,31,31,2,2
43.125,8.875,31,31,31,2,2
57.375,-146.375,31,31,31,3,3
12.375,-74.375,31,31,31,1,1
31.375,-122.375,31,31,31,2,2
-68.625,-81.375,31,31,31,2,2
44.375,-128.625,31,31,31,2,2
76.375,15.625,31,31,31,2,2
40.625,-13.375,31,31,31,1,1
69.875,-163.875,31,31,31,3,3
57.375,-6.875,31,31,31,2,2
50.625,-14.625,31,31,31,1,1
61.625,-4.875,31,31,31,1,1
45.125,-8.625,31,31,31,2,2
-69.875,-99.125,31,31,31,3,3
-65.125,77.375,31,31,31,1,1
46.375,-3.125,31,31,31,1,1
-46.125,-63.875,31,31,31,1,1
42.875,140.125,31,31,31,1,1
42.875,-12.125,31,31,31,1,1
-67.125,76.125,31,31,31,1,1
61.625,19.375,31,31,31,3,4
76.375,21.625,31,31,31,2,2
72.375,-159.125,31,31,31,3,3
59.625,-145.125,31,31,31,2,2
57.625,-149.875,31,31,31,2,2
71.125,27.125,31,31,31,2,2
55.375,-156.375,31,31,31,2,3
-62.625,115.375,31,31,31,1,1
-63.875,-56.125,31,31,31,1,1
72.625,-157.375,31,31,31,3,3
45.125,-6.125,31,31,31,1,1
-64.875,-66.375,31,31,31,1,1
63.875,-166.625,31,31,31,1,1
-0.875,-81.125,31,31,31,1,1
45.125,-5.125,31,31,31,1,1
57.625,-148.375,31,31,31,2,2
-59.375,-60.375,31,31,31,1,1
46.625,-9.875,31,31,31,2,2
47.375,-3.875,31,31,31,2,2
21.375,-64.875,31,31,31,1,1
-65.625,79.125,31,31,31,1,1
57.625,-147.625,31,31,31,2,3
69.625,9.125,31,31,31,2,2
24.625,-77.375,31,31,31,1,1
69.375,-164.375,31,31,31,1,1
69.375,-80.625,31,31,31,1,1
35.125,-124.125,31,31,31,1,1
52.625,-10.125,31,31,31,3,3
45.125,-12.125,31,31,31,2,2
-50.625,-63.625,31,31,31,1,1
31.125,131.125,31,31,31,4,4
-14.375,145.625,31,31,31,1,1
-14.625,123.875,31,31,31,1,1
-26.125,154.375,31,31,31,1,1
-72.875,-105.625,31,31,31,1,1
57.875,-166.375,31,31,31,3,3
-32.125,14.375,31,31,31,1,1
-50.375,-64.875,31,31,31,1,1
-50.375,-64.125,31,31,31,1,1
-69.875,-84.125,31,31,31,1,1
46.875,-6.875,31,31,31,3,3
53.875,-10.625,31,31,31,2,2
51.875,-11.125,31,31,31,1,1
51.875,1.375,31,31,31,1,1
-67.125,-71.375,31,31,31,2,2
-73.125,-85.375,31,31,31,1,1
70.875,-164.125,31,31,31,2,2
-44.875,-65.125,31,31,31,1,1
60.875,1.625,31,31,31,1,1
-72.625,-107.625,31,31,31,1,1
72.125,-162.375,31,31,31,4,4
64.625,0.375,31,31,31,2,2
26.875,-89.375,31,31,31,1,1
26.875,-88.875,31,31,31,1,1
26.875,-88.625,31,31,31,1,1
26.625,-15.125,31,31,31,3,4
76.625,14.625,31,31,31,2,2
29.125,-12.625,31,31,31,4,5
60.875,-25.125,31,31,31,1,1
-15.625,122.125,31,31,31,1,1
53.875,-162.125,31,31,31,2,2
53.875,-152.875,31,31,31,1,1
58.125,-166.875,31,31,31,2,3
38.375,-12.125,31,31,31,1,1
-44.125,-64.125,31,31,31,1,1
51.375,-14.625,31,31,31,1,1
-65.875,-68.125,31,31,31,2,2
35.875,-121.875,31,31,31,1,1
71.125,11.375,31,31,31,2,2
6.375,-85.875,31,31,31,1,1
-66.375,65.125,31,31,31,1,1
41.125,-11.125,31,31,31,1,1
-51.375,-64.875,31,31,31,1,1
28.375,129.125,31,31,31,5,5
71.875,15.875,31,31,31,2,2
36.125,-72.875,31,31,31,1,1
58.375,-167.625,31,31,31,2,2
-28.625,110.125,31,31,31,1,1
-29.375,12.375,31,31,31,1,1
38.125,14.125,31,31,31,2,2
53.125,-169.875,31,31,31,1,1
48.625,-4.875,31,31,31,1,1
70.875,-162.875,31,31,31,4,6
69.625,16.625,31,31,31,2,2
19.625,-66.625,31,31,31,2,2
36.375,-1.875,31,31,31,1,1
74.125,7.375,31,31,31,1,1
74.125,16.125,31,31,31,1,1
44.625,-52.625,31,31,31,1,1
-70.625,-80.375,31,31,31,1,1
48.625,-127.625,31,31,31,3,3
71.375,30.125,31,31,31,2,2
32.125,-117.625,31,31,31,1,1
71.875,21.625,31,31,31,1,1
16.875,-101.625,31,31,31,6,8
16.875,-86.625,31,31,31,4,5
-19.625,150.625,31,31,31,1,1
-67.375,77.125,31,31,31,1,1
31.125,-14.125,31,31,31,1,1
72.375,18.125,31,31,31,1,1
-44.375,-64.125,31,31,31,1,1
32.375,137.125,31,31,31,5,5
36.125,-2.375,31,31,31,1,1
-27.625,113.375,31,31,31,1,1
50.375,-2.875,31,31,31,1,1
74.625,27.375,31,31,31,2,2
-8.875,-33.125,31,31,31,1,1
28.125,129.125,31,31,31,1,1
28.125,-92.875,31,31,31,1,1
76.875,27.625,31,31,31,3,3
47.875,-127.125,31,31,31,2,2
-68.875,77.125,31,31,31,1,1
-71.875,-106.625,31,31,31,1,1
70.125,8.125,30,30,30,2,2
54.875,-138.625,30,30,30,1,1
-63.625,87.875,30,30,30,1,1
43.625,-125.625,30,30,30,1,1
-63.125,117.625,30,30,30,1,1
-56.625,-65.375,30,30,30,1,1
31.375,-79.375,30,30,30,1,1
65.375,5.875,30,30,30,2,2
63.625,-13.625,30,30,30,1,1
-63.625,-53.125,30,30,30,1,1
65.625,6.375,30,30,30,1,1
-46.375,147.125,30,30,30,1,1
49.625,-129.375,30,30,30,2,2
49.625,-132.875,30,30,30,2,2
-69.625,-87.875,30,30,30,1,1
52.125,-135.375,30,30,30,1,1
-66.375,150.125,30,30,30,2,2
-36.375,112.125,30,30,30,1,1
-29.125,113.875,30,30,30,1,1
64.125,-13.625,30,30,30,1,1
-64.375,141.625,30,30,30,1,1
-27.875,110.125,30,30,30,1,1
-64.875,138.375,30,30,30,1,1
-67.625,-11.125,30,30,30,1,1
-47.875,169.875,30,30,30,1,1
71.875,29.875,30,30,30,2,2
71.875,29.625,30,30,30,2,2
71.875,29.375,30,30,30,2,2
71.875,29.125,30,30,30,2,2
71.875,25.375,30,30,30,2,2
70.375,21.875,30,30,30,1,1
70.375,7.375,30,30,30,1,1
15.625,-71.875,30,30,30,2,2
-34.625,18.625,30,30,30,1,1
40.375,136.375,30,30,30,3,3
-68.625,-80.625,30,30,30,2,2
44.625,141.125,30,30,30,1,1
50.875,-10.125,30,30,30,1,1
22.875,-73.375,30,30,30,6,6
-65.875,30.125,30,30,30,1,1
73.625,33.875,30,30,30,1,1
-65.125,130.125,30,30,30,1,1
11.625,-58.125,30,30,30,1,1
12.625,-74.125,30,30,30,1,1
55.125,175.375,30,30,30,1,1
64.625,6.375,30,30,30,1,1
-29.625,13.125,30,30,30,1,1
-70.625,-79.625,30,30,30,1,1
48.625,-128.375,30,30,30,2,2
70.625,-147.125,30,30,30,1,1
71.875,27.375,30,30,30,2,2
71.875,30.375,30,30,30,2,2
71.875,30.125,30,30,30,2,2
43.125,-127.625,30,30,30,3,3
-71.875,-103.125,30,30,30,1,1
-71.875,-105.125,30,30,30,1,1
-12.375,-33.625,30,30,30,1,1
-48.875,-61.875,30,30,30,1,1
55.125,-12.625,30,30,30,1,1
50.125,-10.375,30,30,30,1,1
34.375,-76.375,30,30,30,2,2
58.125,-7.125,30,30,30,1,1
-28.875,114.375,30,30,30,1,1
-66.125,141.375,30,30,30,1,1
71.875,16.125,30,30,30,2,2
44.625,-126.875,30,30,30,1,1
-63.125,-64.875,30,30,30,1,1
34.375,-76.625,30,30,30,1,1
57.625,-168.125,30,30,30,2,3
-4.875,-32.625,30,30,30,1,1
32.875,137.875,30,30,30,7,9
54.625,-9.375,30,30,30,2,2
39.375,-126.875,30,30,30,3,3
39.375,-11.625,30,30,30,1,1
74.375,17.625,30,30,30,1,1
32.375,-76.625,30,30,30,1,1
51.875,177.875,30,30,30,1,1
-57.125,-62.625,30,30,30,1,1
40.125,-11.375,30,30,30,1,1
60.625,-5.875,30,30,30,1,1
-65.375,-70.125,30,30,30,2,2
-65.875,146.375,30,30,30,1,1
-70.625,-104.375,30,30,30,2,2
51.375,-13.375,30,30,30,2,2
41.875,7.375,30,30,30,1,1
-34.875,19.125,30,30,30,1,1
-46.375,170.375,30,30,30,2,2
-68.125,1.375,30,30,30,1,1
34.625,-73.875,30,30,30,1,1
71.625,24.375,30,30,30,2,2
71.625,24.125,30,30,30,2,2
-67.875,30.125,30,30,30,1,1
56.125,-8.625,30,30,30,2,2
70.875,19.125,30,30,30,2,2
-71.375,-105.875,30,30,30,2,2
69.625,-167.875,30,30,30,3,3
74.125,29.625,30,30,30,2,2
-64.375,79.375,30,30,30,1,1
-55.875,-61.125,30,30,30,1,1
-48.125,-63.875,30,30,30,1,1
50.625,-131.875,30,30,30,2,2
53.625,-158.875,30,30,30,1,1
72.125,-155.125,30,30,30,2,3
72.125,-155.625,30,30,30,3,4
53.375,-138.625,30,30,30,1,1
37.625,-125.125,30,30,30,3,3
-42.625,-62.875,30,30,30,1,1
42.875,6.375,30,30,30,2,2
52.375,-135.875,30,30,30,1,1
58.125,-165.375,30,30,30,1,1
70.375,14.875,30,30,30,2,2
29.875,134.875,30,30,30,4,4
-69.375,-79.875,30,30,30,1,1
51.125,-136.375,30,30,30,2,2
-62.875,-57.375,30,30,30,2,2
6.375,-85.375,30,30,30,1,1
54.375,-137.375,30,30,30,1,1
20.125,-67.375,30,30,30,1,1
34.125,-75.375,30,30,30,1,1
-67.125,75.375,30,30,30,1,1
49.125,-4.625,30,30,30,3,3
49.375,-128.625,30,30,30,2,2
-45.875,143.125,30,30,30,1,1
55.375,-164.625,30,30,30,1,1
49.375,-131.625,30,30,30,2,2
13.625,-95.125,30,30,30,6,8
70.625,-139.875,30,30,30,1,1
70.625,-145.625,30,30,30,1,1
44.875,-56.625,30,30,30,1,1
30.625,-119.375,30,30,30,1,1
-52.375,-68.875,30,30,30,1,1
36.625,-126.625,30,30,30,1,1
56.125,-141.125,30,30,30,1,1
37.875,-0.125,30,30,30,1,1
58.375,-12.125,30,30,30,1,1
37.875,-123.875,30,30,30,1,1
72.375,-134.625,30,30,30,2,2
72.375,25.625,30,30,30,2,2
52.875,-136.375,30,30,30,1,1
72.375,29.125,30,30,30,2,2
-39.625,-59.125,30,30,30,1,1
60.875,-4.125,30,30,8,1,2
-16.625,-37.375,30,30,30,3,3
71.375,11.875,30,30,30,1,1
50.375,-130.625,30,30,30,1,1
51.875,-171.375,30,30,30,3,3
72.625,-149.375,30,30,30,1,1
31.625,136.875,30,30,30,4,4
-59.875,-53.625,30,30,30,1,1
57.625,-149.375,30,30,30,2,2
-0.875,-81.375,30,30,30,1,1
74.375,13.875,30,30,30,1,1
66.625,7.625,30,30,30,2,2
51.125,-132.375,30,30,30,1,1
65.375,24.875,30,30,30,2,2
71.125,23.125,30,30,30,3,3
49.875,-129.625,30,30,30,2,2
-71.125,-108.375,30,30,30,1,1
55.625,-166.375,30,30,30,3,3
-16.125,146.375,30,30,30,1,1
26.875,-89.625,30,30,30,1,1
-64.125,112.125,30,30,30,1,1
-64.125,111.875,30,30,30,1,1
30.625,132.125,30,30,30,6,6
41.875,6.125,30,30,30,2,2
53.375,-136.375,30,30,30,1,1
57.625,-146.625,30,30,30,2,2
56.125,-156.875,30,30,30,2,2
-65.125,70.375,30,30,30,1,1
44.625,-13.125,30,30,30,2,2
-68.625,-80.375,30,30,30,2,2
76.875,29.875,30,30,30,1,1
70.875,13.875,30,30,30,1,1
21.375,-73.875,30,30,30,6,6
53.375,-168.375,30,30,30,2,2
58.625,-166.375,30,30,30,2,2
32.125,129.125,30,30,30,3,3
56.125,-151.875,30,30,30,3,3
-64.625,140.875,30,30,30,1,1
59.625,-6.375,30,30,30,1,1
-65.125,70.875,30,30,30,1,1
71.125,24.125,30,30,30,2,2
73.875,20.875,30,30,30,1,1
46.125,-126.375,30,30,30,3,3
76.125,7.375,30,30,30,1,1
73.375,20.125,30,30,30,1,1
57.875,-145.125,30,30,30,2,2
76.375,33.375,30,30,30,3,3
-0.875,-82.125,30,30,30,1,1
-0.875,-82.375,30,30,30,1,1
69.125,-167.375,30,30,30,3,4
40.625,147.125,30,30,30,4,4
-38.875,-58.375,30,30,30,1,1
18.875,-87.125,30,30,30,4,6
71.375,20.625,30,30,30,1,1
50.625,-135.125,30,30,30,2,2
50.625,-135.625,30,30,30,2,2
23.125,-114.375,30,30,30,5,5
-70.875,-105.875,30,30,30,1,1
51.625,-137.375,30,30,30,1,1
-33.125,16.875,30,30,30,1,1
46.625,-126.875,30,30,30,2,2
-39.375,146.125,30,30,30,8,8
71.375,23.125,30,30,30,1,1
42.625,8.375,30,30,30,1,1
60.875,1.875,30,30,30,2,2
-45.375,-65.375,30,30,30,1,1
-37.125,150.375,30,30,30,8,8
45.875,-11.375,30,30,30,3,3
-43.625,179.375,30,30,30,1,1
-43.625,175.125,30,30,30,1,1
71.875,-163.875,30,30,30,4,4
-68.375,-76.625,30,30,30,3,3
-45.625,-65.375,30,30,30,1,1
-66.625,30.375,30,30,30,1,1
43.375,-57.875,30,30,30,1,1
47.375,-125.875,30,30,30,2,2
51.875,-10.625,30,30,30,2,2
38.625,-11.875,30,30,30,1,1
23.375,-16.875,30,30,30,2,2
71.625,-154.125,30,30,30,3,3
-11.375,-33.625,30,30,30,1,1
30.125,-15.125,30,30,30,2,2
71.125,28.125,30,30,30,2,2
76.375,31.625,30,30,30,2,2
76.375,30.125,30,30,30,2,2
45.125,-56.125,30,30,30,1,1
69.625,-139.375,30,30,30,1,1
27.125,-91.375,30,30,30,1,1
35.125,141.875,30,30,30,5,5
71.125,27.875,30,30,30,2,2
-51.125,-64.875,30,30,30,1,1
72.625,-161.375,30,30,30,3,5
38.875,-127.125,30,30,30,1,1
71.125,-161.875,30,30,30,3,3
69.375,-166.875,30,30,30,2,3
-63.875,112.375,30,30,30,1,1
-64.125,-53.125,30,30,30,1,1
-65.625,139.125,30,30,30,1,1
28.125,-79.375,30,30,30,1,1
33.375,-73.125,30,30,30,1,1
-8.625,-33.125,30,30,30,1,1
63.375,6.875,30,30,30,1,1
33.375,137.625,30,30,30,5,5
-71.125,-83.125,30,30,30,1,1
-63.625,88.125,30,30,30,1,1
60.125,-147.125,30,30,30,1,1
37.375,-123.625,30,30,30,4,4
70.875,-146.125,30,30,30,1,1
-69.375,-76.125,30,30,30,1,1
-63.875,112.625,30,30,30,1,1
-66.125,66.625,29,29,29,1,1
67.125,6.875,29,29,29,2,2
40.125,-125.375,29,29,29,1,1
-36.125,26.375,29,29,29,1,1
73.625,14.125,29,29,29,1,1
36.125,-5.625,29,29,29,2,2
75.375,34.875,29,29,29,1,1
-71.125,-104.875,29,29,29,1,1
56.875,-145.625,29,29,29,2,2
33.375,137.125,29,29,29,6,7
71.625,-96.125,29,29,29,2,2
77.625,34.375,29,29,29,1,1
-64.125,110.125,29,29,29,1,1
63.625,-165.625,29,29,29,2,2
59.125,-147.375,29,29,29,2,3
37.125,-71.875,29,29,29,6,6
76.875,27.125,29,29,29,2,2
-58.875,-60.625,29,29,29,2,2
44.125,-125.875,29,29,29,1,1
44.125,-68.375,29,29,29,3,3
51.375,-135.125,29,29,29,1,1
44.375,-6.625,29,29,29,1,1
31.875,-76.875,29,29,29,1,1
78.625,30.625,29,29,29,2,2
-63.375,123.875,29,29,29,1,1
71.125,27.375,29,29,29,2,2
27.125,-91.875,29,29,29,1,1
-63.375,113.625,29,29,29,1,1
16.875,-65.375,29,29,29,1,1
71.125,-166.875,29,29,29,3,3
30.125,-15.375,29,29,29,2,2
20.625,-108.625,29,29,29,6,8
77.875,30.375,29,29,29,1,1
65.625,5.625,29,29,29,1,1
-72.875,-107.875,29,29,29,2,2
30.125,135.125,29,29,29,7,7
76.625,31.875,29,29,29,1,1
76.625,33.125,29,29,29,1,1
30.625,-118.875,29,29,29,1,1
30.875,-118.875,29,29,29,1,1
-68.625,7.875,29,29,29,1,1
-46.875,147.125,29,29,29,1,1
71.625,7.875,29,29,29,2,2
-65.375,145.375,29,29,29,1,1
-66.125,-67.875,29,29,29,2,3
75.875,26.875,29,29,29,1,1
-37.125,-55.625,29,29,29,1,1
-63.125,114.125,29,29,29,1,1
51.625,-169.125,29,29,29,2,2
65.125,4.625,29,29,29,1,1
-58.125,-64.375,29,29,29,1,1
76.125,14.375,29,29,29,1,1
-58.375,-64.875,29,29,29,1,1
38.875,-70.375,29,29,29,2,2
46.875,-129.875,29,29,29,1,1
46.875,-127.125,29,29,29,2,2
55.875,-8.625,29,29,29,3,3
41.875,-127.125,29,29,29,1,1
70.375,-167.625,29,29,29,2,3
-72.875,-105.375,29,29,29,1,1
-63.875,86.375,29,29,29,1,1
-63.875,86.625,29,29,29,1,1
40.875,-9.625,29,29,29,1,1
76.375,28.125,29,29,29,2,2
71.625,-158.125,29,29,29,2,3
-70.875,-102.625,29,29,29,1,1
73.375,11.375,29,29,29,1,1
68.875,10.125,29,29,29,1,1
73.375,36.125,29,29,29,2,2
-64.625,110.875,29,29,29,1,1
-14.875,123.125,29,29,29,1,1
35.375,141.875,29,29,29,2,2
45.875,-3.125,29,29,29,1,1
55.875,173.375,29,29,29,1,1
73.875,23.625,29,29,29,1,1
-35.625,18.375,29,29,29,2,2
-20.375,111.375,29,29,29,1,1
64.625,-0.625,29,29,29,1,1
32.125,-78.875,29,29,29,1,1
48.125,-126.875,29,29,29,3,3
-62.375,-64.875,29,29,29,1,1
-0.875,-83.125,29,29,29,1,1
-0.875,-82.875,29,29,29,1,1
-43.875,145.125,29,29,29,1,1
59.625,-141.125,29,29,29,1,1
-32.875,17.375,29,29,29,2,2
12.625,-73.875,29,29,29,1,1
47.875,-129.125,29,29,29,1,1
26.875,-90.625,29,29,29,1,1
-31.625,13.375,29,29,29,1,1
-71.375,-84.125,29,29,29,1,1
-46.875,-63.875,29,29,29,1,1
-47.625,172.125,29,29,29,2,2
62.875,2.375,29,29,29,1,1
27.875,-79.375,29,29,29,1,1
33.875,-73.375,29,29,29,1,1
66.625,9.875,29,29,29,1,1
-0.875,-83.375,29,29,29,1,1
29.875,-14.875,29,29,29,1,1
74.375,14.125,29,29,29,1,1
74.375,14.375,29,29,29,1,1
-0.625,-84.125,29,29,29,1,1
-59.375,-60.125,29,29,29,1,1
71.375,31.375,29,29,29,1,1
67.625,-167.875,29,29,29,1,1
71.125,24.375,29,29,29,2,2
67.125,10.625,29,29,29,1,1
60.875,-4.625,29,29,16,1,2
60.875,-168.625,29,29,29,2,3
60.875,-167.625,29,29,29,1,2
-60.375,-61.875,29,29,29,4,4
72.375,26.125,29,29,29,2,2
72.375,29.375,29,29,29,2,2
47.625,-8.125,29,29,29,2,2
-68.125,-72.625,29,29,29,3,3
39.125,-127.375,29,29,29,1,1
34.875,-73.375,29,29,29,1,1
34.875,-72.625,29,29,29,1,1
66.625,12.125,29,29,29,2,2
34.125,-120.375,29,29,29,1,1
71.625,16.875,29,29,29,2,2
-71.625,-85.875,29,29,29,1,1
-40.625,-60.375,29,29,29,1,1
36.625,-9.125,29,29,29,2,2
72.375,25.875,29,29,29,2,2
52.875,-12.875,29,29,29,1,1
13.375,-72.375,29,29,29,1,1
-18.125,147.875,29,29,29,1,1
-17.625,-38.125,29,29,29,3,4
19.875,-82.875,29,29,29,5,7
-71.625,-85.375,29,29,29,1,1
39.625,-11.625,29,29,29,1,1
-65.625,68.625,29,29,29,1,1
53.625,-161.375,29,29,29,2,2
-61.375,-61.625,29,29,29,1,1
-61.375,-57.875,29,29,29,1,1
59.625,-167.625,29,29,29,1,1
41.625,137.125,29,29,29,2,2
70.875,-161.375,29,29,29,4,4
45.125,-57.375,29,29,29,1,1
-40.875,-60.625,29,29,29,1,1
74.125,29.125,29,29,29,2,2
69.625,-168.875,29,29,29,1,1
35.625,142.875,29,29,29,4,4
70.875,20.625,29,29,29,2,2
72.625,15.125,29,29,29,2,2
49.375,-10.125,29,29,29,1,1
-67.875,75.625,29,29,29,1,1
71.375,18.125,29,29,29,2,2
41.625,-10.875,29,29,29,1,1
72.125,21.375,29,29,29,2,2
72.125,22.375,29,29,29,2,2
50.375,-132.375,29,29,29,2,2
38.375,-127.125,29,29,29,1,1
-65.375,-69.625,29,29,29,2,2
-53.625,-64.875,29,29,29,1,1
35.875,-4.625,29,29,29,1,1
70.625,-168.625,29,29,29,2,2
40.375,-11.375,29,29,29,1,1
50.125,-132.625,29,29,29,2,2
50.125,-130.375,29,29,29,2,2
51.875,-137.875,29,29,29,1,1
39.375,-13.375,29,29,29,1,1
73.125,15.625,29,29,29,1,1
73.125,17.625,29,29,29,2,2
20.625,-68.125,29,29,29,1,1
-37.375,26.625,29,29,29,1,1
-64.875,71.875,29,29,29,1,1
58.375,-169.625,29,29,29,2,2
35.875,-74.375,29,29,29,2,2
71.875,17.375,29,29,29,3,3
71.875,17.875,29,29,29,2,2
35.875,144.875,29,29,29,3,3
54.375,-9.625,29,29,29,2,2
42.375,-127.125,29,29,29,2,2
36.125,-123.125,29,29,29,2,2
72.375,27.375,29,29,29,2,2
-30.625,114.875,29,29,29,1,1
63.625,5.875,29,29,29,1,1
55.125,-57.125,29,29,29,1,1
34.125,142.375,29,29,29,4,4
-64.875,71.625,29,29,29,1,1
36.875,-74.125,29,29,29,1,1
57.375,-143.875,29,29,29,3,3
55.125,-12.125,29,29,29,1,1
-65.625,-74.375,29,29,29,1,1
12.625,-70.125,29,29,29,2,2
-68.125,-69.875,29,29,29,1,2
71.375,-162.875,29,29,29,2,3
71.375,32.625,29,29,29,1,1
44.625,-53.625,29,29,29,1,1
36.375,-3.375,29,29,29,2,2
53.625,-11.375,29,29,29,1,1
36.125,-4.375,29,29,29,2,2
55.125,176.875,29,29,29,2,2
11.875,-93.125,29,29,29,1,1
-65.125,130.625,29,29,29,1,1
54.625,-163.375,29,29,29,2,2
51.375,2.125,29,29,29,2,2
-63.125,90.625,29,29,29,1,1
72.875,-130.875,29,29,29,1,1
68.375,-168.125,29,29,29,6,6
52.125,-14.125,29,29,29,1,1
54.875,-157.875,29,29,29,2,2
-63.375,89.875,29,29,29,1,1
60.125,-167.875,29,29,29,1,2
-64.375,142.375,29,29,29,1,1
-67.625,2.875,29,29,29,1,1
58.375,-149.875,29,29,29,1,1
47.125,-4.375,29,29,29,1,1
-62.875,133.875,29,29,29,1,1
-34.875,111.875,29,29,29,1,1
49.625,-130.875,29,29,29,3,3
16.375,-66.375,29,29,29,1,1
46.375,-10.625,29,29,29,2,2
-56.625,-64.625,29,29,29,8,9
75.875,33.625,29,29,29,2,2
75.875,42.375,29,29,29,1,1
79.875,30.875,29,29,29,1,1
43.625,14.125,28,28,28,1,1
-64.125,79.625,28,28,28,1,1
76.875,28.625,28,28,28,2,2
63.625,-76.375,28,28,28,1,1
71.625,-93.125,28,28,28,1,1
-9.125,-33.375,28,28,28,1,1
54.125,10.875,28,28,28,5,6
54.375,-163.625,28,28,28,2,2
57.375,-145.625,28,28,28,2,2
-67.875,-9.125,28,28,28,1,1
-64.875,110.375,28,28,28,1,1
61.875,-1.125,28,28,28,1,1
72.625,18.125,28,28,28,1,1
50.875,-14.875,28,28,28,1,1
-65.875,67.125,28,28,28,1,1
73.625,34.125,28,28,28,1,1
-65.125,130.375,28,28,28,1,1
50.125,-128.875,28,28,28,1,1
43.125,-66.875,28,28,28,2,2
55.125,-11.625,28,28,28,1,1
-66.375,-68.625,28,28,28,1,1
32.875,139.875,28,28,28,5,7
33.125,-12.625,28,28,28,2,2
-65.625,68.125,28,28,28,1,1
-46.625,-63.875,28,28,28,1,1
55.125,-13.875,28,28,28,1,1
34.125,141.625,28,28,28,5,5
-37.375,26.875,28,28,28,1,1
69.875,-164.625,28,28,28,4,4
-3.875,-32.375,28,28,28,1,2
54.625,173.125,28,28,28,2,2
57.375,-140.375,28,28,28,1,1
74.375,17.375,28,28,28,1,1
76.125,31.625,28,28,28,1,1
59.375,-150.375,28,28,28,3,3
17.625,-64.875,28,28,28,1,1
32.375,-11.625,28,28,28,1,1
64.125,-1.375,28,28,28,1,1
41.875,-69.125,28,28,28,3,3
70.125,5.375,28,28,28,1,1
40.625,137.625,28,28,28,3,3
55.375,-166.875,28,28,28,3,3
42.875,6.875,28,28,28,2,2
61.625,-25.375,28,28,28,1,1
34.625,-122.125,28,28,28,2,2
65.125,4.375,28,28,28,1,1
46.625,-129.125,28,28,28,2,2
-67.375,-71.125,28,28,28,2,2
72.125,-159.625,28,28,28,2,2
70.875,-90.875,28,28,28,1,1
56.125,-156.625,28,28,28,3,3
-65.625,68.875,28,28,28,1,1
-65.625,68.375,28,28,28,1,1
62.375,-166.875,28,28,28,1,1
-64.875,72.125,28,28,28,1,1
34.125,-75.875,28,28,28,2,2
-62.625,-60.875,28,28,28,1,1
-70.125,-93.125,28,28,28,2,2
49.375,-130.375,28,28,28,2,2
39.125,-127.125,28,28,28,2,2
31.625,137.125,28,28,28,5,5
45.125,-4.875,28,28,28,1,1
-0.625,-84.375,28,28,28,1,1
-0.875,-81.875,28,28,28,1,1
32.875,-12.375,28,28,28,1,1
74.375,13.125,28,28,28,2,2
34.875,-123.625,28,28,28,2,2
55.875,-137.625,28,28,28,1,1
-60.875,-65.125,28,28,28,2,2
20.125,-70.125,28,28,28,5,5
66.125,6.375,28,28,28,2,2
47.625,-126.625,28,28,28,2,2
-68.875,-75.625,28,28,28,1,1
-22.375,-40.875,28,28,28,3,4
17.375,-73.875,28,28,28,2,2
-65.625,138.875,28,28,28,1,1
58.625,-149.625,28,28,28,1,1
58.625,-150.375,28,28,28,1,1
9.125,-54.125,28,28,28,1,1
-62.375,-58.875,28,28,28,2,2
49.375,-132.625,28,28,28,2,2
51.625,-161.375,28,28,28,2,2
28.625,-93.625,28,28,28,1,1
-0.625,-83.875,28,28,28,1,1
-68.625,-76.625,28,28,28,2,2
38.875,-72.125,28,28,28,2,2
70.125,-168.875,28,28,28,2,2
74.375,10.875,28,28,28,2,2
55.375,-149.625,28,28,28,1,1
-37.125,-53.875,28,28,28,1,1
-65.375,145.125,28,28,28,1,1
51.375,-137.125,28,28,28,1,1
50.875,-132.375,28,28,28,2,2
23.875,-115.625,28,28,28,1,1
70.625,-163.625,28,28,28,3,4
61.125,-170.375,28,28,28,1,1
53.875,172.875,28,28,28,2,2
64.625,23.375,28,28,28,4,5
63.875,-0.375,28,28,28,1,1
-57.625,-62.125,28,28,28,1,1
54.125,-159.125,28,28,28,2,2
69.375,-164.875,28,28,28,3,3
40.375,-68.125,28,28,28,2,2
-62.625,-55.375,28,28,28,2,2
52.375,-170.125,28,28,28,1,2
77.625,28.125,28,28,28,1,1
30.875,-77.125,28,28,28,1,1
-64.375,-67.875,28,28,28,2,2
53.625,-130.875,28,28,28,1,1
76.625,32.875,28,28,28,1,1
72.375,-154.625,28,28,28,2,2
30.375,135.625,28,28,28,3,3
30.375,132.625,28,28,28,7,7
29.125,-15.125,28,28,28,1,1
40.875,138.125,28,28,28,2,2
52.625,177.375,28,28,28,1,1
-69.625,-96.375,28,28,28,3,3
-43.875,179.125,28,28,28,1,1
41.625,18.375,28,28,28,1,1
-43.125,-63.375,28,28,28,1,1
70.875,-148.375,28,28,28,2,2
-63.875,86.875,28,28,28,1,1
57.875,-137.625,28,28,28,1,1
46.875,-7.625,28,28,28,1,1
-67.125,-71.875,28,28,28,2,3
7.625,-55.125,28,28,28,1,1
53.375,-160.375,28,28,28,2,2
59.625,-11.125,28,28,28,1,1
-42.125,176.125,28,28,28,2,2
-62.375,-67.375,28,28,28,1,1
-67.875,-72.875,28,28,28,1,2
71.625,-155.625,28,28,28,3,3
43.875,-9.625,28,28,28,1,1
-67.875,-71.125,28,28,28,2,2
-65.125,70.625,28,28,28,1,1
29.625,-16.375,28,28,28,1,1
14.875,-73.625,28,28,28,2,2
51.625,-11.875,28,28,28,2,2
51.625,-14.375,28,28,28,1,1
53.875,-12.625,28,28,28,2,2
-54.125,-64.875,28,28,28,1,1
49.125,-131.625,28,28,28,3,3
72.375,28.875,28,28,28,2,2
53.875,-162.375,28,28,28,2,2
47.125,-125.875,28,28,28,1,1
-60.375,-59.125,28,28,28,1,1
56.375,-157.375,28,28,28,3,3
35.625,-6.625,28,28,28,4,4
70.625,-165.125,28,28,28,2,2
10.875,-77.375,28,28,28,1,1
28.875,129.875,28,28,28,7,7
71.125,17.875,28,28,28,2,3
75.375,25.125,28,28,28,1,1
24.125,-17.375,28,28,28,2,3
36.625,-9.375,28,28,28,1,1
36.625,-8.375,28,28,28,2,2
13.125,-73.125,28,28,28,1,1
56.125,-137.375,28,28,28,1,1
56.125,-141.375,28,28,28,1,2
72.375,29.625,28,28,28,2,2
73.625,-145.375,28,28,28,1,1
69.625,-168.125,28,28,28,3,3
74.125,29.375,28,28,28,2,2
71.625,-148.625,28,28,28,1,1
-48.625,-63.875,28,28,28,1,1
-57.625,-64.875,28,28,28,1,1
56.875,-7.125,28,28,28,2,2
-65.875,67.375,28,28,28,1,1
-53.875,-64.875,28,28,28,1,1
-65.375,77.875,28,28,28,2,2
77.125,34.125,28,28,28,1,1
35.875,-6.875,28,28,28,2,2
-51.875,-64.875,28,28,28,1,1
42.125,146.125,28,28,28,2,2
30.375,-119.375,28,28,28,2,2
51.875,-134.125,28,28,28,2,2
36.125,-12.875,28,28,28,1,1
-65.125,130.875,28,28,28,1,1
71.375,23.875,28,28,28,1,1
42.125,7.625,28,28,28,1,1
48.125,-6.125,28,28,28,1,1
50.875,-135.875,28,28,28,2,2
-61.875,-49.625,28,28,28,2,2
71.875,26.375,28,28,28,2,2
-10.625,141.875,28,28,28,1,1
-63.125,-51.375,28,28,28,1,1
53.625,-10.875,28,28,28,1,1
72.375,10.125,28,28,28,1,1
32.625,-119.375,28,28,28,4,5
32.625,-13.375,28,28,28,1,1
-66.375,-70.125,28,28,28,2,2
-68.125,-68.625,28,28,28,2,2
70.625,12.375,28,28,28,2,2
78.375,7.125,28,28,28,1,1
20.125,-18.625,28,28,28,2,2
21.875,-69.875,28,28,28,8,12
48.625,-12.125,28,28,28,2,2
-19.125,150.875,28,28,28,1,1
73.625,13.625,28,28,28,1,1
40.125,-125.875,28,28,28,1,1
75.875,30.625,28,28,28,1,1
-24.625,113.125,28,28,28,1,1
37.125,-9.625,28,28,28,1,1
68.625,10.625,28,28,28,1,1
29.375,130.375,28,28,28,7,7
79.125,10.375,28,28,28,1,1
51.125,1.125,27,27,27,1,1
-63.625,-54.375,27,27,27,1,1
-65.125,128.625,27,27,27,1,1
22.125,-69.625,27,27,27,11,19
69.875,8.375,27,27,27,1,1
58.875,-147.625,27,27,27,1,1
-63.125,114.375,27,27,27,1,1
59.125,-147.875,27,27,27,2,2
59.375,-168.375,27,27,27,3,3
71.625,-155.375,27,27,27,4,4
33.125,139.375,27,27,27,4,6
-63.125,91.125,27,27,27,1,1
-36.125,18.375,27,27,27,1,1
22.375,-17.625,27,27,27,2,2
45.875,-126.875,27,27,27,1,1
54.875,176.875,27,27,27,1,1
-72.375,-84.125,27,27,27,1,1
16.125,-72.375,27,27,27,2,2
33.625,-11.375,27,27,27,1,1
54.125,176.625,27,27,27,1,1
45.625,-128.375,27,27,27,1,2
-66.875,-69.375,27,27,27,3,3
11.375,-89.625,27,27,27,6,6
37.125,-1.125,27,27,27,1,1
59.375,-145.375,27,27,27,3,3
56.125,-165.625,27,27,27,1,1
73.875,9.375,27,27,27,1,1
55.875,174.875,27,27,27,2,2
72.125,19.625,27,27,27,3,3
37.375,-9.625,27,27,27,1,1
59.125,-167.375,27,27,27,2,2
-68.875,-77.375,27,27,27,1,1
53.375,176.625,27,27,27,1,1
30.625,135.625,27,27,27,4,4
-42.875,-64.625,27,27,27,1,1
58.875,-5.875,27,27,27,1,1
13.625,-72.125,27,27,27,1,1
59.625,-171.125,27,27,27,2,2
-66.375,-69.375,27,27,27,2,2
-66.625,65.375,27,27,27,1,1
-49.125,-62.125,27,27,27,1,1
76.125,26.375,27,27,27,1,1
57.125,-145.875,27,27,27,2,2
57.125,-143.625,27,27,27,1,1
-35.625,111.375,27,27,27,1,1
43.875,-12.125,27,27,27,1,1
-66.375,-68.375,27,27,27,1,2
-21.375,114.875,27,27,27,1,1
36.875,-123.125,27,27,27,3,3
59.375,23.625,27,27,27,8,9
58.875,-167.375,27,27,27,5,5
55.875,-150.875,27,27,27,2,2
33.875,140.875,27,27,27,6,6
75.875,23.375,27,27,27,1,1
50.625,-6.875,27,27,27,1,1
11.125,-78.875,27,27,27,6,6
76.125,32.125,27,27,27,1,1
46.125,-10.625,27,27,27,3,3
43.125,7.375,27,27,27,2,2
-44.125,177.125,27,27,27,1,1
-63.875,123.375,27,27,27,1,1
76.875,33.625,27,27,27,1,1
54.625,-167.125,27,27,27,2,2
44.875,-52.375,27,27,27,1,1
24.375,-76.375,27,27,27,1,1
41.375,141.125,27,27,27,1,1
58.625,-9.375,27,27,27,1,1
53.625,-160.375,27,27,20,2,2
32.125,-77.625,27,27,27,2,2
28.625,-88.125,27,27,27,1,1
70.375,-164.125,27,27,27,3,3
74.375,24.125,27,27,27,1,1
34.125,-8.125,27,27,27,4,4
71.125,10.125,27,27,27,2,2
72.625,34.875,27,27,27,1,1
73.125,-147.625,27,27,27,1,1
-65.375,109.875,27,27,27,1,1
-67.875,-10.625,27,27,27,1,1
-65.375,-71.625,27,27,27,2,2
54.875,-161.125,27,27,27,2,2
74.625,31.125,27,27,27,2,2
69.375,13.625,27,27,27,2,2
30.375,130.875,27,27,27,7,7
59.625,-8.375,27,27,27,1,1
59.875,-179.625,27,27,27,1,1
58.625,-10.125,27,27,27,1,1
72.375,-161.625,27,27,27,3,4
53.125,-10.625,27,27,27,2,2
72.125,-160.125,27,27,27,3,3
-65.625,29.875,27,27,27,1,1
71.625,-153.625,27,27,27,2,2
33.125,-120.125,27,27,27,1,2
50.125,-11.125,27,27,27,2,2
-34.625,113.625,27,27,27,1,1
57.375,-145.375,27,27,27,2,2
44.625,-9.125,27,27,27,1,1
59.875,-168.625,27,27,27,3,3
-68.375,9.375,27,27,27,1,1
71.625,-165.125,27,27,27,4,5
7.125,-81.875,27,27,27,7,7
32.375,140.125,27,27,27,6,7
77.125,-137.125,27,27,27,1,1
56.125,-152.625,27,27,27,2,2
32.125,-78.375,27,27,27,2,2
37.875,-9.875,27,27,27,1,1
34.375,-72.625,27,27,27,1,1
71.625,22.625,27,27,27,2,2
46.125,-2.625,27,27,27,1,1
65.625,10.875,27,27,27,1,1
39.375,3.625,27,27,27,2,2
39.375,-124.875,27,27,27,1,1
71.875,28.375,27,27,27,2,2
-20.375,151.375,27,27,27,1,1
36.375,-8.875,27,27,27,2,2
36.375,-8.375,27,27,27,2,2
12.875,-93.375,27,27,27,6,8
-63.875,-64.875,27,27,27,1,1
-64.875,143.875,27,27,27,1,1
-64.875,124.625,27,27,27,1,1
-49.375,-62.625,27,27,27,1,1
57.625,-167.625,27,27,27,1,1
50.625,-13.625,27,27,27,2,2
50.625,-131.125,27,27,27,1,1
45.375,-127.375,27,27,27,2,3
-64.625,78.875,27,27,27,1,1
44.625,-59.125,27,27,27,1,1
-19.625,151.375,27,27,27,1,1
-61.875,-62.875,27,27,27,1,1
47.125,-126.875,27,27,27,1,1
58.375,-147.125,27,27,27,2,2
56.125,-147.125,27,27,27,2,2
20.375,-67.875,27,27,27,6,6
-65.375,-66.625,27,27,27,2,2
42.125,137.375,27,27,27,2,2
52.625,-135.375,27,27,27,2,2
-67.125,72.625,27,27,27,1,1
73.125,28.375,27,27,27,1,1
-68.125,3.375,27,27,27,1,1
-34.375,25.875,27,27,27,1,1
64.875,3.625,27,27,27,1,1
-65.625,-69.125,27,27,27,2,2
-64.375,142.125,27,27,27,1,1
32.625,-119.625,27,27,27,4,4
36.125,-4.625,27,27,27,2,2
-28.875,13.375,27,27,27,1,1
70.625,6.875,27,27,27,1,1
38.125,-72.625,27,27,27,5,5
47.125,-127.125,27,27,27,1,1
-44.875,174.375,27,27,27,2,2
-63.875,85.875,27,27,27,1,1
77.375,28.375,27,27,27,2,2
-33.875,113.375,27,27,27,1,1
39.125,-126.375,27,27,27,2,2
-33.125,28.125,27,27,27,1,1
57.625,-147.125,27,27,27,2,2
42.875,138.625,27,27,27,1,1
66.625,-167.375,27,27,27,3,3
-18.125,-38.375,27,27,27,3,4
48.625,-8.875,27,27,27,1,1
71.875,18.125,27,27,27,2,2
20.125,-82.375,27,27,27,11,16
-53.375,-62.375,27,27,27,1,1
-53.625,-66.875,27,27,27,8,12
54.375,171.125,27,27,27,1,1
-28.625,114.125,27,27,27,1,1
38.125,133.875,27,27,27,1,1
42.625,145.875,27,27,27,2,2
-45.625,-64.125,27,27,27,1,1
34.875,-121.125,27,27,27,1,1
38.875,-69.125,27,27,27,1,1
45.125,-12.875,27,27,27,2,2
56.375,-12.375,27,27,27,1,1
74.375,13.375,27,27,27,1,1
61.625,-176.875,27,27,27,2,2
-64.375,145.375,27,27,27,1,1
48.875,-127.375,27,27,27,2,2
52.875,3.875,27,27,27,1,1
41.125,4.875,27,27,27,3,3
72.375,27.125,27,27,27,2,2
64.625,3.875,27,27,27,1,1
64.625,4.125,27,27,27,1,1
72.375,24.125,27,27,27,2,2
63.875,-0.125,27,27,27,1,1
-72.875,-103.875,27,27,27,2,2
72.375,33.875,27,27,27,2,2
-33.375,27.875,27,27,27,1,1
64.875,-167.625,27,27,27,3,3
8.625,-84.625,27,27,27,8,9
52.625,-5.375,27,27,27,2,2
44.375,-62.625,27,27,27,1,1
44.375,-13.625,27,27,27,2,2
71.125,6.375,27,27,27,1,1
74.125,31.625,27,27,27,2,2
74.125,31.875,27,27,27,2,2
68.375,10.625,27,27,27,2,2
26.375,-17.875,27,27,27,1,1
35.875,-12.875,27,27,27,1,1
64.125,-171.125,27,27,27,4,4
73.625,8.875,27,27,27,1,1
70.375,16.125,27,27,27,2,2
25.625,-78.875,27,27,27,1,1
18.125,-74.625,27,27,27,2,2
30.125,-119.375,27,27,27,1,1
64.875,-168.875,27,27,27,3,3
64.875,-168.625,27,27,27,3,3
53.875,176.375,27,27,27,3,3
-67.625,-74.625,27,27,27,1,1
56.375,-142.125,27,27,27,2,2
51.125,-137.125,27,27,27,2,2
63.875,1.375,27,27,27,1,1
63.875,1.625,27,27,27,1,1
53.875,171.625,27,27,27,3,3
-31.875,14.125,27,27,27,1,1
-66.375,76.875,27,27,27,1,1
-64.125,-55.625,27,27,27,1,1
55.375,-139.625,27,27,27,1,2
71.125,27.625,27,27,27,2,2
70.875,32.125,27,27,27,1,1
13.375,-72.625,27,27,27,1,1
26.875,-90.875,27,27,27,1,1
26.875,-90.375,27,27,27,1,1
26.875,-89.875,27,27,27,1,1
38.625,-127.125,27,27,27,1,1
56.375,-164.625,27,27,27,1,1
38.375,13.875,27,27,27,2,2
55.375,177.125,27,27,27,1,1
42.625,-128.625,27,27,27,1,1
42.625,-127.875,27,27,27,1,1
38.625,-125.125,27,27,27,1,1
76.625,14.125,27,27,27,2,2
35.375,-122.125,27,27,27,2,3
35.375,-73.875,27,27,27,1,1
43.875,-125.875,27,27,27,2,2
70.125,13.125,27,27,27,1,1
31.375,-13.125,27,27,27,1,1
70.625,12.625,27,27,27,2,2
63.375,-1.125,27,27,27,1,1
70.625,-167.125,27,27,27,2,2
15.625,-74.625,27,27,27,2,2
-63.625,87.625,27,27,27,1,1
17.625,-63.875,27,27,27,1,1
-65.125,122.625,27,27,27,1,1
33.625,-122.375,27,27,27,1,1
52.125,-13.125,27,27,27,1,1
49.875,-10.125,27,27,27,1,1
-10.375,144.625,27,27,27,1,1
54.125,-10.625,27,27,27,2,2
72.875,23.875,27,27,27,1,1
-36.125,18.625,27,27,27,1,1
78.375,30.125,27,27,27,2,2
52.125,-135.125,27,27,27,1,1
-69.625,-100.125,26,26,26,1,1
-66.625,65.625,26,26,26,1,1
63.375,-166.125,26,26,26,2,2
-63.125,90.875,26,26,26,1,1
75.875,28.125,26,26,26,1,1
-36.625,-54.375,26,26,26,1,1
54.125,-131.125,26,26,26,1,1
59.125,-145.625,26,26,26,1,1
33.375,-120.125,26,26,26,1,2
33.375,134.375,26,26,26,1,1
-68.125,76.375,26,26,26,1,1
-68.125,75.875,26,26,26,1,1
43.625,-8.625,26,26,26,1,1
42.625,-126.375,26,26,26,1,1
74.125,32.125,26,26,26,2,2
-30.625,14.875,26,26,26,2,2
72.375,31.125,26,26,26,2,2
53.875,-13.375,26,26,26,1,1
72.375,28.125,26,26,26,2,2
38.625,-126.125,26,26,26,1,1
-70.125,-101.125,26,26,26,3,3
73.375,20.875,26,26,26,1,1
68.375,8.875,26,26,26,1,1
49.125,-133.125,26,26,26,2,2
-15.125,123.125,26,26,26,1,1
42.625,-127.125,26,26,26,1,1
55.375,172.625,26,26,26,1,1
35.625,-122.375,26,26,26,3,3
60.875,-25.375,26,26,26,1,1
-68.375,7.125,26,26,26,1,1
63.875,3.625,26,26,26,1,1
-66.375,75.875,26,26,26,1,1
-60.125,-63.125,26,26,26,1,1
38.625,-71.125,26,26,26,1,1
57.875,-137.375,26,26,26,1,1
42.625,-10.125,26,26,26,1,1
35.375,-4.375,26,26,26,1,1
-63.875,86.125,26,26,26,1,1
49.125,-128.625,26,26,26,2,2
49.125,-130.125,26,26,26,3,3
63.875,2.625,26,26,26,1,1
63.875,1.875,26,26,26,1,1
56.375,-147.875,26,26,26,2,2
40.875,6.125,26,26,26,1,1
73.375,24.875,26,26,26,1,1
-64.625,116.625,26,26,26,2,2
51.375,-134.625,26,26,26,1,1
-29.125,13.625,26,26,26,1,1
-40.125,-59.875,26,26,26,1,1
58.125,-168.625,26,26,26,1,1
6.875,-83.375,26,26,26,1,1
19.125,-19.375,26,26,26,2,2
74.125,28.625,26,26,26,2,2
9.375,-86.375,26,26,26,8,8
38.875,-125.875,26,26,26,1,1
57.875,-168.375,26,26,26,3,3
26.875,-14.875,26,26,26,2,3
63.875,0.375,26,26,26,1,1
63.875,2.875,26,26,26,1,1
-30.375,14.375,26,26,26,1,1
64.625,3.125,26,26,26,2,2
56.125,-10.125,26,26,26,1,1
56.125,174.375,26,26,26,1,1
52.875,-10.625,26,26,26,3,3
55.625,-13.875,26,26,26,1,1
67.875,11.125,26,26,26,1,1
51.875,-12.625,26,26,26,1,1
49.375,-128.875,26,26,26,2,2
46.625,-8.875,26,26,26,1,1
46.625,-9.375,26,26,26,2,2
18.875,-105.125,26,26,26,6,8
34.875,-8.125,26,26,26,1,1
34.875,-8.375,26,26,26,1,1
-72.125,-83.875,26,26,26,1,1
42.875,-125.875,26,26,26,1,1
50.375,-131.125,26,26,26,2,2
71.875,15.625,26,26,26,2,2
-18.625,120.375,26,26,26,1,1
48.625,-10.375,26,26,26,1,1
52.875,173.125,26,26,26,1,1
51.375,-129.625,26,26,26,1,1
-68.875,-101.875,26,26,26,1,1
-45.875,-65.375,26,26,26,1,1
56.625,-165.625,26,26,26,1,1
57.625,-165.375,26,26,26,2,2
-63.875,-55.375,26,26,26,1,1
-62.625,116.125,26,26,26,1,1
-13.375,122.125,26,26,26,1,1
71.125,26.625,26,26,26,2,2
34.875,-123.875,26,26,26,2,2
53.625,-11.125,26,26,26,1,1
72.375,19.875,26,26,26,1,1
50.875,-132.625,26,26,26,2,2
38.125,-9.875,26,26,26,1,1
78.125,34.625,26,26,26,1,1
26.375,-78.375,26,26,26,2,2
32.625,-77.875,26,26,26,1,1
32.375,140.625,26,26,26,7,7
-34.625,171.875,26,26,26,11,11
40.625,136.625,26,26,26,3,3
-68.125,1.125,26,26,26,1,1
-71.875,-103.875,26,26,26,1,1
34.375,141.125,26,26,26,9,9
42.875,145.875,26,26,26,1,1
55.125,-10.875,26,26,26,1,1
34.625,-9.875,26,26,26,1,1
-67.125,30.625,26,26,26,1,1
20.875,-69.625,26,26,26,6,9
50.375,-5.875,26,26,26,1,1
-19.375,149.625,26,26,26,1,1
77.125,27.875,26,26,26,1,1
42.125,-10.125,26,26,26,1,1
70.625,-147.375,26,26,26,1,1
74.125,26.125,26,26,26,2,2
74.375,21.125,26,26,26,1,1
56.625,-148.875,26,26,26,3,3
57.375,-11.375,26,26,26,1,1
74.375,28.375,26,26,26,1,1
74.375,26.875,26,26,26,1,1
44.125,-11.625,26,26,26,1,1
44.375,-126.875,26,26,26,1,1
74.375,17.125,26,26,26,1,1
74.375,16.375,26,26,26,1,1
43.125,-125.625,26,26,26,1,1
37.875,-123.375,26,26,26,1,1
-26.875,11.625,26,26,26,1,1
72.375,-147.625,26,26,26,1,1
76.625,30.375,26,26,26,1,1
-63.875,-65.875,26,26,26,1,1
41.375,-70.625,26,26,26,1,1
12.875,-92.875,26,26,26,8,9
17.125,-64.125,26,26,26,1,1
39.375,1.375,26,26,26,1,1
72.625,12.875,26,26,26,2,2
72.625,11.875,26,26,26,2,2
71.375,-148.625,26,26,26,2,2
54.375,-160.625,26,26,26,2,2
54.375,-161.875,26,26,26,3,3
-12.625,-37.625,26,26,26,1,1
71.625,22.125,26,26,26,2,2
34.375,-9.375,26,26,26,1,1
34.375,-10.875,26,26,26,1,1
71.375,-163.375,26,26,26,1,2
58.625,-166.125,26,26,26,1,1
73.625,25.375,26,26,26,1,1
-61.625,-57.625,26,26,26,1,1
74.125,9.875,26,26,26,1,1
36.375,-2.125,26,26,26,2,2
-62.625,113.375,26,26,26,1,1
52.375,-135.625,26,26,26,1,1
57.375,-146.625,26,26,26,1,1
72.625,17.375,26,26,26,1,1
-37.625,19.125,26,26,26,1,1
-37.625,-56.375,26,26,26,1,1
-65.375,69.875,26,26,26,1,1
52.375,-13.625,26,26,26,2,2
55.125,-138.875,26,26,26,1,1
74.375,15.125,26,26,26,1,1
53.125,-10.375,26,26,26,2,2
58.625,-11.625,26,26,26,1,1
70.375,-168.625,26,26,26,2,2
78.875,30.625,26,26,26,2,2
30.625,-80.875,26,26,26,1,1
48.375,-128.125,26,26,26,2,2
71.875,33.375,26,26,26,1,1
59.625,-7.625,26,26,26,1,1
-11.125,-33.625,26,26,26,1,1
31.625,-76.125,26,26,26,1,1
31.625,-76.375,26,26,26,1,1
-70.125,-90.875,26,26,26,2,2
71.125,-149.625,26,26,26,3,3
-46.625,146.625,26,26,26,1,1
69.375,13.375,26,26,26,2,2
72.125,33.625,26,26,26,1,1
58.625,-6.625,26,26,26,2,2
53.375,-167.625,26,26,26,1,1
-68.625,5.375,26,26,26,1,1
46.125,-9.375,26,26,26,1,1
76.125,31.875,26,26,26,1,1
57.125,-8.375,26,26,26,2,2
31.625,-122.375,26,26,26,2,2
51.625,-161.875,26,26,26,2,2
39.625,4.625,26,26,26,2,2
-56.125,-60.875,26,26,26,1,1
75.875,21.375,26,26,26,1,1
55.875,-154.625,26,26,26,2,2
72.125,21.625,26,26,26,2,2
-67.375,-74.125,26,26,26,2,2
58.875,-167.125,26,26,26,1,1
69.875,-168.625,26,26,26,2,2
73.625,33.625,26,26,26,1,1
72.125,34.125,26,26,26,1,1
-65.125,129.875,26,26,26,1,1
-70.375,-105.375,26,26,26,2,2
70.875,-126.625,26,26,26,1,1
-64.125,84.875,26,26,26,1,1
-64.125,84.625,26,26,26,1,1
-49.125,170.125,26,26,26,1,1
-55.125,-62.625,26,26,26,1,1
54.125,-158.875,26,26,26,2,2
69.375,-166.375,26,26,26,3,3
69.375,-167.875,26,26,26,3,3
56.875,-164.375,26,26,26,1,1
72.875,35.375,26,26,26,1,1
59.625,-169.875,26,26,26,1,1
58.875,-150.125,26,26,26,2,2
-25.375,155.875,26,26,26,1,1
71.375,-159.875,26,26,26,4,4
66.125,8.375,26,26,26,1,1
41.625,-126.625,26,26,26,1,1
66.125,9.375,26,26,26,1,1
-63.375,113.875,26,26,26,1,1
64.125,-1.125,26,26,26,1,1
70.875,6.375,26,26,26,1,1
-68.375,76.125,26,26,26,1,1
-60.875,-64.375,26,26,26,1,1
-60.875,-58.375,26,26,26,1,1
47.625,-9.375,26,26,26,1,1
17.625,-77.875,26,26,26,2,2
59.375,-141.875,26,26,26,1,1
-10.375,142.625,26,26,26,1,1
49.875,-129.875,26,26,26,2,2
49.875,-130.625,26,26,26,1,1
13.875,-98.125,26,26,26,1,1
74.625,25.875,26,26,26,1,1
39.875,2.375,26,26,26,1,1
39.875,-10.125,26,26,26,1,1
-35.875,170.625,26,26,26,7,7
-35.625,112.875,26,26,26,1,1
-56.375,-64.875,26,26,26,1,1
40.125,147.625,26,26,26,6,6
63.625,1.125,26,26,26,2,2
43.375,-53.125,26,26,26,1,1
43.375,14.375,26,26,26,1,1
72.875,-158.375,26,26,26,3,4
69.875,-118.625,26,26,26,1,1
45.625,-3.375,26,26,26,1,1
52.125,-171.375,26,26,26,1,2
74.125,-160.125,26,26,26,1,1
-71.875,-105.875,26,26,26,1,1
-72.625,-84.375,26,26,26,1,1
-52.875,-62.875,26,26,26,1,1
44.875,-127.875,26,26,26,1,1
-68.125,-75.625,26,26,26,3,3
41.625,138.125,26,26,26,2,2
-66.625,-72.125,26,26,26,1,1
19.125,-81.375,26,26,26,2,2
52.125,-134.625,26,26,26,2,2
-63.625,-57.375,26,26,26,1,1
-66.875,71.625,26,26,26,1,1
51.125,-133.375,26,26,26,2,2
-48.375,-63.875,25,25,25,1,1
-66.875,71.125,25,25,25,1,1
50.625,177.125,25,25,25,1,1
40.125,-10.125,25,25,25,1,1
-36.875,26.625,25,25,25,1,1
-57.125,-64.875,25,25,25,2,2
75.875,35.375,25,25,25,1,1
33.625,-11.125,25,25,25,1,1
63.125,1.875,25,25,25,1,1
71.125,-129.375,25,25,25,1,1
-66.625,66.625,25,25,25,1,1
-43.625,148.625,25,25,25,2,2
53.375,-12.625,25,25,25,1,1
72.125,11.875,25,25,25,1,1
75.375,27.625,25,25,25,1,1
71.375,31.125,25,25,25,1,1
45.625,-9.875,25,25,25,1,1
45.625,-11.625,25,25,25,1,1
57.125,-168.125,25,25,25,3,3
-65.375,114.125,25,25,25,1,1
-70.875,-107.125,25,25,25,2,2
-47.375,-65.375,25,25,25,1,1
52.125,2.875,25,25,25,1,1
53.375,-136.875,25,25,25,2,2
47.875,-8.125,25,25,25,2,2
48.125,-129.625,25,25,25,2,2
47.625,-8.375,25,25,25,2,2
-64.375,113.375,25,25,25,1,1
56.125,-164.125,25,25,25,1,1
56.125,-167.375,25,25,25,2,3
36.875,142.625,25,25,25,6,6
72.125,-154.125,25,25,25,3,3
-70.375,-102.125,25,25,25,3,3
57.125,-164.125,25,25,25,2,2
-55.625,-61.625,25,25,25,1,1
-66.625,66.875,25,25,25,1,1
33.875,-121.125,25,25,25,2,2
68.125,11.375,25,25,25,1,1
-64.125,85.125,25,25,25,1,1
67.125,4.625,25,25,25,2,2
70.875,-148.625,25,25,25,3,3
70.875,-148.875,25,25,25,3,3
59.125,-170.625,25,25,25,2,2
73.875,7.625,25,25,25,1,1
41.625,-10.125,25,25,25,1,1
51.875,-160.375,25,25,25,1,1
51.875,-160.625,25,25,25,1,1
-68.375,77.125,25,25,25,1,1
41.875,-10.125,25,25,25,1,1
53.375,-136.625,25,25,25,2,2
43.875,141.375,25,25,25,1,1
-35.375,14.875,25,25,25,1,1
-35.375,14.625,25,25,25,1,1
33.875,139.375,25,25,25,5,8
33.875,136.875,25,25,25,5,5
33.875,-119.875,25,25,25,1,1
77.625,11.125,25,25,25,2,2
59.625,-142.625,25,25,25,1,1
58.875,-150.875,25,25,25,4,4
-63.125,126.625,25,25,25,1,1
-22.375,153.375,25,25,25,1,1
74.625,11.125,25,25,25,1,1
55.125,-148.375,25,25,25,1,1
55.125,-148.625,25,25,25,1,1
43.375,-129.125,25,25,25,1,1
46.375,-129.125,25,25,25,2,2
51.625,-170.125,25,25,25,2,2
74.625,32.125,25,25,25,2,2
71.625,14.125,25,25,25,2,2
33.875,-10.625,25,25,25,1,1
74.625,31.375,25,25,25,2,2
19.375,-79.625,25,25,25,2,2
66.375,6.125,25,25,25,1,1
53.375,-160.875,25,25,25,1,1
-68.875,-82.375,25,25,25,2,2
28.625,-13.375,25,25,25,5,6
67.625,13.125,25,25,25,1,1
37.625,-72.125,25,25,25,6,6
72.375,-156.375,25,25,25,4,4
-64.375,78.375,25,25,25,1,1
76.875,31.625,25,25,25,1,1
51.875,-134.625,25,25,25,1,2
71.375,18.375,25,25,25,2,2
-34.875,19.375,25,25,25,1,1
39.625,-10.125,25,25,25,1,1
50.625,176.375,25,25,25,1,1
50.625,176.125,25,25,25,1,1
-70.125,-91.125,25,25,25,2,2
15.125,-99.375,25,25,25,1,1
62.375,1.375,25,25,25,1,1
23.875,-78.875,25,25,25,3,3
76.875,30.625,25,25,25,1,1
37.625,0.375,25,25,25,1,1
58.625,-10.875,25,25,25,1,1
47.375,-6.375,25,25,25,1,1
54.375,175.875,25,25,25,1,1
65.875,6.875,25,25,25,2,2
59.875,-172.375,25,25,25,2,2
72.125,-162.875,25,25,25,2,2
-61.625,-63.625,25,25,25,2,2
-61.625,-64.875,25,25,25,1,1
32.375,134.625,25,25,25,3,3
42.125,-69.375,25,25,25,1,1
36.375,-2.375,25,25,25,2,2
-70.625,-80.625,25,25,25,1,1
59.875,-170.125,25,25,25,1,1
-67.875,-8.625,25,25,25,1,1
-34.875,151.125,25,25,25,9,9
57.375,-149.125,25,25,25,2,2
-68.125,31.375,25,25,25,1,1
73.125,14.125,25,25,25,2,2
-37.375,26.375,25,25,25,1,1
-65.375,70.125,25,25,25,1,1
31.625,-75.875,25,25,25,1,1
52.375,-14.125,25,25,25,2,2
55.125,-139.125,25,25,25,1,1
-34.375,29.375,25,25,25,1,1
39.375,-70.875,25,25,25,1,1
62.125,-24.625,25,25,25,1,1
16.125,-19.875,25,25,25,1,1
16.375,-72.625,25,25,25,2,2
30.375,-14.375,25,25,25,1,1
71.375,-162.625,25,25,25,3,4
47.375,-125.625,25,25,25,2,2
41.375,6.625,25,25,25,1,1
-64.625,140.625,25,25,25,1,1
17.875,-103.375,25,25,25,7,8
62.125,-172.625,25,25,25,1,1
34.375,-10.625,25,25,25,1,1
40.625,12.625,25,25,25,1,1
50.625,-131.625,25,25,25,2,2
69.875,-164.125,25,25,25,2,2
22.875,-113.875,25,25,25,5,5
-38.375,-54.125,25,25,25,1,1
46.375,-9.875,25,25,25,1,1
39.375,-124.125,25,25,25,1,1
-49.375,167.125,25,25,25,1,1
44.625,-58.375,25,25,25,1,1
55.625,-7.125,25,25,25,2,2
74.125,25.875,25,25,25,1,1
-25.875,10.625,25,25,25,1,1
76.625,26.875,25,25,25,2,2
-68.125,-68.875,25,25,25,2,2
-70.625,-80.125,25,25,25,1,1
53.125,-13.625,25,25,25,2,2
-73.875,-106.875,25,25,25,2,2
74.375,15.625,25,25,25,2,2
74.375,15.375,25,25,25,1,1
55.125,172.375,25,25,25,1,1
64.875,5.375,25,25,25,1,1
10.125,-78.875,25,25,25,1,1
57.375,-8.125,25,25,25,1,1
57.625,-166.125,25,25,25,2,2
-68.125,3.875,25,25,25,1,1
21.875,-111.125,25,25,25,4,5
20.375,-67.125,25,25,25,4,4
12.875,-96.375,25,25,25,1,1
58.375,-145.625,25,25,25,1,1
32.125,-11.125,25,25,25,1,1
78.375,29.625,25,25,25,1,1
56.125,-151.625,25,25,25,2,2
75.375,30.625,25,25,25,1,1
36.125,-7.375,25,25,25,2,2
-74.125,-103.375,25,25,25,3,3
48.625,-10.875,25,25,25,2,2
52.875,177.125,25,25,25,1,1
71.875,26.125,25,25,25,2,2
47.375,-128.125,25,25,25,2,2
72.375,23.625,25,25,25,2,2
-70.125,-105.375,25,25,25,2,2
71.375,-150.375,25,25,25,1,1
71.875,25.625,25,25,25,2,2
32.625,-79.875,25,25,25,1,1
6.875,-82.875,25,25,25,1,1
-71.875,-107.375,25,25,25,2,2
63.625,5.625,25,25,25,1,1
55.125,-11.375,25,25,25,1,1
55.375,-167.125,25,25,25,1,1
52.625,-156.625,25,25,25,2,2
52.625,-157.125,25,25,25,2,2
71.625,24.625,25,25,25,2,2
34.625,-10.125,25,25,25,1,1
-67.125,72.875,25,25,25,1,1
-67.125,72.375,25,25,25,1,1
52.625,-135.625,25,25,25,2,2
42.875,-10.125,25,25,25,1,1
74.875,24.625,25,25,25,1,1
35.875,144.375,25,25,25,3,3
71.375,29.875,25,25,25,2,2
71.375,25.125,25,25,25,1,1
64.625,8.375,25,25,25,2,2
-66.125,141.125,25,25,25,1,1
-53.625,-62.125,25,25,25,1,1
58.125,-137.375,25,25,25,1,2
36.125,-2.875,25,25,25,1,1
6.625,-85.125,25,25,25,1,1
58.125,-138.125,25,25,25,1,2
73.625,9.875,25,25,25,1,1
56.125,174.125,25,25,25,1,1
41.125,4.375,25,25,25,1,1
-46.125,-65.375,25,25,25,1,1
-32.875,114.625,25,25,25,1,1
73.375,-159.875,25,25,25,1,1
45.125,-4.625,25,25,25,1,1
-33.875,113.125,25,25,25,1,1
61.375,2.125,25,25,25,1,1
29.875,-80.875,25,25,25,1,1
-66.625,-73.125,25,25,25,2,2
29.625,133.625,25,25,25,4,4
69.625,7.875,25,25,25,1,1
-70.875,-106.125,25,25,25,1,1
34.875,139.375,25,25,25,10,11
40.875,-72.625,25,25,25,2,2
46.625,-125.625,25,25,25,2,2
-59.875,-64.875,25,25,25,1,1
50.375,174.875,25,25,25,1,1
51.625,-134.125,25,25,25,2,2
51.625,-161.125,25,25,25,2,2
77.375,12.875,25,25,25,2,2
77.375,12.625,25,25,25,1,1
61.125,-2.375,25,25,13,1,2
-63.375,-60.625,25,25,25,3,3
-63.375,-70.125,25,25,25,1,1
63.875,7.125,25,25,25,1,1
63.875,6.875,25,25,25,1,1
63.875,4.375,25,25,25,1,1
-29.625,12.625,25,25,25,1,1
73.625,-96.125,25,25,25,1,1
-45.125,146.875,25,25,25,1,1
-64.875,149.375,25,25,25,1,1
72.375,25.375,25,25,25,2,2
38.375,0.375,25,25,25,1,1
53.875,-137.625,25,25,25,2,2
76.625,21.875,25,25,25,2,2
58.125,-168.375,25,25,25,2,2
14.875,-98.875,25,25,25,1,1
70.125,-167.875,25,25,25,3,3
77.375,24.875,25,25,25,1,1
35.125,-124.375,25,25,25,1,1
42.875,-128.625,25,25,25,1,1
-49.125,-63.625,25,25,25,1,1
-50.375,-63.875,25,25,25,1,1
-49.625,168.875,25,25,25,1,1
70.625,-164.875,25,25,25,3,3
35.375,-74.375,25,25,25,1,1
55.375,-13.625,25,25,25,1,1
50.375,0.625,25,25,25,1,1
38.625,-125.375,25,25,25,1,1
56.375,-166.375,25,25,25,1,1
-64.625,111.125,25,25,25,1,1
77.875,31.125,25,25,25,1,1
77.875,30.625,25,25,25,1,1
52.625,-11.375,25,25,25,3,3
52.625,-12.375,25,25,25,2,2
64.875,-170.375,25,25,25,2,2
64.875,-167.375,25,25,25,2,2
38.875,-126.625,25,25,25,1,1
-60.125,-53.125,25,25,25,1,1
76.375,30.875,25,25,25,3,3
-13.875,124.875,25,25,25,1,1
63.875,3.125,25,25,25,1,1
32.875,-78.875,25,25,25,1,1
32.875,-79.125,25,25,25,1,1
63.875,0.625,25,25,25,1,1
55.375,-139.375,25,25,25,1,1
57.875,-139.375,25,25,25,2,2
57.875,-144.125,25,25,25,2,2
-59.875,-60.375,25,25,25,1,1
46.875,-8.875,25,25,25,2,2
42.625,-66.125,25,25,25,1,1
77.875,29.875,25,25,25,1,1
71.875,-153.125,25,25,25,1,1
56.375,-141.625,25,25,25,1,1
65.625,4.875,25,25,25,1,1
-63.125,-59.125,25,25,25,2,2
50.625,0.625,25,25,25,1,1
71.375,-167.125,25,25,25,3,3
35.125,-8.625,25,25,25,1,1
71.875,-159.375,25,25,25,4,4
71.875,-162.125,25,25,25,2,2
51.125,-12.375,25,25,25,2,2
-66.875,78.625,25,25,25,1,1
33.125,139.125,25,25,25,4,5
77.625,29.875,25,25,25,1,1
-48.375,169.875,25,25,25,1,1
-48.625,174.125,25,25,25,1,1
-66.125,66.375,25,25,25,1,1
72.125,12.125,25,25,25,1,1
68.625,12.625,25,25,25,2,2
-5.625,153.375,25,25,25,8,8
51.375,-166.875,25,25,25,1,1
28.125,-86.125,25,25,25,1,1
74.625,29.875,25,25,25,2,2
74.625,29.375,25,25,25,2,2
43.625,-128.625,25,25,25,1,1
-68.125,75.375,25,25,25,1,1
-48.375,-61.125,24,24,24,1,1
54.875,-56.875,24,24,24,1,1
56.875,-142.875,24,24,24,1,1
74.625,28.875,24,24,24,2,2
74.625,29.625,24,24,24,2,2
-6.625,154.375,24,24,24,11,11
-63.625,88.625,24,24,24,1,1
63.625,-9.375,24,24,24,1,1
49.875,170.375,24,24,24,1,1
49.875,170.875,24,24,24,1,1
49.875,171.125,24,24,24,1,1
52.125,-159.625,24,24,24,1,1
51.625,177.875,24,24,24,1,1
-68.125,-72.875,24,24,24,2,2
64.375,-171.125,24,24,24,4,4
12.875,-73.625,24,24,24,1,1
45.625,-3.625,24,24,24,1,1
56.875,-136.125,24,24,24,1,1
72.875,-135.375,24,24,24,2,2
-64.125,145.375,24,24,24,1,1
52.125,-170.875,24,24,24,1,1
50.125,-130.875,24,24,24,2,2
-10.625,140.125,24,24,24,1,1
13.375,-60.375,24,24,24,1,1
66.875,8.625,24,24,24,1,1
59.125,-168.875,24,24,24,2,2
-43.125,-64.125,24,24,24,1,1
59.375,-147.625,24,24,24,1,1
50.375,173.375,24,24,24,1,1
-70.125,-100.875,24,24,24,3,3
73.375,36.625,24,24,24,1,1
71.875,-152.875,24,24,24,1,1
35.375,-7.625,24,24,24,1,1
35.375,-7.875,24,24,24,1,1
-69.625,-104.875,24,24,24,2,2
42.375,-65.625,24,24,24,1,1
38.875,-125.125,24,24,24,1,1
57.875,-168.625,24,24,24,2,2
50.875,-131.625,24,24,24,1,1
49.125,-8.875,24,24,24,1,1
42.625,5.625,24,24,24,1,1
53.875,171.375,24,24,24,3,3
76.375,34.625,24,24,24,2,2
-39.375,-58.875,24,24,24,1,1
76.625,23.125,24,24,24,2,2
73.625,-147.625,24,24,24,2,2
57.875,-8.625,24,24,24,1,1
14.375,-72.625,24,24,24,2,2
51.625,-12.375,24,24,24,2,2
50.375,174.125,24,24,24,1,1
68.375,9.125,24,24,24,1,1
35.625,-7.375,24,24,24,1,1
20.375,-73.875,24,24,24,2,2
-45.875,170.625,24,24,24,1,1
42.875,-125.375,24,24,24,1,1
42.625,8.125,24,24,24,2,2
42.625,7.875,24,24,24,1,1
55.375,-154.875,24,24,24,2,2
71.625,-158.625,24,24,24,2,3
-45.625,146.875,24,24,24,1,1
74.375,12.125,24,24,24,1,1
-68.375,-74.625,24,24,24,2,2
34.875,140.875,24,24,24,6,8
56.375,-59.125,24,24,24,1,1
40.625,144.875,24,24,24,5,5
51.625,-133.875,24,24,24,2,2
70.625,31.125,24,24,24,2,2
6.375,-86.375,24,24,24,1,1
41.125,-10.125,24,24,24,1,1
-29.875,14.375,24,24,24,1,1
58.125,-148.625,24,24,24,1,1
38.375,-72.875,24,24,24,5,5
41.125,-125.875,24,24,24,1,1
58.125,-169.375,24,24,24,2,2
-30.875,114.625,24,24,24,1,1
6.875,-83.875,24,24,24,1,1
-59.375,-63.375,24,24,24,1,2
57.625,-149.125,24,24,24,1,1
40.625,-10.125,24,24,24,1,1
39.125,-11.875,24,24,24,1,1
61.375,2.375,24,24,24,1,1
61.375,1.875,24,24,24,1,1
71.125,26.125,24,24,24,2,2
29.875,-86.875,24,24,24,2,2
15.375,-74.125,24,24,24,2,2
61.375,0.875,24,24,24,1,1
61.375,-0.375,24,24,24,1,1
61.375,-0.875,24,24,24,1,1
34.875,-123.125,24,24,24,1,1
49.125,-5.625,24,24,24,2,2
61.375,1.125,24,24,24,1,1
-46.125,166.375,24,24,24,1,1
58.125,-59.375,24,24,24,1,1
-17.875,147.375,24,24,24,1,1
70.875,21.125,24,24,24,2,2
-71.375,-108.625,24,24,24,1,1
35.875,-125.125,24,24,24,1,1
42.375,-10.375,24,24,24,1,1
38.375,-125.875,24,24,24,1,1
31.875,136.125,24,24,24,5,5
-60.375,-64.875,24,24,24,3,3
50.375,-133.875,24,24,24,2,2
52.875,3.625,24,24,1,1,2
52.875,-5.125,24,24,24,1,1
74.375,11.625,24,24,24,2,2
61.375,18.875,24,24,24,1,1
69.125,-166.875,24,24,24,1,1
-59.625,-59.875,24,24,24,1,1
60.625,-172.375,24,24,24,1,1
26.375,-14.875,24,24,24,2,2
58.375,-165.625,24,24,24,1,1
-70.375,-83.625,24,24,24,1,1
50.875,-133.375,24,24,24,1,1
-18.625,149.375,24,24,24,1,1
32.875,136.125,24,24,24,4,4
55.125,-10.625,24,24,24,1,1
55.125,-11.125,24,24,24,1,1
34.625,-122.625,24,24,24,2,2
-62.125,-67.625,24,24,24,1,1
42.375,7.375,24,24,24,1,1
50.125,172.375,24,24,24,1,1
78.125,29.875,24,24,24,1,1
71.375,25.375,24,24,24,1,1
-65.375,77.375,24,24,24,1,1
59.875,-142.875,24,24,24,1,1
69.625,11.125,24,24,24,1,1
-49.125,171.875,24,24,24,1,1
-71.625,-108.625,24,24,24,1,1
-33.875,27.125,24,24,24,1,1
64.875,5.875,24,24,24,1,1
31.625,137.625,24,24,24,5,5
18.375,-79.625,24,24,24,2,2
21.875,-110.375,24,24,24,2,2
-64.375,141.375,24,24,24,1,1
-44.625,151.625,24,24,24,1,1
56.125,-151.125,24,24,24,2,2
-27.875,153.875,24,24,24,1,1
-68.125,-70.625,24,24,24,2,2
73.625,13.125,24,24,24,1,1
73.625,11.875,24,24,24,1,1
-26.125,113.125,24,24,24,1,1
-26.125,10.875,24,24,24,1,1
32.125,-80.125,24,24,24,1,1
64.375,22.875,24,24,24,3,3
73.625,30.625,24,24,24,1,1
-66.625,70.625,24,24,24,1,1
-71.875,-107.625,24,24,24,1,1
61.875,19.125,24,24,24,1,1
28.875,-15.125,24,24,24,1,1
46.375,-126.875,24,24,24,1,1
74.375,28.125,24,24,24,1,1
-73.875,-105.375,24,24,24,3,3
-62.125,-57.375,24,24,24,1,1
17.375,-103.125,24,24,24,1,1
58.625,-169.875,24,24,24,2,2
70.875,-162.375,24,24,24,3,3
-64.875,71.375,24,24,24,1,1
52.375,-12.375,24,24,24,2,2
63.625,4.875,24,24,24,1,1
43.125,8.375,24,24,24,1,1
74.375,14.875,24,24,24,1,1
62.125,19.125,24,24,24,1,1
57.375,-164.875,24,24,24,2,2
76.375,19.125,24,24,24,2,2
76.375,18.875,24,24,24,2,2
76.375,18.125,24,24,24,2,2
16.375,-101.375,24,24,24,2,2
66.375,7.625,24,24,24,1,1
66.625,-13.375,24,24,24,1,1
66.625,-167.125,24,24,24,2,2
-60.625,-58.875,24,24,24,1,1
58.625,-146.375,24,24,24,2,2
59.625,-7.875,24,24,24,1,1
69.625,9.875,24,24,24,1,1
71.625,-163.625,24,24,24,1,2
-72.375,-107.625,24,24,24,1,1
74.125,11.875,24,24,24,1,1
-70.625,-83.125,24,24,24,1,1
59.875,-148.875,24,24,24,2,2
77.125,12.625,24,24,24,1,1
75.375,5.625,24,24,24,1,1
-44.125,150.125,24,24,24,1,1
77.625,11.375,24,24,24,2,2
43.125,8.125,24,24,24,1,1
62.375,-1.875,24,24,24,1,1
-62.625,-50.625,24,24,24,2,2
56.625,-146.625,24,24,24,2,2
-12.125,144.625,24,24,24,1,1
44.625,-13.375,24,24,24,2,2
-61.375,-63.125,24,24,24,2,2
19.375,-74.125,24,24,24,2,2
15.125,-98.625,24,24,24,6,8
10.875,-88.625,24,24,24,8,10
11.875,-91.125,24,24,24,6,8
-70.125,-90.125,24,24,24,2,2
71.625,-154.625,24,24,24,3,3
62.375,0.625,24,24,24,1,1
62.375,-0.125,24,24,24,1,1
48.125,-7.625,24,24,24,1,1
54.375,176.625,24,24,24,1,1
58.625,-11.875,24,24,24,1,1
47.375,-3.625,24,24,24,1,1
30.625,136.125,24,24,24,4,5
41.375,-65.875,24,24,24,1,1
58.875,-166.375,24,24,24,2,2
69.875,-167.375,24,24,24,3,3
73.625,40.875,24,24,24,1,1
-64.625,145.125,24,24,24,1,1
72.125,-154.875,24,24,24,3,3
70.875,6.125,24,24,24,1,1
59.625,-171.625,24,24,24,2,2
-54.875,-65.125,24,24,24,1,1
62.375,4.125,24,24,24,1,1
62.375,3.875,24,24,24,1,1
44.125,-126.125,24,24,24,1,1
44.125,-127.625,24,24,24,1,1
-72.125,-107.125,24,24,24,1,1
37.625,-71.875,24,24,24,1,1
48.125,-127.125,24,24,24,3,3
70.875,13.625,24,24,24,1,1
78.875,10.875,24,24,24,1,1
-64.375,116.625,24,24,24,1,1
-64.125,84.125,24,24,24,1,1
-55.125,-62.375,24,24,24,1,1
45.375,-3.875,24,24,24,1,1
-73.125,-107.875,24,24,24,1,1
45.875,-11.125,24,24,24,2,2
-62.875,116.125,24,24,24,1,1
77.625,29.625,24,24,24,1,1
33.875,-78.125,24,24,24,1,1
62.375,19.125,24,24,24,1,1
-61.375,-64.875,24,24,24,1,1
-61.125,-63.375,24,24,24,1,1
-20.875,-39.375,24,24,24,3,4
76.875,25.875,24,24,24,2,2
68.875,-167.875,24,24,24,1,1
72.125,-152.875,24,24,24,3,3
-23.875,153.625,24,24,24,1,1
72.125,11.625,24,24,24,1,1
68.125,10.625,24,24,24,1,1
54.125,-157.625,24,24,24,1,1
39.875,-13.625,24,24,24,1,1
45.375,-4.125,24,24,24,1,1
-36.875,18.875,24,24,24,1,1
-10.875,137.375,24,24,24,1,1
62.625,6.125,24,24,24,1,1
15.875,-99.875,24,24,24,6,7
63.625,0.625,24,24,24,1,1
-64.125,85.375,24,24,24,1,1
59.625,-179.375,24,24,24,2,2
58.875,-59.875,24,24,24,1,1
-61.125,-50.875,24,24,24,1,1
-5.875,-33.375,24,24,24,1,1
-63.625,-66.125,24,24,24,1,1
54.875,-158.125,24,24,24,3,3
-10.125,143.125,24,24,24,1,1
50.625,176.875,24,24,24,1,1
69.375,-168.875,24,24,24,1,1
75.875,32.125,24,24,24,2,2
63.125,20.125,24,24,24,2,3
-69.125,-98.875,24,24,24,2,2
76.875,26.875,24,24,24,2,2
76.875,26.625,24,24,24,2,2
-68.375,12.125,24,24,24,1,1
53.375,-10.625,24,24,24,2,2
53.375,-10.875,24,24,24,1,1
53.375,-11.125,24,24,24,1,1
-72.625,-84.625,24,24,24,1,1
40.875,-10.125,24,24,24,1,1
56.375,-136.875,24,24,24,1,1
35.375,-7.375,24,24,24,1,1
61.125,-173.875,24,24,24,1,1
54.625,-153.125,24,24,24,2,2
57.875,-150.625,24,24,24,2,3
50.625,0.875,24,24,24,2,2
50.875,-131.375,24,24,24,1,1
51.375,-162.625,24,24,24,1,1
29.875,134.375,24,24,24,5,5
61.125,-5.625,24,24,24,1,1
-49.875,-63.375,24,24,24,1,1
29.375,-12.375,24,24,24,4,5
-63.875,143.375,24,24,24,1,1
66.875,12.375,24,24,24,1,1
-66.875,77.625,24,24,24,1,1
-62.125,-48.875,23,23,23,1,1
-67.375,75.375,23,23,23,1,1
-65.375,-66.875,23,23,23,2,2
22.125,-111.875,23,23,23,4,5
74.625,29.125,23,23,23,2,2
74.625,27.875,23,23,23,1,1
43.625,-128.375,23,23,23,2,2
-48.125,-65.625,23,23,23,1,1
-65.375,142.875,23,23,23,1,1
19.375,-78.875,23,23,23,1,1
66.625,-9.125,23,23,23,1,1
30.125,-80.625,23,23,23,1,1
48.375,-11.875,23,23,23,2,2
36.125,-7.125,23,23,23,2,2
60.375,-168.875,23,23,23,2,3
48.625,-5.125,23,23,23,1,1
53.125,-5.125,23,23,23,1,1
-68.625,6.875,23,23,23,1,1
44.125,-128.375,23,23,23,1,1
43.375,-9.625,23,23,23,1,1
-47.625,169.125,23,23,23,2,2
-64.125,84.375,23,23,23,1,1
-64.125,111.375,23,23,23,1,1
36.625,-126.375,23,23,23,1,1
36.375,-3.125,23,23,23,1,1
53.375,-155.375,23,23,23,1,1
59.625,-9.375,23,23,23,1,1
36.625,-74.375,23,23,23,2,2
76.875,31.125,23,23,23,1,1
-61.375,-56.625,23,23,23,1,1
36.125,-7.875,23,23,23,1,1
71.875,15.125,23,23,23,1,1
36.875,-126.875,23,23,23,1,1
17.125,-75.625,23,23,23,5,5
72.125,-153.125,23,23,23,3,3
66.625,-11.875,23,23,23,1,1
51.125,-165.875,23,23,23,1,1
77.125,30.625,23,23,23,1,1
35.875,-125.375,23,23,23,1,1
-71.375,-106.625,23,23,23,1,1
60.875,-173.625,23,23,23,1,1
68.375,10.125,23,23,23,1,1
52.875,-156.125,23,23,23,1,1
48.125,-127.875,23,23,23,1,1
70.875,-149.125,23,23,23,2,2
70.875,-150.375,23,23,23,1,1
-71.875,-105.625,23,23,23,1,1
69.875,17.375,23,23,23,2,2
48.875,-4.375,23,23,23,1,1
-72.625,-106.125,23,23,23,1,1
71.875,-147.375,23,23,23,1,1
60.875,18.875,23,23,23,1,1
49.125,-129.875,23,23,23,2,2
59.125,-167.875,23,23,23,5,5
72.125,17.125,23,23,23,2,2
54.625,-131.375,23,23,23,1,1
-68.625,-76.375,23,23,23,1,1
19.375,-79.375,23,23,23,1,1
72.125,13.125,23,23,23,1,1
72.125,12.875,23,23,23,1,1
70.875,30.375,23,23,23,1,1
71.875,-156.375,23,23,23,1,1
25.875,-15.125,23,23,23,2,2
76.875,24.875,23,23,23,2,2
76.875,13.125,23,23,23,1,1
58.625,-9.625,23,23,23,1,1
58.875,-152.625,23,23,23,2,3
37.375,143.625,23,23,23,3,3
58.875,-168.625,23,23,23,2,2
47.625,-128.875,23,23,23,2,2
30.375,135.375,23,23,23,6,7
71.375,-164.625,23,23,23,3,4
66.625,-13.625,23,23,23,1,1
29.875,134.625,23,23,23,5,5
43.125,-66.375,23,23,23,1,1
61.125,18.875,23,23,23,1,1
70.375,-163.125,23,23,23,3,4
37.625,-9.125,23,23,23,1,1
58.625,-10.625,23,23,23,1,1
53.625,-137.125,23,23,23,2,2
47.375,-4.125,23,23,23,1,1
69.875,17.875,23,23,23,1,1
61.375,-5.375,23,23,23,1,1
-70.875,-102.375,23,23,23,1,1
70.875,-163.875,23,23,23,1,1
58.625,-170.125,23,23,23,2,2
58.375,-7.125,23,23,23,1,1
55.375,-149.375,23,23,23,1,1
42.875,-126.625,23,23,23,1,1
-50.375,-63.625,23,23,23,1,1
42.875,-66.625,23,23,23,2,3
19.625,-76.875,23,23,23,1,1
19.625,-77.125,23,23,23,1,1
19.625,-77.625,23,23,23,1,1
69.625,9.625,23,23,23,1,1
69.625,8.875,23,23,23,1,1
-26.875,113.125,23,23,23,1,1
61.375,0.625,23,23,23,1,1
-13.625,145.875,23,23,23,1,1
49.375,-129.125,23,23,23,2,2
20.875,-68.625,23,23,23,4,4
70.125,-99.125,23,23,23,1,1
65.875,7.125,23,23,23,2,2
30.875,-14.625,23,23,23,1,1
67.125,7.375,23,23,23,2,2
-69.375,-87.625,23,23,23,2,2
69.625,5.875,23,23,23,1,1
-68.375,-75.375,23,23,23,2,2
58.375,-146.875,23,23,23,2,2
76.625,27.875,23,23,23,2,2
-60.625,-52.125,23,23,23,1,1
20.125,-63.375,23,23,23,1,1
70.375,5.625,23,23,23,1,1
38.125,1.375,23,23,23,1,1
-70.125,-105.125,23,23,23,2,2
38.125,-123.625,23,23,23,3,3
69.625,-166.375,23,23,23,4,5
23.625,-17.375,23,23,23,3,4
23.625,-78.625,23,23,23,3,3
70.625,-163.875,23,23,23,3,4
-69.625,-95.875,23,23,23,3,3
76.625,14.875,23,23,23,2,2
16.625,-72.875,23,23,23,2,2
-64.875,149.125,23,23,23,1,1
58.125,-167.875,23,23,23,2,2
38.625,-124.875,23,23,23,2,2
-32.125,114.875,23,23,23,1,1
57.875,-8.375,23,23,23,1,1
47.125,-126.625,23,23,23,1,1
-63.125,-57.125,23,23,23,1,1
67.125,10.125,23,23,23,1,1
-64.125,-56.125,23,23,23,1,1
-45.625,171.375,23,23,23,1,1
-45.375,145.875,23,23,23,1,1
-66.625,67.875,23,23,23,1,1
-66.625,67.625,23,23,23,1,1
61.875,-4.375,23,23,23,1,1
38.625,134.375,23,23,23,3,3
57.875,-145.375,23,23,23,2,2
68.875,14.625,23,23,23,1,2
76.375,33.875,23,23,23,2,2
61.875,19.875,23,23,23,3,3
34.375,-73.625,23,23,23,1,1
46.875,-3.875,23,23,23,1,1
62.375,-168.125,23,23,23,2,2
34.125,-11.125,23,23,23,1,1
34.125,-11.625,23,23,23,1,1
34.125,140.375,23,23,23,5,5
-62.625,-49.875,23,23,23,1,1
12.125,-78.625,23,23,23,6,6
31.125,137.125,23,23,23,5,6
42.625,-128.375,23,23,23,1,1
19.375,-78.375,23,23,23,1,1
-65.375,150.625,23,23,23,1,1
-33.125,16.625,23,23,23,1,1
69.125,-166.375,23,23,23,3,3
69.125,-168.875,23,23,23,1,1
39.125,-126.625,23,23,23,2,2
-59.375,-67.625,23,23,23,1,1
70.125,-164.625,23,23,23,5,6
57.375,-11.125,23,23,23,1,1
76.375,27.375,23,23,23,2,2
19.625,-77.875,23,23,23,1,1
19.625,-75.875,23,23,23,1,1
19.625,-76.625,23,23,23,1,1
-51.875,-58.375,23,23,23,2,2
-44.625,-64.875,23,23,23,1,1
42.375,7.625,23,23,23,1,1
-44.375,-64.875,23,23,23,1,1
76.375,27.125,23,23,23,2,2
-59.125,-61.625,23,23,23,2,2
62.375,3.625,23,23,23,1,1
-67.875,-7.875,23,23,23,1,1
-67.875,-8.375,23,23,23,1,1
46.125,-7.625,23,23,23,1,1
76.375,19.375,23,23,23,2,2
76.375,18.625,23,23,23,2,2
76.375,18.375,23,23,23,2,2
14.125,-72.625,23,23,23,2,2
31.375,131.875,23,23,23,2,2
65.375,-12.875,23,23,23,1,1
74.125,26.375,23,23,23,1,1
63.125,-167.625,23,23,23,4,4
39.625,-71.125,23,23,23,2,2
-71.625,-86.625,23,23,23,1,1
70.375,5.375,23,23,23,1,1
70.375,-98.875,23,23,23,1,1
33.625,-12.625,23,23,23,1,1
63.375,-167.375,23,23,23,3,4
63.125,2.125,23,23,23,1,1
-58.625,-68.625,23,23,23,1,1
39.875,-125.875,23,23,23,1,1
-9.375,144.125,23,23,23,2,2
-8.625,-34.375,23,23,23,1,1
63.625,-10.875,23,23,23,1,1
63.625,-13.125,23,23,23,1,1
-67.875,-73.625,23,23,23,2,2
55.875,-151.375,23,23,23,2,2
42.125,6.875,23,23,23,1,1
42.125,-10.875,23,23,23,1,1
-64.375,142.875,23,23,23,1,1
-35.625,26.125,23,23,23,1,1
39.875,4.625,23,23,23,1,1
-35.875,26.375,23,23,23,1,1
-35.875,22.375,23,23,23,1,1
-35.875,22.125,23,23,23,1,1
45.875,-125.875,23,23,23,1,1
-57.875,-64.375,23,23,23,1,1
-57.125,-64.625,23,23,23,1,1
56.875,-7.875,23,23,23,1,1
-62.875,136.125,23,23,23,1,1
-43.875,150.125,23,23,23,1,1
73.875,16.625,23,23,23,1,1
-72.125,-108.875,23,23,23,1,1
54.625,-163.625,23,23,23,2,2
50.625,-132.875,23,23,23,1,1
63.625,-0.625,23,23,23,1,1
63.625,-0.875,23,23,23,1,1
63.625,-10.375,23,23,23,1,1
71.625,-149.125,23,23,23,1,1
-65.875,67.625,23,23,23,1,1
71.625,-155.875,23,23,23,2,2
63.625,0.125,23,23,23,1,1
56.875,-149.625,23,23,23,2,2
75.875,32.875,23,23,23,2,2
75.875,31.875,23,23,23,2,2
-68.625,-84.375,23,23,23,2,2
64.875,7.875,23,23,23,1,1
64.875,6.625,23,23,23,1,1
64.875,5.625,23,23,23,1,1
64.875,23.875,23,23,23,3,4
67.625,8.875,23,23,23,1,1
41.875,6.375,23,23,23,1,1
63.625,4.125,23,23,23,1,1
63.625,3.375,23,23,23,1,1
63.625,2.125,23,23,23,1,1
33.125,-76.875,23,23,23,1,1
32.875,137.125,23,23,23,6,7
20.625,-63.875,23,23,23,1,1
-65.625,-73.625,23,23,23,1,1
69.375,-165.125,23,23,23,4,4
-37.125,26.125,23,23,23,1,1
-37.125,25.625,23,23,23,1,1
56.125,-153.875,23,23,23,3,3
73.875,12.625,23,23,23,1,1
63.875,-164.625,23,23,23,1,1
63.875,-61.875,23,23,23,1,1
63.875,2.375,23,23,23,1,1
75.875,5.125,23,23,23,1,1
75.875,-7.375,23,23,23,1,1
54.375,-161.375,23,23,23,2,2
-0.375,-80.875,23,23,23,1,1
6.625,-84.125,23,23,23,1,1
67.875,12.375,23,23,23,1,1
50.125,172.625,23,23,23,1,1
73.125,34.375,23,23,23,1,1
56.625,-155.125,23,23,23,2,2
50.375,-0.125,23,23,23,2,2
50.375,-0.375,23,23,23,2,2
31.875,-78.125,23,23,23,1,1
31.875,-120.375,23,23,23,4,4
71.375,22.875,23,23,23,1,1
71.375,22.125,23,23,23,1,1
-42.375,-62.625,23,23,23,1,1
-42.875,179.875,23,23,23,1,1
32.625,-118.375,23,23,23,1,2
32.375,142.375,23,23,23,2,2
32.375,136.125,23,23,23,4,4
-69.875,-100.125,23,23,23,2,2
69.375,-62.625,23,23,23,1,1
75.875,-7.875,23,23,23,1,1
-63.125,140.125,23,23,23,1,1
64.125,8.375,23,23,23,2,2
56.375,-148.125,23,23,23,2,2
-52.625,-68.125,23,23,23,1,1
-68.125,-71.875,23,23,23,3,3
73.625,12.125,23,23,23,1,1
41.375,5.375,23,23,23,1,1
56.125,-147.375,23,23,23,2,2
32.375,-78.375,23,23,23,1,1
67.625,12.625,23,23,23,2,2
-63.125,127.375,23,23,23,1,1
19.875,-75.375,23,23,23,1,1
-39.875,-59.375,23,23,23,1,1
28.625,129.875,23,23,23,7,7
-63.125,126.375,23,23,23,1,1
78.375,8.875,23,23,23,1,1
78.125,30.125,23,23,23,1,1
32.125,-118.875,23,23,23,1,1
56.375,-167.125,23,23,23,1,1
54.375,-152.375,23,23,23,1,1
19.875,-74.375,23,23,23,1,1
19.875,-75.125,23,23,23,1,1
71.375,24.875,23,23,23,1,1
64.625,7.125,23,23,23,1,1
51.625,-15.875,23,23,23,1,1
13.375,-60.625,23,23,23,1,1
13.625,-61.125,23,23,23,1,1
-63.875,145.375,23,23,23,1,1
66.875,12.625,23,23,23,1,1
51.375,-168.375,23,23,23,1,1
16.875,-63.125,23,23,23,1,1
16.875,-63.625,23,23,23,1,1
26.375,-18.625,23,23,23,1,1
36.125,145.125,23,23,23,1,1
77.125,29.125,23,23,23,1,1
66.625,10.375,23,23,23,2,2
51.375,-168.125,23,23,23,1,1
-66.875,71.375,23,23,23,1,1
53.125,-13.875,22,22,22,2,2
43.625,-126.125,22,22,22,2,2
-66.125,148.625,22,22,22,1,1
71.375,-167.375,22,22,22,3,3
48.625,-130.125,22,22,22,1,1
53.125,-156.125,22,22,22,1,1
73.625,9.625,22,22,22,1,1
41.125,-9.875,22,22,22,1,1
-41.125,-60.875,22,22,22,1,1
19.875,-74.625,22,22,22,1,1
71.375,29.125,22,22,22,2,2
71.375,23.375,22,22,22,1,1
29.375,130.125,22,22,22,7,7
16.875,-63.375,22,22,22,1,1
68.375,11.875,22,22,22,2,2
74.625,10.875,22,22,22,1,1
43.375,-127.375,22,22,22,1,1
-46.875,-65.375,22,22,22,1,1
43.875,140.625,22,22,22,1,1
43.625,-66.875,22,22,22,1,1
36.625,-123.875,22,22,22,1,1
64.375,-170.625,22,22,22,2,2
7.375,-82.375,22,22,22,6,8
32.125,140.875,22,22,22,5,5
50.375,-10.125,22,22,22,1,1
41.125,-126.125,22,22,22,1,1
64.625,-0.375,22,22,22,1,1
64.625,-61.375,22,22,22,1,1
51.625,-6.125,22,22,22,1,1
51.625,-10.625,22,22,22,1,1
-63.875,114.125,22,22,22,1,1
51.625,-11.125,22,22,22,1,1
77.125,13.125,22,22,22,1,1
-68.875,-81.625,22,22,22,2,2
59.625,-8.125,22,22,22,1,1
59.625,-10.375,22,22,22,1,1
36.625,-73.125,22,22,22,1,1
36.625,-74.125,22,22,22,1,1
36.125,-122.625,22,22,22,3,3
60.625,0.875,22,22,22,1,1
60.625,0.625,22,22,22,1,1
75.625,23.125,22,22,22,1,1
-39.125,178.875,22,22,22,1,1
56.125,-152.125,22,22,22,2,2
-68.125,-69.125,22,22,22,2,2
56.375,-136.625,22,22,22,1,1
-61.375,-50.625,22,22,22,1,1
53.375,-153.875,22,22,22,1,1
59.625,-140.875,22,22,22,1,1
59.625,-141.875,22,22,22,1,1
59.625,-10.875,22,22,22,1,1
59.625,-11.625,22,22,22,1,1
26.125,-15.125,22,22,22,2,2
72.125,-153.625,22,22,22,3,3
17.625,-78.125,22,22,22,2,2
-65.125,137.375,22,22,22,1,1
-65.125,143.625,22,22,22,1,1
64.125,-7.375,22,22,22,1,1
56.625,-166.875,22,22,22,3,3
64.125,-7.625,22,22,22,1,1
32.375,-117.625,22,22,22,2,2
64.125,-6.125,22,22,22,1,1
51.875,-170.875,22,22,22,1,1
72.125,-158.375,22,22,22,2,2
-48.875,-65.375,22,22,22,1,1
66.625,-10.375,22,22,22,1,1
66.625,-10.625,22,22,22,1,1
51.125,-136.875,22,22,22,2,2
51.125,-163.375,22,22,22,1,1
66.625,-7.875,22,22,22,1,1
40.625,5.625,22,22,22,1,1
45.125,-8.375,22,22,22,1,1
50.375,-134.375,22,22,22,2,2
69.875,-167.125,22,22,22,2,3
73.875,-159.875,22,22,22,1,1
64.125,-7.875,22,22,22,1,1
64.125,-61.625,22,22,22,1,1
32.375,141.125,22,22,22,2,2
-17.125,-37.625,22,22,22,2,3
48.875,-128.125,22,22,22,2,2
48.875,-9.625,22,22,22,3,3
71.875,9.625,22,22,22,1,1
-16.125,42.625,22,22,22,1,1
26.875,-88.375,22,22,22,1,1
72.125,-132.625,22,22,22,1,1
59.375,-179.375,22,22,22,2,2
56.875,-166.125,22,22,22,1,1
22.875,-113.625,22,22,22,5,5
73.125,17.875,22,22,22,1,1
56.625,-142.375,22,22,22,1,1
63.875,7.375,22,22,22,1,1
71.125,11.875,22,22,22,2,2
67.875,12.625,22,22,22,1,1
51.875,-14.625,22,22,22,1,1
-64.625,72.375,22,22,22,1,1
70.875,-149.875,22,22,22,1,1
70.875,-150.625,22,22,22,1,1
16.875,-73.125,22,22,22,2,2
59.125,-167.125,22,22,22,2,2
59.125,-168.625,22,22,22,2,3
37.375,-0.875,22,22,22,1,1
59.125,-147.125,22,22,22,1,1
54.625,-137.625,22,22,22,1,1
-73.125,-107.625,22,22,22,2,2
21.625,-109.625,22,22,22,2,2
32.875,-13.125,22,22,22,2,2
50.125,-5.125,22,22,22,1,1
56.625,-8.875,22,22,22,2,2
56.875,-165.375,22,22,22,1,1
19.375,-69.375,22,22,22,7,7
43.125,8.625,22,22,22,1,1
19.375,-79.125,22,22,22,1,1
43.125,5.625,22,22,22,1,1
43.125,-9.875,22,22,22,1,1
72.125,13.375,22,22,22,1,1
59.125,-166.875,22,22,22,2,2
76.875,28.875,22,22,22,1,1
71.125,-167.125,22,22,22,1,1
71.875,-155.125,22,22,22,2,2
69.375,9.875,22,22,22,1,1
-68.125,-74.625,22,22,22,2,2
55.875,174.625,22,22,22,2,2
73.875,-148.625,22,22,22,2,2
41.625,-11.375,22,22,22,1,1
69.875,-166.875,22,22,22,3,4
51.625,-133.625,22,22,22,1,1
25.875,-15.375,22,22,22,2,2
68.875,-168.125,22,22,22,3,3
76.875,25.625,22,22,22,2,2
76.875,3.125,22,22,22,1,1
53.625,-158.625,22,22,22,1,1
-25.625,155.875,22,22,22,1,1
72.375,-162.375,22,22,22,4,4
58.875,-169.875,22,22,22,1,1
69.625,8.125,22,22,22,1,1
45.625,-126.625,22,22,22,1,1
40.125,147.375,22,22,22,4,4
14.625,-70.875,22,22,22,2,2
71.125,13.625,22,22,22,2,2
67.625,-61.375,22,22,22,1,1
-64.375,82.375,22,22,22,1,1
55.875,-9.625,22,22,22,1,1
63.625,5.125,22,22,22,1,1
63.625,3.875,22,22,22,1,1
63.625,3.625,22,22,22,1,1
-64.875,-67.875,22,22,22,2,2
33.125,135.375,22,22,22,7,7
28.375,-86.375,22,22,22,1,1
77.875,11.625,22,22,22,1,1
-36.625,24.625,22,22,22,1,1
-36.625,24.125,22,22,22,1,1
-70.125,-79.875,22,22,22,1,1
40.125,137.875,22,22,22,2,2
54.125,171.125,22,22,22,1,1
-36.875,25.375,22,22,22,1,1
-36.875,24.875,22,22,22,1,1
54.125,176.125,22,22,22,1,1
45.625,-11.125,22,22,22,1,1
69.625,6.875,22,22,22,1,1
69.625,6.625,22,22,22,1,1
30.375,136.125,22,22,22,4,6
71.125,31.875,22,22,22,1,1
66.625,-10.125,22,22,22,1,1
-66.625,69.875,22,22,22,1,1
-66.625,69.625,22,22,22,1,1
-66.625,69.375,22,22,22,1,1
61.125,-4.375,22,22,22,1,1
33.125,140.375,22,22,22,5,5
50.125,-130.625,22,22,22,1,1
18.875,-80.375,22,22,22,2,2
-36.375,23.875,22,22,22,1,1
77.875,28.125,22,22,22,1,1
77.875,11.875,22,22,22,1,1
71.625,-156.875,22,22,22,3,3
-64.875,-67.625,22,22,22,2,2
70.375,-146.875,22,22,22,1,1
-60.625,-58.625,22,22,22,1,1
72.375,-154.875,22,22,22,3,3
61.375,-16.875,22,22,22,1,1
53.625,-15.875,22,22,22,1,1
17.875,-75.125,22,22,22,4,4
18.125,-103.875,22,22,22,5,7
63.625,-0.125,22,22,22,1,1
63.625,-0.375,22,22,22,1,1
-66.125,30.125,22,22,22,1,1
31.625,-78.875,22,22,22,1,1
65.375,-79.125,22,22,22,1,1
51.625,-168.875,22,22,22,2,2
42.125,-70.625,22,22,22,3,3
63.625,-9.625,22,22,22,1,1
63.625,-10.125,22,22,22,1,1
42.875,-9.875,22,22,22,1,1
74.375,11.875,22,22,22,1,1
37.875,-124.375,22,22,22,1,1
53.625,-136.625,22,22,22,1,1
61.375,-0.625,22,22,22,1,1
61.625,-176.625,22,22,22,1,1
-35.375,20.875,22,22,22,1,1
-35.375,20.625,22,22,22,1,1
-35.625,112.625,22,22,22,1,1
24.875,-77.125,22,22,22,1,1
24.875,-16.375,22,22,22,2,3
-65.125,75.375,22,22,22,1,1
45.875,-5.625,22,22,22,1,1
-62.875,139.875,22,22,22,1,1
-67.625,73.875,22,22,22,1,1
65.875,-13.375,22,22,22,1,1
-68.375,-75.625,22,22,22,2,2
-68.375,-76.125,22,22,22,2,2
58.375,-148.375,22,22,22,1,1
72.375,-148.625,22,22,22,1,1
-28.375,12.875,22,22,22,1,1
-44.125,146.125,22,22,22,2,2
-72.125,-105.875,22,22,22,1,1
55.875,-166.125,22,22,22,2,2
44.625,-53.125,22,22,22,1,1
67.375,13.375,22,22,22,2,2
-35.625,21.625,22,22,22,1,1
-57.375,-63.875,22,22,22,5,5
38.125,-124.375,22,22,22,2,2
-69.875,-84.875,22,22,22,1,1
-51.125,-65.125,22,22,22,1,1
-49.875,-63.125,22,22,22,1,1
12.375,-69.375,22,22,22,2,2
12.875,-96.125,22,22,22,1,1
77.375,30.125,22,22,22,1,1
-62.625,115.125,22,22,22,1,1
72.625,23.875,22,22,22,1,1
72.625,22.375,22,22,22,1,1
46.125,-9.125,22,22,22,2,2
-35.125,19.875,22,22,22,1,1
-9.125,-34.625,22,22,22,1,1
63.625,-166.625,22,22,22,1,1
28.125,-87.125,22,22,22,1,1
63.625,-11.875,22,22,22,1,1
63.625,-12.375,22,22,22,1,1
49.375,-8.375,22,22,22,1,1
52.625,-157.375,22,22,22,1,1
21.625,-73.625,22,22,22,5,5
-66.625,69.125,22,22,22,1,1
-66.625,68.875,22,22,22,1,1
-66.625,68.625,22,22,22,1,1
-66.625,68.375,22,22,22,1,1
70.875,-161.125,22,22,22,3,3
58.125,-145.875,22,22,22,1,1
-60.125,-59.375,22,22,22,1,1
53.875,-12.375,22,22,22,2,2
33.625,140.375,22,22,22,6,7
-72.375,-104.375,22,22,22,2,2
33.625,140.625,22,22,22,3,4
63.125,-1.625,22,22,22,1,1
16.125,-75.625,22,22,22,2,2
53.875,-158.875,22,22,22,2,2
74.125,29.875,22,22,22,2,2
74.875,27.875,22,22,22,1,1
13.875,-71.875,22,22,22,2,2
-71.375,-84.875,22,22,22,1,1
-63.375,111.375,22,22,22,1,1
42.625,6.125,22,22,22,1,1
-45.625,148.875,22,22,22,1,1
71.125,-152.125,22,22,22,1,1
67.375,13.125,22,22,22,1,1
67.375,12.875,22,22,22,1,1
-63.125,111.875,22,22,22,1,1
51.375,177.875,22,22,22,1,1
50.875,-136.875,22,22,22,2,2
70.625,-147.875,22,22,22,1,1
70.625,-148.625,22,22,22,2,2
69.625,10.375,22,22,22,1,1
-66.625,65.125,22,22,22,1,1
-66.625,67.375,22,22,22,1,1
-66.625,67.125,22,22,22,1,1
71.625,33.125,22,22,22,1,1
-13.125,126.125,22,22,22,1,1
52.375,-11.125,22,22,22,1,1
76.375,34.125,22,22,22,2,2
-66.375,78.625,22,22,22,1,1
-59.875,-63.125,22,22,22,1,1
62.625,-172.875,22,22,22,1,1
76.375,17.875,22,22,22,2,2
-58.875,-64.375,22,22,22,1,1
-67.875,-7.125,22,22,22,1,1
-67.875,-8.875,22,22,22,1,1
72.625,14.375,22,22,22,2,2
46.375,-9.125,22,22,22,1,1
57.375,-168.125,22,22,22,4,4
-67.875,-10.375,22,22,22,1,1
-34.875,113.125,22,22,22,1,1
57.875,-166.625,22,22,22,2,2
-72.875,-106.625,22,22,22,1,1
-72.875,-108.125,22,22,22,2,2
76.375,34.875,22,22,22,2,2
76.375,34.375,22,22,22,2,2
46.875,-126.375,22,22,22,1,1
72.625,-160.375,22,22,22,2,2
-34.125,26.375,22,22,22,1,1
57.625,-169.125,22,22,22,1,1
46.625,-129.625,22,22,22,1,1
69.625,10.125,22,22,22,1,1
19.625,-76.375,22,22,22,1,1
-51.875,-63.625,22,22,22,1,1
55.625,-154.125,22,22,22,2,2
55.625,-149.875,22,22,22,1,1
-64.375,142.625,22,22,22,1,1
14.625,-73.375,22,22,22,2,2
21.625,-69.625,22,22,22,1,1
62.375,3.375,22,22,22,1,1
71.625,12.875,22,22,22,2,2
46.375,-4.125,22,22,22,1,1
-59.625,-60.875,22,22,22,1,1
27.625,-80.125,22,22,22,1,1
62.375,2.375,22,22,22,1,1
52.375,-157.875,22,22,22,1,1
39.375,-125.375,22,22,22,1,1
-34.125,169.625,22,22,22,9,9
38.875,-125.625,22,22,22,1,1
-32.375,13.625,22,22,22,1,1
76.375,29.625,22,22,22,2,2
52.375,-12.875,22,22,22,2,2
62.375,-167.375,22,22,22,3,3
57.625,-148.875,22,22,22,1,1
-33.625,27.375,22,22,22,1,1
71.375,-153.875,22,22,22,2,2
-65.375,138.625,22,22,22,1,1
23.625,-83.375,22,22,22,12,19
42.375,-9.875,22,22,22,1,2
74.125,31.375,22,22,22,2,2
57.625,-9.625,22,22,22,1,1
70.875,-164.375,22,22,22,2,2
76.375,21.375,22,22,22,2,2
18.375,-74.875,22,22,22,4,4
23.375,-115.375,22,22,22,5,5
70.625,-167.875,22,22,22,3,3
66.875,-5.875,22,22,22,1,1
-62.125,-56.625,22,22,22,1,1
-67.375,73.375,22,22,22,1,1
60.125,-168.875,22,22,22,2,3
60.125,-172.375,22,22,22,2,2
59.875,19.875,22,22,22,3,3
59.875,-0.625,22,22,22,1,1
53.125,-157.125,22,22,22,1,1
-65.875,148.875,22,22,22,1,1
22.125,-110.875,22,22,22,4,4
17.125,-62.875,22,22,22,1,1
77.125,28.875,22,22,22,1,1
29.625,133.375,22,22,22,5,5
66.875,-166.375,22,22,22,1,1
66.875,-166.625,22,22,22,1,1
66.875,-168.125,22,22,22,1,1
-65.625,30.125,22,22,22,1,1
51.375,-167.375,22,22,22,1,1
51.125,-135.375,22,22,22,1,1
-74.125,-104.625,21,21,21,1,1
-63.625,123.375,21,21,21,1,1
70.125,16.375,21,21,21,1,1
-63.625,111.125,21,21,21,1,1
-68.125,-4.125,21,21,21,1,1
-65.125,131.125,21,21,21,1,1
31.875,140.875,21,21,21,5,5
31.875,137.625,21,21,21,6,6
51.625,-129.625,21,21,21,1,1
66.875,9.375,21,21,21,1,1
71.875,21.875,21,21,21,1,1
48.375,-127.625,21,21,21,2,2
59.875,-172.625,21,21,21,1,1
54.875,-167.625,21,21,21,1,1
-47.625,167.875,21,21,21,1,1
43.375,-59.625,21,21,21,1,1
-68.625,77.125,21,21,21,1,1
74.625,30.625,21,21,21,1,1
-70.625,-103.375,21,21,21,1,1
-72.375,-108.625,21,21,21,1,1
-65.125,79.125,21,21,21,1,1
-33.875,28.625,21,21,21,1,1
72.625,-157.875,21,21,21,4,4
57.625,-150.125,21,21,21,2,2
68.375,4.875,21,21,21,1,1
68.375,4.625,21,21,21,1,1
68.375,-61.875,21,21,21,1,1
-64.875,-65.375,21,21,21,2,2
52.375,-158.125,21,21,21,1,1
38.875,-128.125,21,21,21,1,1
76.375,29.875,21,21,21,2,2
52.375,-14.875,21,21,21,2,2
52.375,-130.125,21,21,21,1,1
-69.125,-85.125,21,21,21,2,2
76.375,28.875,21,21,21,2,2
76.375,28.625,21,21,21,2,2
-67.875,-6.375,21,21,21,1,1
19.875,-19.375,21,21,21,3,4
69.875,-99.375,21,21,21,1,1
57.375,-167.625,21,21,21,2,2
62.125,-61.625,21,21,21,1,1
62.125,-167.875,21,21,21,1,2
34.375,-9.125,21,21,21,1,1
16.625,-101.125,21,21,21,7,9
57.875,-145.875,21,21,21,2,2
57.875,-148.875,21,21,21,2,2
38.875,-9.875,21,21,21,1,1
38.875,-11.875,21,21,21,1,1
72.625,-159.875,21,21,21,2,2
-52.125,-57.625,21,21,21,2,2
71.125,15.125,21,21,21,1,1
33.875,137.125,21,21,21,6,6
-34.625,25.875,21,21,21,1,1
16.375,-75.625,21,21,21,2,2
31.375,-11.625,21,21,21,1,1
-66.875,70.875,21,21,21,1,1
70.625,-147.625,21,21,21,1,1
19.625,-66.125,21,21,21,1,1
61.875,-61.375,21,21,21,1,1
38.625,2.125,21,21,21,1,1
38.625,0.625,21,21,21,1,1
68.875,13.625,21,21,21,1,1
-65.125,114.375,21,21,21,1,1
-64.875,79.875,21,21,21,1,1
-12.875,144.875,21,21,21,1,1
71.625,19.375,21,21,21,3,3
62.375,20.125,21,21,21,3,3
-11.375,47.875,21,21,21,1,1
39.625,1.875,21,21,21,1,1
-67.875,-9.875,21,21,21,1,1
-67.875,-10.125,21,21,21,1,1
-35.125,29.875,21,21,21,1,1
-35.125,26.125,21,21,21,1,1
-9.875,-35.125,21,21,21,1,1
33.625,-73.375,21,21,21,1,1
63.375,-172.625,21,21,21,3,3
-64.875,144.375,21,21,21,1,1
72.375,29.875,21,21,21,2,2
76.625,23.625,21,21,21,2,2
65.875,-61.375,21,21,21,1,1
-45.375,-64.125,21,21,21,1,1
-45.625,176.625,21,21,21,1,1
-45.375,149.875,21,21,21,1,1
76.625,22.125,21,21,21,2,2
61.625,-61.125,21,21,21,1,1
33.375,140.375,21,21,21,6,6
-69.625,-88.125,21,21,21,1,1
-70.125,-85.875,21,21,21,1,1
76.125,26.125,21,21,21,1,1
-34.875,26.125,21,21,21,1,1
63.625,-165.875,21,21,21,1,1
-67.875,-74.125,21,21,21,2,2
52.625,-130.375,21,21,21,1,1
-30.125,14.375,21,21,21,1,1
-30.375,114.625,21,21,21,1,1
17.875,-65.375,21,21,21,1,1
-29.875,13.875,21,21,21,1,1
62.875,2.125,21,21,21,1,1
33.625,137.375,21,21,21,4,4
33.625,129.125,21,21,21,1,1
42.125,-125.875,21,21,21,1,1
-44.125,-64.625,21,21,21,1,1
44.625,-9.625,21,21,21,1,1
74.125,10.625,21,21,21,1,1
42.125,-9.875,21,21,21,1,1
75.375,8.625,21,21,21,1,1
67.375,14.375,21,21,21,2,2
72.875,-159.625,21,21,21,3,3
-57.625,-61.875,21,21,21,1,1
-69.875,-83.875,21,21,21,1,1
74.875,24.375,21,21,21,1,1
-45.625,143.625,21,21,21,1,1
-69.625,-96.125,21,21,21,3,3
-69.875,-85.125,21,21,21,1,1
-69.875,-85.375,21,21,21,1,1
34.625,-8.625,21,21,21,1,1
-35.625,21.375,21,21,21,1,1
56.875,-9.625,21,21,21,1,1
72.875,-160.625,21,21,21,3,3
54.125,-138.125,21,21,21,2,2
72.875,-131.125,21,21,21,1,1
-57.875,-61.875,21,21,21,1,1
-5.625,-31.875,21,21,21,1,1
65.875,3.125,21,21,21,1,1
20.875,-19.125,21,21,21,2,3
21.375,-70.375,21,21,21,6,6
50.875,-136.375,21,21,21,2,2
65.875,7.875,21,21,21,1,1
-27.375,12.125,21,21,21,1,1
-63.875,-70.375,21,21,21,1,1
-29.625,13.375,21,21,21,1,1
58.375,-168.875,21,21,21,1,1
31.625,-121.125,21,21,21,1,1
51.625,-169.875,21,21,21,2,2
78.625,8.375,21,21,21,2,2
41.875,139.125,21,21,21,1,1
63.625,-10.625,21,21,21,1,1
-49.625,-62.875,21,21,21,1,1
42.875,7.125,21,21,21,1,1
-68.375,-83.875,21,21,21,1,1
37.875,-9.625,21,21,21,1,1
77.375,24.625,21,21,21,1,1
49.125,-7.875,21,21,21,1,1
34.875,-9.125,21,21,21,1,1
61.375,19.125,21,21,21,1,1
-13.625,124.875,21,21,21,1,1
58.375,-152.125,21,21,21,1,1
72.875,-158.125,21,21,21,1,1
-66.375,149.125,21,21,21,1,1
-36.125,22.875,21,21,21,1,1
70.375,7.125,21,21,21,2,2
70.375,6.625,21,21,21,1,1
77.875,28.375,21,21,21,1,1
58.625,-146.625,21,21,21,2,2
58.625,-147.875,21,21,21,1,1
70.125,-168.125,21,21,21,2,2
71.875,-164.375,21,21,21,4,4
71.875,-166.625,21,21,21,2,2
17.875,-78.625,21,21,21,2,2
58.625,-169.625,21,21,21,1,1
-68.625,-77.625,21,21,21,2,2
-49.375,-63.625,21,21,21,1,1
65.125,-61.125,21,21,21,1,1
10.875,-89.125,21,21,21,8,9
-68.625,-81.625,21,21,21,2,2
41.875,-9.875,21,21,21,1,1
-70.125,-85.125,21,21,21,1,1
56.875,-149.375,21,21,21,2,2
72.875,15.875,21,21,21,2,2
-64.125,145.625,21,21,21,1,1
66.375,7.375,21,21,21,1,1
66.625,-12.125,21,21,21,1,1
66.625,-61.125,21,21,21,1,1
74.375,15.875,21,21,21,1,1
55.125,177.125,21,21,21,2,2
16.875,-73.375,21,21,21,2,2
61.375,-167.375,21,21,21,1,2
52.125,-171.625,21,21,21,2,2
54.125,-11.375,21,21,21,1,1
70.625,10.625,21,21,21,1,1
69.375,8.375,21,21,21,1,1
44.875,-59.875,21,21,21,1,1
44.875,-9.625,21,21,21,1,1
-52.625,-64.875,21,21,21,1,1
-64.375,111.625,21,21,21,1,1
73.875,8.625,21,21,21,1,1
71.875,-157.125,21,21,21,2,2
-68.875,-76.625,21,21,21,1,1
53.625,-158.125,21,21,21,1,1
58.625,-7.375,21,21,21,2,2
47.625,-127.375,21,21,21,1,1
49.125,-8.625,21,21,21,1,1
77.375,27.125,21,21,21,1,1
64.875,7.625,21,21,21,1,1
31.625,136.625,21,21,21,5,5
67.625,9.125,21,21,21,1,1
15.375,-98.625,21,21,21,8,10
68.125,-61.625,21,21,21,1,1
71.625,-159.625,21,21,21,3,3
64.125,-171.875,21,21,21,2,2
73.125,13.375,21,21,21,2,2
73.125,-96.125,21,21,21,1,1
56.625,-148.625,21,21,21,2,2
74.875,10.125,21,21,21,1,1
74.875,9.875,21,21,21,1,1
-66.125,148.375,21,21,21,1,1
43.125,-60.875,21,21,21,1,1
-46.875,168.125,21,21,21,1,1
44.125,-7.375,21,21,21,1,1
21.375,-66.875,21,21,21,2,2
-56.125,-60.625,21,21,21,1,1
-64.375,-55.625,21,21,21,1,1
45.375,-126.125,21,21,21,2,2
-38.125,-53.875,21,21,21,1,1
56.625,-143.625,21,21,21,1,1
56.625,-145.875,21,21,21,1,1
6.875,-53.375,21,21,21,1,1
59.125,-141.875,21,21,21,1,1
59.125,-145.375,21,21,21,1,1
70.875,-146.875,21,21,21,1,1
17.625,-63.625,21,21,21,1,1
21.875,-67.125,21,21,21,2,2
49.125,-132.875,21,21,21,2,2
72.125,18.125,21,21,21,4,4
54.625,175.625,21,21,21,1,1
-36.875,176.375,21,21,21,10,10
-64.875,-66.625,21,21,21,2,2
-67.125,78.625,21,21,21,1,1
64.875,-170.125,21,21,21,2,2
9.625,-86.875,21,21,21,8,9
71.375,20.375,21,21,21,1,1
50.625,-136.125,21,21,21,2,2
50.375,175.375,21,21,21,1,1
32.625,-118.875,21,21,21,1,2
70.875,20.125,21,21,21,2,2
-71.375,-105.125,21,21,21,1,1
52.875,-13.375,21,21,21,1,1
52.875,-13.625,21,21,21,1,1
52.875,-130.375,21,21,21,1,1
48.875,-8.375,21,21,21,1,1
26.875,-91.125,21,21,21,1,1
52.875,-156.375,21,21,21,1,1
56.625,-7.125,21,21,21,1,1
-37.125,18.875,21,21,21,1,1
73.375,-96.125,21,21,21,1,1
75.625,29.625,21,21,21,1,1
7.625,-82.875,21,21,21,6,7
78.125,9.875,21,21,21,1,1
71.375,32.125,21,21,21,1,1
36.875,-9.625,21,21,21,1,1
55.125,-11.875,21,21,21,1,1
66.625,-11.625,21,21,21,1,1
51.125,-163.625,21,21,21,1,1
51.375,-162.875,21,21,21,1,1
66.625,-7.625,21,21,21,1,1
74.625,41.125,21,21,21,1,1
-68.625,8.375,21,21,21,1,1
-68.625,8.125,21,21,21,1,1
70.375,6.125,21,21,21,1,1
10.125,-87.875,21,21,21,2,2
41.375,-12.375,21,21,21,1,1
-42.125,175.625,21,21,21,1,1
41.375,-10.875,21,21,21,1,1
56.125,-152.875,21,21,21,2,2
56.125,-14.375,21,21,21,1,1
40.875,-13.125,21,21,21,1,1
-70.625,-104.625,21,21,21,2,2
76.875,29.625,21,21,21,1,1
-66.375,30.375,21,21,21,1,1
-22.125,153.375,21,21,21,1,1
-22.625,113.625,21,21,21,1,1
17.625,-73.875,21,21,21,2,2
-66.375,-68.875,21,21,21,1,1
32.375,136.875,21,21,21,3,3
64.125,-6.375,21,21,21,1,1
56.375,-7.125,21,21,21,1,1
19.875,-75.625,21,21,21,1,1
73.625,-148.875,21,21,21,1,1
56.375,-165.875,21,21,21,1,1
7.875,-85.875,21,21,21,2,2
77.125,12.125,21,21,21,1,1
-68.875,-82.625,21,21,21,3,3
59.625,-10.125,21,21,21,1,1
-70.625,-107.375,21,21,21,1,1
36.125,-74.375,21,21,21,1,1
71.875,17.625,21,21,21,2,2
-64.875,117.875,21,21,21,2,2
54.375,-159.375,21,21,21,2,2
50.375,173.875,21,21,21,1,1
70.625,8.625,21,21,21,1,1
56.125,-14.125,21,21,21,1,1
54.375,-138.625,21,21,21,1,1
79.125,9.375,21,21,21,1,1
-48.375,168.375,21,21,21,1,1
-48.375,-65.375,21,21,21,1,1
-65.875,-71.125,21,21,21,1,1
74.625,30.125,21,21,21,2,2
54.875,171.875,21,21,21,1,1
69.625,-62.875,21,21,21,1,1
66.625,-8.375,21,21,21,1,1
71.375,-166.875,21,21,21,2,2
53.125,-14.125,21,21,21,2,2
48.625,-129.125,21,21,21,1,1
53.125,-156.625,21,21,21,1,1
60.125,-60.375,21,21,21,1,1
60.125,-148.125,21,21,21,2,2
-40.875,174.375,21,21,21,5,5
56.125,-12.875,21,21,21,1,1
76.375,28.375,21,21,21,2,2
-33.625,114.375,21,21,21,1,1
67.125,13.125,21,21,21,1,1
71.375,-152.875,21,21,21,2,2
71.375,-153.125,21,21,21,2,2
65.625,-61.375,21,21,21,1,1
78.625,33.375,21,21,21,1,1
74.125,30.875,21,21,21,2,2
-59.125,-66.875,21,21,21,2,2
43.625,-58.875,21,21,21,1,1
-65.625,140.625,21,21,21,1,1
-62.125,-48.625,21,21,21,1,1
20.375,-67.625,21,21,21,1,1
-61.875,-60.875,21,21,21,2,2
66.875,-167.875,21,21,21,1,1
51.375,-166.625,21,21,21,1,1
70.125,17.375,20,20,20,2,2
55.125,-155.375,20,20,20,1,1
43.375,-57.625,20,20,20,1,1
74.625,15.375,20,20,20,1,1
51.125,-164.875,20,20,20,1,1
55.125,-12.375,20,20,20,1,1
-48.875,-61.625,20,20,20,1,1
-20.125,116.625,20,20,20,1,1
48.125,-5.625,20,20,20,1,1
48.375,-129.875,20,20,20,1,1
36.375,-123.625,20,20,20,1,1
59.875,-60.375,20,20,20,1,1
54.625,-137.875,20,20,20,1,1
55.125,-12.875,20,20,20,2,2
78.875,31.375,20,20,20,1,1
66.625,-13.875,20,20,20,1,1
66.375,-61.125,20,20,20,1,1
23.125,-114.625,20,20,20,4,4
-61.875,-49.125,20,20,20,2,2
-61.625,-68.125,20,20,20,1,1
59.625,-6.125,20,20,20,1,1
53.125,172.375,20,20,20,1,1
48.625,-6.625,20,20,20,1,1
36.125,-3.625,20,20,20,2,2
-71.375,-103.625,20,20,20,1,1
68.375,14.875,20,20,20,1,1
54.625,-139.125,20,20,20,1,1
-49.875,-64.875,20,20,20,1,1
-45.875,176.125,20,20,20,1,1
-68.375,-76.875,20,20,20,2,2
-63.375,115.375,20,20,20,1,1
67.125,7.125,20,20,20,1,1
12.875,-70.375,20,20,20,2,2
71.375,-159.625,20,20,20,2,2
65.875,4.625,20,20,20,1,1
59.375,-144.625,20,20,20,2,2
59.625,-60.375,20,20,20,1,1
-67.375,-71.375,20,20,20,1,1
59.625,-146.375,20,20,20,2,2
71.875,14.875,20,20,20,1,1
48.625,-10.625,20,20,20,1,1
59.625,-9.625,20,20,20,1,1
59.625,-7.375,20,20,20,1,1
72.125,-162.625,20,20,20,4,4
30.625,137.125,20,20,20,5,5
30.875,-118.625,20,20,20,1,1
65.875,5.625,20,20,20,1,1
20.875,-68.375,20,20,20,1,1
65.875,2.875,20,20,20,1,1
65.875,4.125,20,20,20,1,1
-51.125,-63.625,20,20,20,1,1
70.625,-163.125,20,20,20,5,6
-69.625,-96.625,20,20,20,2,2
44.625,-127.875,20,20,20,2,2
44.625,-127.125,20,20,20,1,1
-16.375,42.625,20,20,20,1,1
48.875,-10.125,20,20,20,1,1
71.875,14.625,20,20,20,1,1
-62.125,-60.125,20,20,20,1,1
-61.125,-58.125,20,20,20,1,1
-22.125,110.125,20,20,20,1,1
42.625,-125.625,20,20,20,1,1
-63.125,-66.625,20,20,20,1,1
67.125,8.375,20,20,20,4,4
-45.125,176.625,20,20,20,1,1
74.125,28.875,20,20,20,2,2
-69.625,-104.625,20,20,20,2,2
59.125,-141.125,20,20,20,1,1
48.125,-131.375,20,20,20,2,2
76.875,26.125,20,20,20,2,2
-23.375,40.625,20,20,20,1,1
59.375,-167.375,20,20,20,1,2
59.125,-9.625,20,20,20,1,1
52.875,-157.625,20,20,20,1,1
-69.625,-97.375,20,20,20,2,2
78.625,31.875,20,20,20,1,1
12.125,-93.625,20,20,20,1,1
31.375,-78.625,20,20,20,1,1
29.125,-94.125,20,20,20,1,1
42.375,-127.375,20,20,20,2,2
-44.625,-64.125,20,20,20,1,1
74.125,13.375,20,20,20,1,1
76.875,29.375,20,20,20,1,1
47.875,-128.625,20,20,20,2,2
37.375,-124.875,20,20,20,2,2
68.375,7.875,20,20,20,1,1
-62.375,114.625,20,20,20,1,1
-62.375,115.125,20,20,20,1,1
-72.875,-84.875,20,20,20,1,1
69.875,17.125,20,20,20,1,1
37.125,142.625,20,20,20,4,4
69.625,10.875,20,20,20,1,1
-69.875,-92.125,20,20,20,2,2
-69.875,-91.875,20,20,20,2,2
10.875,-59.375,20,20,20,1,1
10.875,-57.125,20,20,20,1,1
-71.125,-103.125,20,20,20,1,1
-68.625,-79.375,20,20,20,2,2
44.625,-49.875,20,20,20,1,1
44.625,-11.125,20,20,20,1,1
69.375,12.375,20,20,20,2,2
69.375,12.875,20,20,20,2,2
78.375,34.125,20,20,20,1,1
51.625,-169.375,20,20,20,2,2
50.625,-12.375,20,20,20,1,1
-67.375,-82.125,20,20,20,1,1
17.625,-77.625,20,20,20,2,2
35.125,-7.375,20,20,20,3,3
61.125,-173.125,20,20,20,1,1
61.125,-171.375,20,20,20,1,1
61.125,-170.125,20,20,20,1,1
68.375,6.625,20,20,20,1,1
68.375,6.875,20,20,20,1,1
68.375,7.125,20,20,20,1,1
59.125,-60.125,20,20,20,1,1
58.625,-146.875,20,20,20,2,2
61.375,-169.875,20,20,20,1,1
68.375,6.375,20,20,20,1,1
72.125,23.125,20,20,20,1,1
37.625,-124.875,20,20,20,3,3
-66.125,66.125,20,20,20,1,1
-64.375,83.625,20,20,20,1,1
73.875,16.375,20,20,20,1,1
41.875,6.625,20,20,20,1,1
54.625,-161.875,20,20,20,1,1
64.875,7.125,20,20,20,1,1
51.625,-135.375,20,20,20,2,2
69.875,-165.625,20,20,20,3,3
41.625,5.875,20,20,20,1,1
44.875,-12.625,20,20,20,2,2
22.875,-17.375,20,20,20,2,2
50.375,175.125,20,20,20,1,1
71.375,21.125,20,20,20,2,2
31.875,-120.625,20,20,20,4,4
75.375,30.125,20,20,20,1,1
25.875,-76.625,20,20,20,1,1
61.375,-5.625,20,20,20,1,1
61.375,-4.625,20,20,20,1,1
71.875,-165.125,20,20,20,4,4
70.125,-167.625,20,20,20,3,3
47.375,-5.125,20,20,20,1,1
47.625,-130.625,20,20,20,1,1
58.625,-59.625,20,20,20,1,1
37.625,-0.375,20,20,20,1,1
-41.125,-61.125,20,20,20,1,1
45.125,-128.875,20,20,20,1,1
44.875,-52.125,20,20,20,1,1
70.625,9.375,20,20,20,1,1
70.625,9.625,20,20,20,1,1
-68.125,-70.875,20,20,20,2,2
67.625,11.875,20,20,20,1,1
8.375,-84.125,20,20,20,6,8
20.125,-73.875,20,20,20,1,1
76.625,30.875,20,20,20,1,1
-27.125,153.375,20,20,20,1,1
72.375,13.375,20,20,20,1,1
53.625,171.625,20,20,20,1,1
61.625,-174.375,20,20,20,1,1
-70.875,-81.375,20,20,20,1,1
61.375,0.375,20,20,20,1,1
49.125,-5.875,20,20,20,1,1
37.875,-125.375,20,20,20,1,1
58.375,-7.625,20,20,20,1,1
58.125,-145.125,20,20,20,1,1
-67.625,-70.875,20,20,20,2,2
38.375,14.625,20,20,20,1,1
16.625,-73.125,20,20,20,2,2
52.625,-12.875,20,20,20,1,2
58.125,-138.875,20,20,20,2,2
-68.125,-3.375,20,20,20,1,1
67.875,-167.625,20,20,20,2,2
73.625,-159.875,20,20,20,1,1
-73.375,-106.375,20,20,20,1,1
-68.125,-4.875,20,20,20,1,1
-72.625,-84.125,20,20,20,1,1
64.375,-167.125,20,20,20,1,1
64.375,-13.125,20,20,20,1,1
64.375,0.125,20,20,20,1,1
-65.125,124.875,20,20,20,1,1
-68.125,-1.625,20,20,20,1,1
68.875,14.125,20,20,20,1,1
38.625,-9.875,20,20,20,1,1
57.875,-144.625,20,20,20,2,2
71.625,31.875,20,20,20,1,1
-13.125,-38.125,20,20,20,1,1
53.875,-159.625,20,20,20,1,1
57.875,-11.875,20,20,20,2,2
18.875,-80.875,20,20,20,2,2
-38.625,-57.875,20,20,20,1,1
64.125,-7.125,20,20,20,1,1
70.375,6.375,20,20,20,1,1
-69.875,-98.875,20,20,20,2,2
-64.625,72.625,20,20,20,1,1
40.625,144.375,20,20,20,5,5
-60.375,-52.625,20,20,20,1,1
53.875,-10.875,20,20,20,1,1
57.875,-149.375,20,20,20,3,3
-73.125,-85.625,20,20,20,1,1
38.875,-128.375,20,20,20,1,1
-66.625,70.375,20,20,20,1,1
16.375,-72.875,20,20,20,2,2
73.125,34.875,20,20,20,1,1
51.875,-14.125,20,20,20,1,1
67.875,11.375,20,20,20,1,1
64.125,-169.625,20,20,20,1,1
32.625,136.375,20,20,20,2,2
54.375,-162.125,20,20,20,3,3
73.125,18.125,20,20,20,1,1
45.375,-126.375,20,20,20,3,3
45.375,-49.625,20,20,20,1,1
-37.375,-56.125,20,20,20,1,1
-66.875,-72.375,20,20,20,2,2
71.625,-159.375,20,20,20,2,3
-0.875,-81.625,20,20,20,1,1
-55.875,-61.375,20,20,20,1,1
-56.625,-59.875,20,20,20,1,1
-56.375,-65.125,20,20,20,1,1
72.875,35.125,20,20,20,1,1
-32.625,15.875,20,20,20,1,1
57.625,-11.875,20,20,20,2,2
-33.125,113.875,20,20,20,1,1
62.375,-1.375,20,20,20,1,1
62.375,-167.875,20,20,20,3,4
76.375,31.875,20,20,20,3,3
38.875,3.125,20,20,20,2,2
46.875,-125.375,20,20,20,2,2
57.375,-8.625,20,20,20,1,1
70.125,-164.125,20,20,20,4,4
70.125,-163.875,20,20,20,3,3
71.625,14.375,20,20,20,2,2
25.125,-15.875,20,20,20,2,2
76.375,20.875,20,20,20,1,1
-66.125,-69.125,20,20,20,1,1
-65.625,-74.125,20,20,20,1,1
63.875,-172.375,20,20,20,3,3
-56.375,-60.375,20,20,20,1,1
-56.125,-65.125,20,20,20,1,1
40.375,-125.375,20,20,20,1,1
-36.625,-54.125,20,20,20,1,1
-36.875,-54.625,20,20,20,1,1
-69.875,-105.125,20,20,20,2,2
40.125,4.875,20,20,20,2,2
56.875,-144.125,20,20,20,1,1
40.125,142.875,20,20,20,1,2
50.125,-133.375,20,20,20,2,2
70.375,6.875,20,20,20,1,1
-36.125,23.125,20,20,20,1,1
-36.125,29.875,20,20,20,1,1
39.375,-71.125,20,20,20,1,1
57.375,-144.875,20,20,20,2,2
62.625,-173.875,20,20,20,2,2
62.625,-175.125,20,20,20,2,2
-11.125,130.125,20,20,20,1,1
71.625,12.625,20,20,20,2,2
76.375,26.875,20,20,20,2,2
57.375,-7.875,20,20,20,1,1
-67.875,30.375,20,20,20,1,1
70.625,13.125,20,20,20,1,1
-36.125,17.625,20,20,20,1,1
56.875,-10.625,20,20,20,1,1
18.625,-64.875,20,20,20,1,1
72.875,-159.875,20,20,20,3,3
56.875,-8.125,20,20,20,2,2
33.875,-76.375,20,20,20,1,1
77.625,27.625,20,20,20,1,1
77.625,29.375,20,20,20,1,1
76.125,30.625,20,20,20,1,1
76.125,31.375,20,20,20,1,1
57.375,-165.375,20,20,20,2,2
46.375,-10.375,20,20,20,2,2
-57.625,-64.375,20,20,20,1,1
-35.125,15.625,20,20,20,1,1
57.125,-140.625,20,20,20,1,1
33.125,137.125,20,20,20,5,5
-8.125,-34.625,20,20,20,1,1
57.125,-136.375,20,20,20,1,1
-70.125,-90.625,20,20,20,2,2
-58.375,-64.375,20,20,20,1,1
52.125,-134.375,20,20,20,1,1
63.125,7.125,20,20,20,1,1
63.125,-62.375,20,20,20,1,1
19.875,-18.875,20,20,20,2,2
-65.375,69.125,20,20,20,1,1
-35.125,20.125,20,20,20,1,1
-71.625,-87.125,20,20,20,1,1
-63.625,123.875,20,20,20,1,1
51.125,-132.125,20,20,20,1,1
66.625,-8.125,20,20,20,1,1
-47.875,-65.625,20,20,20,1,1
43.375,-59.375,20,20,20,1,1
43.375,-52.875,20,20,20,1,1
70.625,-168.875,20,20,20,2,2
54.875,-165.875,20,20,20,2,2
67.125,-61.125,20,20,20,1,1
66.875,9.125,20,20,20,1,1
13.875,-95.125,20,20,20,7,9
13.375,-69.625,20,20,20,2,2
43.625,-58.375,20,20,20,1,1
70.625,-168.125,20,20,20,3,3
43.875,-127.875,20,20,20,1,1
54.875,-152.625,20,20,20,1,1
-69.625,-103.625,20,20,20,2,2
-74.375,-107.375,19,19,19,2,2
54.875,-139.125,19,19,19,1,1
69.625,4.875,19,19,19,1,1
70.625,-166.875,19,19,19,2,3
26.375,-76.625,19,19,19,1,1
-19.125,149.625,19,19,19,1,1
-67.375,73.125,19,19,19,1,1
-62.125,-58.125,19,19,19,1,1
-61.875,-67.875,19,19,19,1,1
-61.875,-63.125,19,19,19,2,2
-49.625,-64.875,19,19,19,1,1
55.125,175.875,19,19,19,1,1
55.125,176.125,19,19,19,1,1
74.375,16.875,19,19,19,1,1
74.375,20.875,19,19,19,1,1
51.375,-15.125,19,19,19,1,1
66.625,-168.625,19,19,19,2,2
66.375,-13.625,19,19,19,1,1
55.375,-157.375,19,19,19,2,2
55.125,177.625,19,19,19,1,1
46.125,-7.875,19,19,19,1,1
57.375,-148.875,19,19,19,2,2
46.375,-8.875,19,19,19,1,1
-58.875,-64.875,19,19,19,1,1
-58.375,-69.125,19,19,19,1,1
-35.125,15.125,19,19,19,1,1
57.125,-140.875,19,19,19,1,1
72.875,-159.375,19,19,19,3,3
57.125,-166.375,19,19,19,3,3
63.625,-62.125,19,19,19,1,1
28.125,-92.625,19,19,19,1,1
33.375,-11.625,19,19,19,1,1
33.375,-9.375,19,19,19,4,5
46.125,-125.875,19,19,19,2,2
76.125,16.375,19,19,19,2,2
39.875,-125.125,19,19,19,1,1
-59.125,-64.875,19,19,19,1,1
69.125,9.625,19,19,19,1,1
70.625,12.875,19,19,19,1,1
54.125,-136.625,19,19,19,1,1
33.125,139.625,19,19,19,4,5
45.875,-126.625,19,19,19,1,1
56.875,-11.625,19,19,19,1,1
56.875,-10.875,19,19,19,1,1
56.875,-9.875,19,19,19,1,1
54.125,-155.625,19,19,19,2,2
-58.625,-64.375,19,19,19,1,1
-34.875,15.875,19,19,19,1,1
-34.875,25.875,19,19,19,1,1
27.875,-15.375,19,19,19,2,2
62.875,-62.375,19,19,19,1,1
52.375,-158.625,19,19,19,1,1
-66.875,-71.875,19,19,19,2,3
-36.625,17.125,19,19,19,1,1
-64.625,-70.875,19,19,19,1,1
56.875,-146.375,19,19,19,2,2
40.125,144.125,19,19,19,2,2
50.125,-13.125,19,19,19,1,1
50.125,-135.125,19,19,19,2,2
-62.875,112.875,19,19,19,1,1
68.125,5.875,19,19,19,1,1
68.125,6.125,19,19,19,1,1
72.625,12.125,19,19,19,1,1
-67.875,-9.375,19,19,19,1,1
-62.625,-55.875,19,19,19,2,2
33.875,-10.375,19,19,19,1,1
33.875,140.375,19,19,19,7,7
-71.625,-106.125,19,19,19,2,2
-34.125,26.625,19,19,19,1,1
54.125,-167.125,19,19,19,1,1
68.375,5.375,19,19,19,1,1
34.125,-10.125,19,19,19,1,1
52.375,-136.625,19,19,19,1,1
52.375,-135.125,19,19,19,1,1
39.125,3.625,19,19,19,1,1
-33.375,113.625,19,19,19,1,1
-33.375,17.375,19,19,19,1,1
70.875,-167.375,19,19,19,3,3
-36.875,170.875,19,19,19,5,5
-73.125,-108.125,19,19,19,1,1
70.625,13.375,19,19,19,1,1
70.625,13.625,19,19,19,1,1
69.375,-167.375,19,19,19,2,2
70.375,-164.875,19,19,19,3,4
75.875,6.875,19,19,19,1,1
75.875,7.125,19,19,19,1,1
73.125,14.875,19,19,19,2,2
-55.875,-64.875,19,19,19,2,2
-37.375,177.625,19,19,19,10,10
-37.625,-53.375,19,19,19,1,1
73.125,-131.875,19,19,19,1,1
71.625,-157.375,19,19,19,5,6
38.875,143.875,19,19,19,2,2
77.375,33.375,19,19,19,1,1
34.125,136.875,19,19,19,4,5
34.125,140.625,19,19,19,5,6
49.625,-130.625,19,19,19,2,2
72.625,-161.625,19,19,19,3,5
38.875,-69.875,19,19,19,1,1
57.625,-8.125,19,19,19,1,1
46.875,-8.625,19,19,19,2,2
-32.625,16.875,19,19,19,2,2
53.875,176.125,19,19,19,2,2
27.375,-84.125,19,19,19,1,1
16.125,-67.125,19,19,19,1,1
-64.875,80.875,19,19,19,1,1
-12.875,127.625,19,19,19,1,1
61.875,-1.375,19,19,19,1,1
76.625,3.875,19,19,19,1,1
-64.125,117.875,19,19,19,1,1
75.625,29.375,19,19,19,1,1
64.125,-170.125,19,19,19,1,1
64.125,-169.875,19,19,19,1,1
63.875,3.875,19,19,19,1,1
56.625,-148.375,19,19,19,2,2
56.625,-141.625,19,19,19,1,1
78.125,9.625,19,19,19,1,1
32.375,-11.375,19,19,19,1,1
32.375,129.125,19,19,19,2,2
21.375,-73.625,19,19,19,5,5
-65.125,-67.375,19,19,19,2,2
-69.875,-99.875,19,19,19,2,2
40.875,-126.125,19,19,19,1,1
40.875,-125.375,19,19,19,1,1
56.625,-165.875,19,19,19,1,1
-38.875,179.125,19,19,19,1,1
-38.625,-54.375,19,19,19,1,1
32.375,140.875,19,19,19,7,7
32.375,137.625,19,19,19,6,6
69.875,-163.625,19,19,19,2,2
-69.875,-99.375,19,19,19,3,3
56.625,-154.875,19,19,19,2,2
61.875,-174.125,19,19,19,1,1
-12.625,45.125,19,19,19,1,1
71.625,23.875,19,19,19,2,2
71.625,33.375,19,19,19,1,1
38.375,1.875,19,19,19,1,1
-70.125,-101.625,19,19,19,2,2
53.875,-136.625,19,19,19,1,1
-68.125,-0.875,19,19,19,1,1
40.875,4.625,19,19,19,1,1
40.875,136.875,19,19,19,2,2
-68.125,-2.625,19,19,19,1,1
56.375,-152.125,19,19,19,2,2
73.375,35.125,19,19,19,1,1
64.375,-168.375,19,19,19,1,1
50.375,-12.875,19,19,19,1,1
50.375,-12.625,19,19,19,1,1
67.875,-61.625,19,19,19,1,1
54.375,-153.625,19,19,19,2,2
-68.125,-4.625,19,19,19,1,1
-68.125,-3.125,19,19,19,1,1
41.125,-125.625,19,19,19,1,1
73.625,-147.125,19,19,19,2,2
-40.625,173.875,19,19,19,5,5
45.125,-125.375,19,19,19,2,2
-63.125,127.875,19,19,19,1,1
67.625,12.875,19,19,19,1,1
64.375,-168.625,19,19,19,1,1
45.125,-51.625,19,19,19,1,1
-53.375,-64.875,19,19,19,1,1
-68.125,-2.375,19,19,19,1,1
68.875,13.875,19,19,19,1,1
-72.125,-83.625,19,19,19,1,1
38.375,1.625,19,19,19,1,1
72.375,24.375,19,19,19,2,2
38.375,14.375,19,19,19,1,1
38.375,17.875,19,19,19,1,1
61.625,-169.375,19,19,19,1,1
-63.875,-56.375,19,19,19,1,1
58.125,-7.375,19,19,19,1,1
38.125,134.375,19,19,19,2,2
58.125,-144.875,19,19,19,1,1
71.375,29.375,19,19,19,2,2
70.625,9.875,19,19,19,1,1
70.625,10.125,19,19,19,1,1
56.125,-12.625,19,19,19,1,1
-69.875,-95.125,19,19,19,2,2
-69.375,-99.625,19,19,19,1,1
64.625,-167.875,19,19,19,3,3
61.375,-3.125,19,19,19,1,1
72.375,-161.375,19,19,19,1,1
-64.375,-66.375,19,19,19,1,1
69.375,6.125,19,19,19,1,1
70.625,7.625,19,19,19,1,1
70.625,8.375,19,19,19,1,1
-68.125,-71.125,19,19,19,2,2
50.375,0.375,19,19,19,1,1
51.625,-15.625,19,19,19,1,1
28.875,-89.375,19,19,19,1,1
-60.625,-51.875,19,19,19,1,1
58.375,-138.375,19,19,19,1,1
72.375,13.125,19,19,19,1,1
61.375,19.625,19,19,19,2,2
34.875,-122.875,19,19,19,1,1
58.125,-149.625,19,19,19,1,1
-43.625,176.625,19,19,19,2,2
69.375,6.875,19,19,19,1,1
69.375,7.125,19,19,19,1,1
69.375,7.375,19,19,19,1,1
69.375,7.625,19,19,19,1,1
50.375,175.625,19,19,19,1,1
56.125,-150.625,19,19,19,1,1
-41.375,174.375,19,19,19,1,1
73.625,30.125,19,19,19,1,1
41.375,5.625,19,19,19,1,1
-64.375,-67.625,19,19,19,2,2
53.625,-13.625,19,19,19,1,1
34.875,-7.625,19,19,19,5,5
61.375,-2.375,19,19,19,1,1
71.875,-165.375,19,19,19,4,4
71.875,-164.875,19,19,19,4,4
72.375,-155.875,19,19,19,5,5
61.125,-2.125,19,19,19,1,1
16.875,-76.375,19,19,19,2,2
71.875,-161.625,19,19,19,1,2
47.625,-127.125,19,19,19,1,1
72.375,-163.125,19,19,19,2,2
47.625,-9.125,19,19,19,1,1
76.875,-136.375,19,19,19,1,1
76.875,3.875,19,19,19,1,1
-60.875,-54.125,19,19,19,1,1
50.625,-130.875,19,19,19,1,1
67.625,9.625,19,19,19,1,1
-42.875,-63.125,19,19,19,1,1
73.875,14.375,19,19,19,1,1
56.125,-157.875,19,19,19,2,2
-43.375,-63.625,19,19,19,1,1
74.125,9.625,19,19,19,1,1
69.375,10.875,19,19,19,1,1
69.375,11.125,19,19,19,1,1
69.375,12.125,19,19,19,1,1
51.625,-168.625,19,19,19,2,2
65.125,8.375,19,19,19,1,1
71.375,17.375,19,19,19,1,2
51.625,-161.625,19,19,19,2,2
-52.625,-63.375,19,19,19,1,1
76.875,25.125,19,19,19,2,2
72.125,20.375,19,19,19,2,2
35.125,-8.375,19,19,19,1,1
35.125,-7.625,19,19,19,1,1
35.125,139.125,19,19,19,2,2
70.875,31.625,19,19,19,1,1
58.625,-150.125,19,19,19,2,2
68.375,7.375,19,19,19,1,1
68.375,8.125,19,19,19,1,1
68.375,8.625,19,19,19,1,1
49.125,-129.625,19,19,19,1,1
-63.875,110.875,19,19,19,1,1
68.625,11.625,19,19,19,1,1
17.875,-74.125,19,19,19,2,2
-64.375,141.875,19,19,19,1,1
-70.875,-108.125,19,19,19,1,1
75.375,8.375,19,19,19,1,1
74.125,16.375,19,19,19,1,1
55.875,-165.125,19,19,19,1,1
55.875,-164.375,19,19,19,1,1
42.125,4.625,19,19,19,1,1
42.125,4.875,19,19,19,1,1
-44.375,151.375,19,19,19,1,1
37.125,-127.125,19,19,19,2,2
59.375,-167.125,19,19,19,1,1
59.125,-8.875,19,19,19,1,1
59.125,-7.875,19,19,19,1,1
59.125,-7.625,19,19,19,1,1
72.125,9.625,19,19,19,1,1
72.125,9.875,19,19,19,1,1
52.875,-137.875,19,19,19,1,1
-69.625,-97.625,19,19,19,2,2
65.625,5.375,19,19,19,1,1
67.375,-61.375,19,19,19,1,1
-64.125,-64.875,19,19,19,1,1
-44.625,148.625,19,19,19,2,2
-44.875,171.875,19,19,19,1,1
-64.125,-67.125,19,19,19,2,2
55.625,-150.375,19,19,19,1,1
-71.375,-106.375,19,19,19,2,2
-61.375,-64.125,19,19,19,1,1
72.125,-158.625,19,19,19,2,2
-21.875,-40.625,19,19,19,3,3
-22.625,40.375,19,19,19,1,1
42.625,-68.875,19,19,19,2,2
50.875,-135.625,19,19,19,2,2
-63.375,90.125,19,19,19,1,1
-71.375,-84.625,19,19,19,1,1
71.375,-151.375,19,19,19,2,2
67.125,10.375,19,19,19,1,1
67.125,11.125,19,19,19,1,1
-63.125,-59.625,19,19,19,2,2
-63.125,-59.375,19,19,19,2,2
74.875,27.625,19,19,19,1,1
59.125,-5.625,19,19,19,1,1
17.125,-64.875,19,19,19,1,1
35.875,140.875,19,19,19,3,3
60.625,-168.625,19,19,19,1,2
35.875,-5.375,19,19,19,3,3
35.875,-3.375,19,19,19,1,1
36.625,-12.625,19,19,19,1,1
65.875,3.625,19,19,19,1,1
65.875,4.375,19,19,19,1,1
-50.625,-64.875,19,19,19,1,1
44.375,-9.375,19,19,19,1,1
69.625,-164.625,19,19,19,2,2
52.875,-136.125,19,19,19,2,2
35.625,-74.125,19,19,19,1,1
71.875,8.875,19,19,19,1,1
71.875,9.125,19,19,19,1,1
-17.375,147.125,19,19,19,1,1
77.125,12.375,19,19,19,1,1
59.875,-168.375,19,19,19,3,3
59.625,-0.375,19,19,19,1,1
48.625,-9.875,19,19,19,1,1
48.625,-9.375,19,19,19,1,1
71.875,22.375,19,19,19,1,1
36.125,-6.875,19,19,19,3,3
-18.875,148.375,19,19,19,1,1
55.375,-140.875,19,19,19,1,1
-45.875,171.125,19,19,19,1,1
50.875,-129.375,19,19,19,1,1
66.125,9.625,19,19,19,1,1
-65.125,119.875,19,19,19,1,1
71.375,-160.125,19,19,19,3,3
30.875,131.875,19,19,19,5,5
17.125,-73.375,19,19,19,2,2
66.875,-61.125,19,19,19,1,1
74.625,30.875,19,19,19,2,2
55.125,-155.125,19,19,19,1,1
55.125,-148.125,19,19,19,1,1
-68.625,7.625,19,19,19,1,1
66.625,6.375,19,19,19,1,1
29.875,133.125,19,19,19,5,5
51.375,-162.125,19,19,19,1,1
51.125,-165.125,19,19,19,1,1
43.125,-61.375,19,19,19,1,1
43.125,7.875,19,19,19,1,1
48.375,-6.875,19,19,19,1,1
48.625,-132.375,19,19,19,1,1
48.375,-127.125,19,19,19,2,3
48.375,-7.125,19,19,19,1,1
-19.375,119.375,19,19,19,1,1
-58.125,-63.125,19,19,19,2,2
15.875,-72.125,19,19,19,2,2
49.875,-128.625,19,19,19,1,1
77.625,12.125,19,19,19,2,2
39.625,-124.375,19,19,19,1,1
51.375,-167.625,19,19,19,1,1
66.625,9.625,19,19,19,1,1
-47.625,-65.625,19,19,19,1,1
43.875,-11.875,19,19,19,1,1
74.625,24.625,19,19,19,2,2
-48.125,-60.625,19,19,19,1,1
43.375,-53.375,19,19,19,1,1
54.875,-154.625,19,19,19,1,1
17.125,-77.125,19,19,19,2,2
-63.875,144.625,19,19,19,1,1
13.625,-97.875,19,19,19,1,1
-63.625,111.875,18,18,18,1,1
79.375,31.375,18,18,18,1,1
68.125,5.625,18,18,18,1,1
28.375,-92.875,18,18,18,1,1
-32.625,15.625,18,18,18,1,1
51.125,-164.375,18,18,18,1,1
36.375,-8.625,18,18,18,2,2
60.375,-146.375,18,18,13,2,2
78.375,9.375,18,18,18,1,1
78.375,10.375,18,18,18,1,1
70.625,13.875,18,18,18,2,2
70.625,6.625,18,18,18,1,1
-33.375,27.625,18,18,18,1,1
72.375,32.625,18,18,18,2,2
72.375,34.625,18,18,18,1,1
38.625,142.625,18,18,18,1,1
72.625,-96.125,18,18,18,1,1
78.375,10.625,18,18,18,1,1
78.375,34.375,18,18,18,1,1
50.625,-7.125,18,18,18,1,1
50.875,-15.625,18,18,18,1,1
50.875,-132.875,18,18,18,2,2
72.625,-157.625,18,18,18,2,2
68.125,7.125,18,18,18,1,1
68.125,7.375,18,18,18,1,1
-68.625,-76.125,18,18,18,1,1
-31.625,13.625,18,18,18,1,1
-31.375,114.625,18,18,18,1,1
44.375,-13.375,18,18,18,1,1
67.875,8.125,18,18,18,1,1
28.625,129.625,18,18,18,6,6
67.875,8.875,18,18,18,1,1
-33.875,26.875,18,18,18,1,1
68.375,5.875,18,18,18,1,1
-30.375,14.625,18,18,18,2,2
-64.875,145.125,18,18,18,1,1
57.875,-59.125,18,18,18,1,1
67.375,10.625,18,18,18,1,1
18.625,-79.875,18,18,18,2,2
70.625,11.125,18,18,18,1,1
70.625,11.375,18,18,18,1,1
-70.625,-107.625,18,18,18,1,1
26.875,-89.125,18,18,18,1,1
44.375,-127.125,18,18,18,1,1
44.125,-11.875,18,18,18,2,2
54.875,-165.125,18,18,18,2,2
72.875,-160.375,18,18,18,3,3
54.375,-131.125,18,18,18,1,1
67.125,13.875,18,18,18,1,1
45.625,-127.125,18,18,18,1,1
45.375,-10.125,18,18,18,2,2
72.875,-96.125,18,18,18,1,1
50.625,-129.125,18,18,18,1,1
-62.625,-59.125,18,18,18,2,2
50.625,-12.875,18,18,18,1,1
51.625,-169.625,18,18,18,2,2
56.375,-136.375,18,18,18,1,1
54.375,-159.125,18,18,18,1,1
-71.375,-103.375,18,18,18,1,1
57.625,-144.875,18,18,18,1,1
-26.625,11.375,18,18,18,1,1
72.375,-149.375,18,18,18,1,1
-36.375,18.625,18,18,18,1,1
72.375,-96.125,18,18,18,1,1
72.375,-157.375,18,18,18,2,2
-64.875,125.125,18,18,18,1,1
38.375,12.125,18,18,18,1,1
38.375,13.625,18,18,18,1,1
66.875,-166.125,18,18,18,1,1
29.625,-87.375,18,18,18,2,2
29.625,-14.875,18,18,18,1,1
66.875,6.125,18,18,18,1,1
77.375,34.625,18,18,18,1,1
-62.625,-53.875,18,18,18,1,1
-62.625,-53.625,18,18,18,1,1
50.625,-132.625,18,18,18,1,1
-72.125,-106.125,18,18,18,1,1
-68.125,-0.625,18,18,18,1,1
-68.125,-0.125,18,18,18,1,1
60.625,-64.375,18,18,18,1,1
-66.375,-69.125,18,18,18,1,1
68.625,13.625,18,18,18,1,1
-69.625,-102.875,18,18,18,2,2
54.875,-152.125,18,18,18,2,2
-71.625,-86.375,18,18,18,1,1
43.625,-58.125,18,18,18,1,1
-24.625,112.875,18,18,18,1,1
39.125,-125.375,18,18,18,2,2
70.625,17.375,18,18,18,2,2
18.625,-105.125,18,18,18,6,8
-62.625,-58.875,18,18,18,1,1
50.375,0.125,18,18,18,1,1
66.625,-7.125,18,18,18,1,1
73.125,-161.125,18,18,18,1,1
-37.625,-56.875,18,18,18,1,1
-67.625,-82.625,18,18,18,1,1
30.375,132.375,18,18,18,6,6
36.625,-71.625,18,18,18,5,5
36.625,-8.875,18,18,18,1,1
60.875,-178.625,18,18,18,1,1
-62.625,-53.125,18,18,18,1,1
-62.625,-52.875,18,18,18,1,1
73.125,-138.875,18,18,18,1,1
73.125,-132.125,18,18,18,1,1
43.625,-58.625,18,18,18,1,1
72.125,9.375,18,18,18,1,1
72.125,10.125,18,18,18,1,1
-23.875,40.875,18,18,18,1,1
46.125,-128.375,18,18,18,1,1
-38.125,-57.625,18,18,18,2,2
73.125,16.375,18,18,18,1,1
73.125,19.375,18,18,18,1,1
-38.375,-57.875,18,18,18,1,1
69.375,4.875,18,18,18,1,1
69.375,5.125,18,18,18,1,1
69.375,5.375,18,18,18,1,1
58.125,-8.375,18,18,18,1,1
58.125,-139.375,18,18,18,2,2
18.375,-87.375,18,18,18,5,6
60.875,-170.625,18,18,18,1,1
77.125,33.875,18,18,18,1,1
-64.625,80.875,18,18,18,1,1
55.125,-164.875,18,18,18,1,1
24.125,-16.625,18,18,18,2,2
73.125,34.125,18,18,18,1,1
73.125,35.875,18,18,18,1,1
-70.125,-106.375,18,18,18,1,1
30.875,130.375,18,18,18,1,1
69.375,12.625,18,18,18,1,1
-62.125,-64.875,18,18,18,1,1
50.375,-1.375,18,18,18,1,1
56.625,-142.625,18,18,18,1,1
53.875,-156.125,18,18,18,1,1
-68.625,-97.625,18,18,18,2,2
53.875,-137.375,18,18,18,1,1
23.375,-115.125,18,18,18,4,4
-64.875,116.375,18,18,18,1,1
71.875,22.625,18,18,18,1,1
-70.375,-83.875,18,18,18,1,1
-40.625,174.125,18,18,18,5,5
57.375,-147.125,18,18,18,1,1
57.375,-150.625,18,18,18,3,4
71.875,9.875,18,18,18,1,1
31.125,138.125,18,18,18,1,1
73.625,23.125,18,18,18,1,1
70.875,13.125,18,18,18,1,1
70.875,-147.125,18,18,18,1,1
17.375,-64.125,18,18,18,1,1
17.625,-102.875,18,18,18,7,9
77.125,23.375,18,18,18,1,1
23.125,-113.875,18,18,18,1,1
69.625,13.625,18,18,18,1,1
-65.875,66.875,18,18,18,1,1
69.875,-166.625,18,18,18,3,3
39.625,2.125,18,18,18,1,1
42.875,-128.125,18,18,18,1,1
55.375,-154.125,18,18,18,1,1
65.375,-13.125,18,18,18,1,1
-14.125,124.625,18,18,18,1,1
57.375,-156.125,18,18,18,3,3
73.625,36.125,18,18,18,2,2
58.375,-12.375,18,18,18,1,1
40.875,142.625,18,18,18,6,6
-61.625,-62.375,18,18,18,1,1
-70.125,-86.125,18,18,18,1,1
-13.625,146.125,18,18,18,1,1
71.875,-166.375,18,18,18,2,2
69.875,16.875,18,18,18,1,1
71.625,19.125,18,18,18,1,1
-64.875,80.125,18,18,18,1,1
-43.875,149.875,18,18,18,1,1
57.125,-144.625,18,18,18,1,1
-65.625,77.625,18,18,18,1,1
32.375,-77.375,18,18,18,1,1
32.375,-119.875,18,18,18,3,3
53.375,176.375,18,18,18,1,1
-44.375,150.875,18,18,18,1,1
-5.375,154.125,18,18,18,8,8
-5.875,-33.625,18,18,18,1,1
50.125,-4.125,18,18,18,1,1
50.125,-3.875,18,18,18,1,1
76.875,33.375,18,18,18,1,1
51.875,-134.375,18,18,18,1,1
35.125,-8.875,18,18,18,1,1
-65.375,138.375,18,18,18,1,1
70.625,-165.375,18,18,18,2,2
58.625,-147.625,18,18,18,1,1
70.125,7.625,18,18,18,1,1
-69.875,-88.625,18,18,18,1,1
39.875,-69.125,18,18,18,1,1
74.375,26.625,18,18,18,1,1
-64.125,-53.875,18,18,18,1,1
32.625,-9.625,18,18,18,5,5
32.625,-12.125,18,18,18,1,1
64.125,-168.375,18,18,18,1,1
64.125,-167.625,18,18,18,3,3
32.375,137.375,18,18,18,5,5
53.375,-153.625,18,18,18,1,1
59.625,-179.625,18,18,18,2,2
59.625,-168.625,18,18,18,3,3
-67.375,2.625,18,18,18,1,1
50.125,-132.875,18,18,18,2,2
51.875,-135.375,18,18,18,1,1
-46.875,168.625,18,18,18,1,1
-46.625,143.625,18,18,18,1,1
74.625,26.375,18,18,18,1,1
64.125,-169.375,18,18,18,1,1
-69.875,-87.125,18,18,18,1,1
55.625,173.125,18,18,18,1,1
-68.875,-80.125,18,18,18,2,2
-48.875,169.875,18,18,18,1,1
48.375,-123.125,18,18,18,1,1
53.125,-155.375,18,18,18,1,1
-73.625,-106.375,18,18,18,2,2
70.875,14.625,18,18,18,1,1
70.875,16.125,18,18,18,1,1
17.125,-64.625,18,18,18,1,1
70.875,18.875,18,18,18,2,2
50.375,-135.625,18,18,18,1,1
61.375,-173.375,18,18,18,1,1
61.375,-60.875,18,18,18,1,1
-47.625,-63.875,18,18,18,1,1
71.625,-167.125,18,18,18,2,2
71.625,-162.125,18,18,18,3,3
20.875,-18.375,18,18,18,2,2
32.875,-76.375,18,18,18,1,1
52.125,-13.375,18,18,18,2,2
52.125,-134.875,18,18,18,1,1
59.375,-145.625,18,18,18,2,2
76.875,14.125,18,18,18,1,1
76.875,14.375,18,18,18,1,1
16.375,-66.625,18,18,18,1,1
70.875,13.375,18,18,18,1,1
20.875,-75.375,18,18,18,1,1
55.875,-158.875,18,18,18,1,1
-71.875,-108.875,18,18,18,1,1
63.875,-167.625,18,18,18,3,4
-67.125,77.125,18,18,18,1,1
32.875,-78.125,18,18,18,1,1
53.125,-138.375,18,18,18,1,1
-68.125,76.125,18,18,18,1,1
41.875,-10.875,18,18,18,1,1
56.875,-150.125,18,18,18,1,1
56.875,-149.125,18,18,18,2,2
70.375,18.125,18,18,18,1,1
19.625,-78.125,18,18,18,1,1
16.625,-66.125,18,18,18,1,1
61.375,-3.875,18,18,18,1,1
61.375,-3.625,18,18,18,1,1
61.375,-3.375,18,18,18,1,1
34.875,138.625,18,18,18,1,1
36.875,135.375,18,18,18,2,2
52.125,-13.875,18,18,18,1,1
-52.375,-67.125,18,18,18,1,1
-52.125,-63.375,18,18,18,1,1
33.125,136.875,18,18,18,4,4
63.625,2.875,18,18,18,1,1
32.875,140.375,18,18,18,8,8
32.875,136.875,18,18,18,4,5
48.625,-9.625,18,18,18,1,1
-68.125,-71.625,18,18,18,3,3
71.125,-150.875,18,18,18,2,2
16.125,-72.625,18,18,18,2,2
56.875,-151.375,18,18,18,2,2
61.375,1.625,18,18,18,1,1
76.625,15.125,18,18,18,1,1
-67.125,73.125,18,18,18,1,1
63.375,-62.125,18,18,18,1,1
-67.625,76.875,18,18,18,1,1
63.625,-172.875,18,18,18,3,3
33.375,-118.125,18,18,18,3,3
48.875,-132.875,18,18,18,1,1
41.875,-126.375,18,18,18,2,2
11.625,-92.875,18,18,18,1,1
55.875,-150.375,18,18,18,1,1
-71.875,-107.125,18,18,18,1,1
34.625,-122.875,18,18,18,2,2
-67.125,30.125,18,18,18,1,1
61.625,-1.125,18,18,18,1,1
52.125,177.625,18,18,18,1,1
-60.125,-65.375,18,18,18,1,1
41.375,-11.875,18,18,18,1,1
20.125,-63.125,18,18,18,1,1
55.875,175.125,18,18,18,2,2
12.875,-77.875,18,18,18,6,6
12.625,-92.875,18,18,18,7,8
33.875,-121.375,18,18,18,2,2
62.875,19.125,18,18,18,1,1
33.875,141.375,18,18,18,7,9
62.625,-73.375,18,18,18,1,1
40.125,3.125,18,18,18,1,1
71.125,11.625,18,18,18,2,2
76.625,-137.625,18,18,18,1,1
49.875,-130.125,18,18,18,2,2
-59.625,-60.125,18,18,18,1,1
-65.375,-69.875,18,18,18,2,2
13.125,-72.875,18,18,18,1,1
13.125,-71.125,18,18,18,2,2
34.125,-76.625,18,18,18,1,1
62.375,0.125,18,18,18,1,1
52.375,-10.625,18,18,18,2,2
59.125,-8.625,18,18,18,1,1
76.125,16.625,18,18,18,2,2
76.125,25.875,18,18,18,1,1
-58.125,-63.625,18,18,18,1,1
52.375,177.625,18,18,18,1,1
71.375,-162.375,18,18,18,3,3
61.875,-168.125,18,18,18,2,3
-70.375,-102.875,18,18,18,2,2
71.125,7.375,18,18,18,1,1
71.125,7.625,18,18,18,1,1
-65.375,118.625,18,18,18,1,1
70.375,12.875,18,18,18,2,2
70.375,15.875,18,18,18,2,2
-68.875,-98.375,18,18,18,1,1
76.125,30.875,18,18,18,1,1
14.625,-96.875,18,18,18,6,7
56.125,-151.375,18,18,18,1,1
-58.875,-60.875,18,18,18,1,1
36.375,-123.375,18,18,18,1,1
60.125,-19.375,18,18,18,1,1
-63.375,111.875,18,18,18,1,1
-63.625,-60.875,18,18,18,3,3
80.375,30.125,18,18,18,1,1
-74.125,-104.875,18,18,18,1,1
-63.625,143.375,18,18,18,1,1
-65.125,-71.375,18,18,18,1,1
-68.125,1.625,18,18,18,1,1
51.125,-15.125,18,18,18,1,1
51.125,-134.625,18,18,18,1,1
51.125,-165.375,17,17,17,1,1
-63.375,-64.875,17,17,17,1,1
51.125,-129.375,17,17,17,1,1
51.125,-136.125,17,17,17,1,1
-63.625,113.125,17,17,17,1,1
56.625,-167.375,17,17,17,3,3
-65.125,-65.625,17,17,17,4,4
28.375,-80.125,17,17,17,1,1
-33.375,17.125,17,17,17,1,1
34.375,-72.875,17,17,17,1,1
49.375,-8.625,17,17,17,1,1
76.375,4.875,17,17,17,1,1
76.375,5.375,17,17,17,1,1
71.125,7.125,17,17,17,1,1
-63.125,-52.875,17,17,17,1,1
-63.125,127.625,17,17,17,1,1
72.625,-156.125,17,17,17,1,1
-31.875,13.875,17,17,17,1,1
-66.625,-68.875,17,17,17,2,2
67.875,-167.875,17,17,17,4,4
67.875,8.375,17,17,17,1,1
67.875,8.625,17,17,17,1,1
-33.875,28.875,17,17,17,1,1
-66.625,30.125,17,17,17,1,1
28.875,-94.125,17,17,17,1,1
-66.625,-69.125,17,17,17,2,2
-68.125,2.125,17,17,17,1,1
18.875,-85.875,17,17,17,1,1
34.375,141.375,17,17,17,5,5
61.875,-174.375,17,17,17,1,1
61.875,-168.875,17,17,17,1,1
61.875,-167.625,17,17,17,2,2
-70.375,-102.625,17,17,17,2,2
71.125,8.125,17,17,17,1,1
19.875,-66.875,17,17,17,1,1
70.375,10.875,17,17,17,1,1
70.375,11.125,17,17,17,1,1
70.375,14.375,17,17,17,1,1
70.375,14.625,17,17,17,1,1
75.875,34.875,17,17,17,1,1
37.125,142.875,17,17,17,4,5
-58.375,-62.875,17,17,17,1,1
-58.125,-69.375,17,17,17,1,1
61.875,-2.125,17,17,17,1,1
-70.625,-107.125,17,17,17,1,1
-34.875,113.375,17,17,17,1,1
38.875,-127.875,17,17,17,1,1
38.875,-126.375,17,17,17,1,1
27.125,-80.125,17,17,17,2,2
68.375,9.875,17,17,17,1,1
26.875,-90.125,17,17,17,1,1
44.375,-126.125,17,17,17,1,1
72.375,22.625,17,17,17,2,2
29.375,-14.875,17,17,17,1,1
71.125,9.875,17,17,17,1,1
71.125,14.125,17,17,17,1,1
49.875,-131.875,17,17,17,2,3
-60.125,-53.375,17,17,17,1,1
41.625,6.875,17,17,17,1,1
13.375,-71.125,17,17,17,2,2
34.125,142.625,17,17,17,4,4
29.125,-80.375,17,17,17,1,1
45.625,-127.375,17,17,17,1,1
45.375,-8.375,17,17,17,2,2
54.375,-14.875,17,17,17,1,1
-35.625,18.625,17,17,17,1,1
-35.875,29.875,17,17,17,1,1
60.625,-5.125,17,17,17,1,1
35.875,-75.625,17,17,17,2,2
-62.625,-67.125,17,17,17,1,1
-62.875,-54.375,17,17,17,1,1
62.625,-174.125,17,17,17,1,1
33.875,138.375,17,17,17,6,6
52.625,173.375,17,17,17,1,1
-64.125,145.125,17,17,17,1,1
40.125,2.875,17,17,17,1,1
71.125,8.625,17,17,17,1,1
71.125,8.875,17,17,17,1,1
71.125,9.125,17,17,17,1,1
77.875,10.375,17,17,17,1,1
59.875,-172.875,17,17,17,1,1
-68.125,0.125,17,17,17,1,1
-27.875,12.375,17,17,17,1,1
57.625,-59.125,17,17,17,1,1
26.375,-15.375,17,17,17,3,3
72.375,-148.375,17,17,17,1,1
72.875,12.125,17,17,17,1,1
59.125,21.125,17,17,17,2,2
52.375,-170.875,17,17,17,1,1
63.375,-165.625,17,17,17,1,1
33.375,138.375,17,17,17,5,5
-65.125,122.875,17,17,17,1,1
12.625,-58.625,17,17,17,1,1
12.375,-95.375,17,17,17,1,1
12.375,-74.625,17,17,17,1,1
72.875,12.375,17,17,17,1,1
54.875,-139.625,17,17,17,1,1
72.375,-156.875,17,17,17,2,2
-25.875,155.375,17,17,17,1,1
72.375,-153.875,17,17,17,1,1
36.625,-75.875,17,17,17,1,1
40.625,5.875,17,17,17,1,1
68.625,-62.125,17,17,17,1,1
71.375,12.375,17,17,17,1,1
55.875,-134.125,17,17,17,3,3
55.875,-151.625,17,17,17,1,1
75.625,-6.875,17,17,17,1,1
-53.875,-61.875,17,17,17,1,1
-53.625,-61.875,17,17,17,1,1
59.375,-170.625,17,17,17,1,1
59.375,-169.625,17,17,17,1,1
68.875,-168.375,17,17,17,3,3
68.875,-167.125,17,17,17,2,2
39.125,-127.625,17,17,17,1,1
69.125,-168.375,17,17,17,1,1
-71.625,-105.375,17,17,17,1,1
70.625,15.125,17,17,17,1,1
70.625,15.375,17,17,17,1,1
70.625,15.625,17,17,17,1,1
70.625,31.375,17,17,17,2,2
-62.625,-58.125,17,17,17,2,2
76.625,13.375,17,17,17,1,1
75.125,33.375,17,17,17,1,1
33.375,139.125,17,17,17,3,4
33.375,-13.375,17,17,17,1,1
52.875,-11.375,17,17,17,2,2
58.875,-150.375,17,17,17,1,1
71.375,9.375,17,17,17,1,1
11.375,-91.125,17,17,17,1,1
77.625,12.625,17,17,17,2,2
50.375,-1.125,17,17,17,1,1
30.125,-119.625,17,17,17,2,2
-64.625,-65.625,17,17,17,3,3
73.125,-147.875,17,17,17,2,2
52.125,-14.375,17,17,17,1,1
53.125,-158.875,17,17,17,1,1
75.125,9.625,17,17,17,1,1
33.125,-12.125,17,17,17,1,1
32.875,140.625,17,17,17,5,5
52.875,173.625,17,17,17,1,1
76.625,4.625,17,17,17,1,1
69.125,13.625,17,17,17,1,1
-67.875,77.625,17,17,17,1,1
43.625,-126.625,17,17,17,1,1
55.125,-172.625,17,17,17,1,1
55.125,-172.375,17,17,17,1,1
66.375,-13.875,17,17,17,1,1
58.125,-140.625,17,17,17,1,1
-37.875,-53.625,17,17,17,1,1
35.875,-7.125,17,17,17,1,1
53.125,-130.625,17,17,17,1,1
56.875,-11.375,17,17,17,1,1
-69.875,-103.625,17,17,17,1,1
56.875,-136.375,17,17,17,1,1
71.375,7.375,17,17,17,1,1
71.375,8.375,17,17,17,1,1
75.375,8.875,17,17,17,1,1
75.125,7.875,17,17,17,1,1
19.625,-19.125,17,17,17,2,2
-63.875,-53.375,17,17,17,1,1
77.375,29.125,17,17,17,1,1
77.375,29.875,17,17,17,1,1
50.625,-134.875,17,17,17,1,1
46.625,-8.625,17,17,17,1,1
54.125,-164.375,17,17,17,3,3
54.125,-159.375,17,17,17,2,2
72.125,14.875,17,17,17,1,1
72.125,15.125,17,17,17,1,1
-23.625,40.625,17,17,17,1,1
72.125,12.375,17,17,17,1,1
73.125,16.125,17,17,17,1,1
73.125,18.875,17,17,17,1,1
73.125,19.125,17,17,17,1,1
-60.625,-65.625,17,17,17,2,2
36.875,-12.625,17,17,17,1,1
16.625,-65.875,17,17,17,1,1
42.125,-126.875,17,17,17,1,1
42.125,-126.375,17,17,17,1,1
42.125,-10.375,17,17,17,1,1
55.875,-158.625,17,17,17,1,1
52.875,172.375,17,17,17,1,1
63.875,-171.625,17,17,17,2,2
61.375,-177.625,17,17,17,1,1
61.375,-174.125,17,17,17,1,1
-48.125,-60.875,17,17,17,1,1
-69.875,-92.875,17,17,17,2,2
71.625,-166.375,17,17,17,1,1
-49.375,170.625,17,17,17,1,1
32.625,140.875,17,17,17,5,5
63.875,6.625,17,17,17,1,1
58.625,-6.125,17,17,17,1,1
48.375,-128.375,17,17,17,2,2
61.375,-2.875,17,17,17,1,1
46.875,-125.625,17,17,17,1,1
-68.625,7.125,17,17,17,1,1
-21.625,113.875,17,17,17,1,1
38.125,1.125,17,17,17,1,1
56.375,-147.625,17,17,17,2,2
40.875,-11.125,17,17,17,1,1
18.125,-74.375,17,17,17,2,2
70.125,15.875,17,17,17,1,1
6.875,-82.375,17,17,17,2,2
71.625,-160.625,17,17,17,2,2
-48.375,-60.875,17,17,17,1,1
53.125,175.375,17,17,17,1,1
70.875,14.125,17,17,17,1,1
70.875,14.375,17,17,17,1,1
70.875,14.875,17,17,17,1,1
70.875,15.875,17,17,17,1,1
70.625,-166.625,17,17,17,2,3
36.875,-74.875,17,17,17,2,2
36.625,-8.625,17,17,17,1,1
-67.125,-74.625,17,17,17,2,2
73.125,19.625,17,17,17,1,1
46.875,-126.875,17,17,17,1,1
-22.875,-41.875,17,17,17,3,4
43.375,-57.375,17,17,17,1,1
43.125,-61.625,17,17,17,1,1
43.125,-61.125,17,17,17,1,1
-66.125,-71.125,17,17,17,2,2
51.875,-137.125,17,17,17,1,1
48.375,-131.875,17,17,17,1,1
53.375,-169.875,17,17,17,1,1
-68.875,-82.125,17,17,17,2,2
21.125,-64.625,17,17,17,1,1
70.125,9.375,17,17,17,1,1
73.375,13.625,17,17,17,2,2
46.875,-6.625,17,17,17,1,1
69.625,-168.375,17,17,17,2,2
-61.875,-63.625,17,17,17,2,2
-61.875,-57.375,17,17,17,1,1
-45.375,150.625,17,17,17,1,1
-64.125,-54.625,17,17,17,1,1
53.375,-160.125,17,17,17,1,1
37.625,-9.625,17,17,17,2,2
32.625,-11.625,17,17,17,1,1
32.375,142.125,17,17,17,4,5
64.125,-166.375,17,17,17,2,2
48.125,-131.625,17,17,17,2,2
61.375,-22.125,17,17,17,1,1
34.875,142.375,17,17,17,3,3
76.625,33.375,17,17,17,1,1
35.125,-75.625,17,17,17,1,1
35.375,139.875,17,17,17,4,4
56.625,-142.125,17,17,17,1,1
19.125,-69.375,17,17,17,5,5
69.625,-167.625,17,17,17,3,4
71.875,31.125,17,17,17,2,2
43.125,7.625,17,17,17,2,2
61.125,-5.375,17,17,17,1,1
70.625,-165.625,17,17,17,2,2
58.625,-148.875,17,17,17,1,1
70.125,7.125,17,17,17,1,1
70.125,7.375,17,17,17,1,1
70.125,9.125,17,17,17,1,1
-0.875,-82.625,17,17,17,1,1
-1.375,152.625,17,17,17,4,4
71.625,-154.375,17,17,17,2,2
39.875,2.625,17,17,17,1,1
74.625,6.875,17,17,17,1,1
39.375,1.625,17,17,17,1,1
23.625,-80.375,17,17,17,2,2
-73.375,-106.875,17,17,17,2,2
23.375,-73.375,17,17,17,1,1
-18.875,150.375,17,17,17,1,1
43.125,-9.375,17,17,17,2,2
58.375,-168.625,17,17,17,1,1
30.875,135.875,17,17,17,4,4
53.625,-161.625,17,17,17,2,2
-44.375,174.375,17,17,17,1,1
70.125,5.125,17,17,17,1,1
70.125,5.875,17,17,17,1,1
70.125,6.375,17,17,17,1,1
58.625,-149.375,17,17,17,1,1
-64.125,-66.125,17,17,17,3,3
65.875,2.375,17,17,17,1,1
-70.125,-106.625,17,17,17,1,1
53.875,-157.625,17,17,17,2,2
-67.875,-7.625,17,17,17,1,1
-67.875,-6.875,17,17,17,1,1
39.375,-70.625,17,17,17,1,1
69.625,6.125,17,17,17,1,1
31.125,-121.875,17,17,17,1,1
-64.125,-65.625,17,17,17,1,1
-64.125,-70.625,17,17,17,1,1
53.625,-160.875,17,17,17,1,1
-43.875,145.875,17,17,17,1,1
47.625,-8.625,17,17,17,1,1
-68.875,-75.375,17,17,17,1,1
64.625,4.625,17,17,17,1,1
21.375,-18.875,17,17,17,2,3
-7.375,-32.625,17,17,17,1,2
32.375,-80.125,17,17,17,1,1
-69.625,-91.625,17,17,17,2,2
-17.875,42.125,17,17,17,1,1
-72.625,-106.375,17,17,17,1,1
-15.625,122.375,17,17,17,1,1
-68.375,-74.125,17,17,17,2,2
71.875,8.625,17,17,17,1,1
31.125,136.875,17,17,17,3,4
53.875,-161.875,17,17,17,2,2
-69.875,-93.875,17,17,17,2,2
37.875,-70.875,17,17,17,2,2
64.625,6.625,17,17,17,1,1
-71.625,-107.625,17,17,17,1,1
70.125,-164.875,17,17,17,3,3
-10.875,-35.875,17,17,17,1,2
-44.625,176.125,17,17,17,1,1
-68.125,0.875,17,17,17,1,1
17.375,-77.625,17,17,17,2,2
61.125,-177.125,17,17,17,2,2
77.125,13.375,17,17,17,1,1
77.125,23.625,17,17,17,1,1
-61.875,-64.875,17,17,17,1,1
-14.375,52.625,17,17,17,1,1
37.875,0.625,17,17,17,1,1
65.125,-169.625,17,17,17,3,3
64.875,-61.125,17,17,17,1,1
64.875,2.875,17,17,17,2,2
31.625,140.125,17,17,17,4,4
58.375,-59.625,17,17,17,1,1
-43.125,-63.625,17,17,17,1,1
-64.375,-65.375,17,17,17,1,1
73.875,10.375,17,17,17,1,1
73.875,12.875,17,17,17,1,1
71.625,18.125,17,17,17,2,2
-12.125,145.375,17,17,17,1,1
-68.125,-5.625,17,17,17,1,1
-68.125,-5.375,17,17,17,1,1
-70.375,-103.375,17,17,17,2,2
36.875,-123.625,17,17,17,1,1
50.125,-0.625,17,17,17,1,1
76.875,34.625,17,17,17,1,1
58.375,-7.375,17,17,17,1,1
-13.375,51.375,17,17,17,1,1
-13.625,44.625,17,17,17,1,1
71.875,-156.625,17,17,17,1,1
71.875,-155.625,17,17,17,1,1
-42.375,-62.375,17,17,17,1,1
53.625,172.125,17,17,17,1,1
53.625,172.375,17,17,17,1,1
19.125,-19.125,17,17,17,2,2
-68.125,5.375,17,17,17,1,1
-68.125,6.375,17,17,17,1,1
-63.625,110.875,17,17,17,1,1
67.875,12.875,17,17,17,1,1
28.375,-86.125,17,17,17,1,1
-32.625,15.375,17,17,17,1,1
72.625,-159.625,17,17,17,2,2
36.375,141.875,17,17,17,5,5
70.625,11.625,17,17,17,1,1
40.625,146.875,17,17,17,4,4
59.875,-143.875,17,17,17,1,1
36.125,132.125,17,17,17,1,1
36.125,142.125,17,17,17,3,4
79.625,7.125,17,17,17,1,1
-69.875,-100.875,17,17,17,1,1
51.375,-136.875,17,17,17,1,1
-63.625,111.375,17,17,17,1,1
-63.625,113.375,17,17,17,1,1
51.375,-166.375,16,16,16,1,1
-63.625,-54.625,16,16,16,1,1
-69.875,-100.375,16,16,16,2,2
-69.875,-100.625,16,16,16,2,2
51.375,-133.875,16,16,16,2,3
51.125,-166.125,16,16,16,1,1
79.625,7.375,16,16,16,1,1
-63.625,-56.625,16,16,15,1,1
-63.625,-64.875,16,16,16,1,1
78.375,10.125,16,16,16,1,1
60.375,-60.375,16,16,16,1,1
60.375,-170.625,16,16,16,1,1
72.625,-160.625,16,16,16,2,2
72.625,-161.875,16,16,16,2,2
57.875,-150.375,16,16,16,1,1
19.625,-66.375,16,16,16,2,2
71.125,14.875,16,16,16,1,1
71.125,16.375,16,16,16,1,1
71.125,16.625,16,16,16,1,1
14.125,-96.375,16,16,16,7,9
13.625,-60.625,16,16,16,1,1
-68.125,-83.375,16,16,16,1,1
49.625,-9.625,16,16,16,1,1
52.375,3.125,16,16,16,1,1
78.125,10.125,16,16,16,1,1
78.125,11.125,16,16,16,1,1
-63.125,136.125,16,16,16,1,1
-63.125,112.125,16,16,16,1,1
-63.125,-53.875,16,16,16,1,1
51.625,-170.375,16,16,16,2,2
50.875,-132.125,16,16,16,2,2
-65.625,-70.625,16,16,16,1,1
-65.625,-68.625,16,16,16,2,2
71.625,13.625,16,16,16,1,1
56.375,-155.125,16,16,16,2,3
17.375,-73.625,16,16,16,2,2
-67.375,-70.375,16,16,16,1,1
-67.875,-6.125,16,16,16,1,1
69.625,12.375,16,16,16,1,1
22.875,-17.125,16,16,16,2,2
65.125,-169.375,16,16,16,2,2
64.875,3.125,16,16,16,2,2
64.875,22.875,16,16,16,2,5
-64.375,-64.875,16,16,16,1,1
73.875,12.375,16,16,16,2,2
70.125,-166.625,16,16,16,3,3
42.375,145.875,16,16,16,2,2
-6.125,-32.125,16,16,16,2,2
64.375,-171.375,16,16,16,1,1
71.875,-145.125,16,16,16,1,1
42.875,-62.625,16,16,16,1,1
31.125,136.625,16,16,16,4,4
31.125,137.875,16,16,16,1,1
-64.625,144.125,16,16,16,1,1
42.875,8.375,16,16,16,1,1
56.375,-167.625,16,16,16,1,2
58.625,-167.625,16,16,16,4,5
58.625,-168.375,16,16,16,2,3
-64.375,82.625,16,16,16,1,1
74.125,-148.375,16,16,16,1,1
37.875,-73.875,16,16,16,1,1
-71.875,-83.375,16,16,16,1,1
-65.625,-68.125,16,16,16,1,1
77.125,12.875,16,16,16,2,2
51.875,2.875,16,16,16,1,1
-61.375,-62.625,16,16,16,1,1
50.125,-1.125,16,16,16,1,1
30.875,-12.375,16,16,16,1,1
47.125,-130.125,16,16,16,1,1
23.375,-112.625,16,16,16,3,3
55.375,-167.375,16,16,16,1,1
55.375,-166.125,16,16,16,2,2
-67.625,31.125,16,16,16,1,1
31.125,-77.375,16,16,16,1,1
-71.375,-83.875,16,16,16,1,1
-44.125,173.875,16,16,16,1,1
-64.375,143.125,16,16,16,1,1
-68.875,-77.625,16,16,16,1,1
21.625,-110.625,16,16,16,3,4
19.125,-65.875,16,16,16,1,1
53.125,175.625,16,16,16,1,1
-45.375,149.125,16,16,16,1,1
53.875,-131.125,16,16,16,1,1
73.375,35.625,16,16,16,1,1
73.375,35.875,16,16,16,1,1
-40.125,173.125,16,16,16,6,6
69.625,-164.125,16,16,16,3,3
-18.625,149.875,16,16,16,1,1
71.875,27.625,16,16,16,1,1
71.875,27.875,16,16,16,1,1
42.375,-12.125,16,16,16,1,1
70.125,6.125,16,16,16,1,1
70.125,6.875,16,16,16,1,1
37.875,-124.125,16,16,16,1,1
74.375,-161.625,16,16,16,1,1
37.625,-0.625,16,16,16,1,1
76.625,33.625,16,16,16,1,1
35.125,-74.625,16,16,16,1,1
76.875,24.625,16,16,16,2,2
77.125,27.125,16,16,16,1,1
-62.375,114.875,16,16,16,1,1
-62.125,-69.125,16,16,16,1,1
-69.375,-75.125,16,16,16,1,1
77.125,28.375,16,16,16,1,1
36.875,-127.125,16,16,16,1,1
56.625,-142.875,16,16,16,1,1
-68.125,5.125,16,16,16,1,1
-19.875,118.125,16,16,16,1,1
55.125,-140.375,16,16,16,1,1
56.875,-166.625,16,16,16,1,1
40.375,3.625,16,16,16,1,1
53.375,-169.625,16,16,16,1,1
74.625,27.125,16,16,16,2,2
-73.875,-103.625,16,16,16,1,1
64.125,-170.375,16,16,16,1,1
70.125,10.125,16,16,16,1,1
73.125,33.875,16,16,16,1,1
73.125,35.125,16,16,16,1,1
73.125,35.375,16,16,16,1,1
73.375,-165.875,16,16,16,1,1
73.375,-149.125,16,16,16,1,1
-73.375,-104.375,16,16,16,2,2
30.875,-77.375,16,16,16,1,1
58.125,-135.125,16,16,16,1,1
58.125,-9.375,16,16,16,1,1
53.875,171.875,16,16,16,3,3
69.375,16.625,16,16,16,2,3
55.625,172.875,16,16,16,1,1
74.625,31.625,16,16,16,2,2
-73.625,-104.875,16,16,16,1,1
17.125,-65.125,16,16,16,1,1
19.125,-84.375,16,16,16,1,1
36.625,142.125,16,16,16,6,6
60.875,-5.625,16,16,8,1,2
60.875,-2.625,16,16,16,1,1
72.125,-157.125,16,16,16,2,2
57.625,-168.875,16,16,16,1,1
-64.625,110.625,16,16,16,1,1
-60.875,-63.875,16,16,16,1,1
51.875,-136.125,16,16,16,1,1
50.375,-134.625,16,16,16,1,1
-46.875,167.375,16,16,16,1,1
-48.625,173.625,16,16,16,1,1
8.125,-52.375,16,16,16,1,1
42.125,138.125,16,16,16,2,2
7.625,-79.625,16,16,16,3,3
37.625,-73.625,16,16,16,2,2
76.875,12.125,16,16,16,1,1
76.875,12.375,16,16,16,1,1
69.375,-165.625,16,16,16,2,2
69.375,-165.375,16,16,16,4,4
-22.625,-41.125,16,16,16,2,3
58.125,-8.125,16,16,16,1,1
30.625,-14.625,16,16,16,1,1
56.375,-137.125,16,16,16,1,1
18.125,-75.125,16,16,16,4,4
-65.375,148.625,16,16,16,1,1
70.625,-149.875,16,16,16,1,1
70.125,10.375,16,16,16,1,1
54.125,-156.875,16,16,16,1,1
46.375,-7.375,16,16,16,1,1
46.375,-126.625,16,16,16,1,1
46.125,-4.125,16,16,16,1,1
72.125,15.375,16,16,16,1,1
72.125,15.625,16,16,16,1,1
72.125,15.875,16,16,16,1,1
-22.875,40.375,16,16,16,1,1
-23.375,-42.375,16,16,16,2,3
73.125,17.125,16,16,16,1,1
76.875,22.875,16,16,16,1,1
52.125,-159.125,16,16,16,1,1
52.125,-135.625,16,16,16,2,2
57.125,-166.875,16,16,16,1,1
70.375,-165.875,16,16,16,2,2
70.375,-165.625,16,16,16,3,3
-62.375,113.625,16,16,16,1,1
-49.125,166.875,16,16,16,1,1
71.375,7.125,16,16,16,1,1
71.375,8.125,16,16,16,1,1
71.375,8.625,16,16,16,1,1
75.375,7.625,16,16,16,1,1
70.375,21.625,16,16,16,1,1
70.625,-167.375,16,16,16,3,3
60.875,-172.625,16,16,16,1,1
77.375,28.875,16,16,16,1,1
77.375,29.375,16,16,16,1,1
-62.625,-52.375,16,16,16,1,1
19.125,-84.125,16,16,16,1,1
-37.875,19.125,16,16,16,1,1
46.625,-127.875,16,16,16,2,2
54.125,-157.125,16,16,16,1,1
69.125,-62.375,16,16,16,1,1
16.875,-65.625,16,16,16,1,1
-52.125,-63.625,16,16,16,1,1
75.125,24.375,16,16,16,1,1
33.125,135.625,16,16,16,2,2
52.875,174.375,16,16,16,1,1
41.375,-9.875,16,16,16,1,1
56.125,-13.625,16,16,16,1,1
56.125,-8.375,16,16,16,1,1
-70.875,-81.125,16,16,16,1,1
69.125,13.375,16,16,16,1,1
54.875,172.125,16,16,16,1,1
55.125,-167.375,16,16,16,2,2
-24.375,40.875,16,16,16,1,1
66.375,9.125,16,16,16,1,1
54.125,170.875,16,16,16,1,1
-69.375,-104.125,16,16,16,1,1
48.625,-6.375,16,16,16,2,2
75.375,28.625,16,16,16,2,2
71.375,8.875,16,16,16,1,1
71.375,9.125,16,16,16,1,1
11.375,-76.625,16,16,16,1,1
-62.625,-69.625,16,16,16,1,1
58.125,-150.375,16,16,16,1,1
66.625,-9.375,16,16,16,1,1
66.625,-7.375,16,16,16,1,1
38.375,-124.375,16,16,16,1,1
-37.375,-53.375,16,16,16,1,1
45.875,-127.125,16,16,16,1,1
-68.625,-82.625,16,16,16,1,1
-67.625,-71.125,16,16,16,2,2
-71.625,-83.125,16,16,16,1,1
12.125,-91.125,16,16,16,5,7
11.625,-78.625,16,16,16,5,5
55.875,-141.125,16,16,16,1,1
52.875,-155.875,16,16,16,1,1
75.625,8.125,16,16,16,1,1
76.375,35.625,16,16,16,1,1
34.625,-73.125,16,16,16,1,1
59.375,-168.625,16,16,16,2,3
-69.625,-104.125,16,16,16,2,2
-25.625,155.625,16,16,16,1,1
19.125,-83.875,16,16,16,1,1
19.125,-83.625,16,16,16,1,1
-68.125,75.125,16,16,16,1,1
18.625,-104.625,16,16,16,6,8
-60.375,-64.625,16,16,16,1,1
-60.375,-59.625,16,16,16,1,1
-67.125,72.125,16,16,16,1,1
-60.125,-59.875,16,16,16,1,1
15.375,-71.875,16,16,16,3,3
33.375,135.875,16,16,16,3,3
62.875,-172.875,16,16,16,1,1
62.875,-74.125,16,16,16,1,1
63.125,-173.125,16,16,16,3,3
33.375,143.875,16,16,16,4,4
44.375,-127.625,16,16,16,1,1
72.375,-158.625,16,16,16,2,2
-62.625,112.875,16,16,16,1,1
19.125,-82.625,16,16,16,1,1
19.125,-82.375,16,16,16,1,1
19.125,-81.875,16,16,16,1,1
56.625,-156.875,16,16,16,4,4
60.625,-167.625,16,16,16,1,2
49.125,-132.125,16,16,16,1,1
49.125,-131.875,16,16,16,1,1
33.875,144.125,16,16,16,3,3
52.625,172.875,16,16,16,1,1
-56.375,-60.125,16,16,16,1,1
49.375,-129.375,16,16,16,1,1
71.375,-133.375,16,16,16,1,1
71.125,8.375,16,16,16,1,1
77.875,27.875,16,16,16,1,1
77.875,28.625,16,16,16,2,2
35.875,135.125,16,16,16,1,1
-27.875,12.625,16,16,16,1,1
68.375,12.125,16,16,16,1,1
68.375,14.375,16,16,16,1,1
54.875,-156.125,16,16,16,2,2
54.375,-169.375,16,16,16,1,1
-71.625,-82.875,16,16,16,1,1
15.875,-74.875,16,16,16,2,2
15.875,-19.875,16,16,16,1,1
-72.375,-84.625,16,16,16,1,1
76.375,32.375,16,16,16,2,2
-65.375,-69.375,16,16,16,2,2
19.875,-62.875,16,16,16,1,1
-68.125,-73.875,16,16,16,2,2
71.125,26.375,16,16,16,1,1
34.125,143.625,16,16,16,4,5
29.125,-16.375,16,16,16,1,1
29.125,129.125,16,16,16,3,3
-35.625,-178.625,16,16,16,1,1
-35.875,18.625,16,16,16,1,1
45.125,-12.625,16,16,16,2,2
-62.875,-64.875,16,16,16,1,1
34.125,137.375,16,16,16,5,6
34.125,-73.625,16,16,16,1,1
62.375,1.625,16,16,16,1,1
37.125,-10.625,16,16,16,1,1
52.625,-136.125,16,16,16,1,1
-58.375,-63.625,16,16,16,1,1
62.375,-173.875,16,16,16,2,2
13.125,-93.375,16,16,16,7,8
61.875,-3.375,16,16,16,1,1
61.875,-3.125,16,16,16,1,1
61.875,-2.875,16,16,16,1,1
60.625,-178.875,16,16,16,1,1
60.625,-171.125,16,16,16,1,1
-70.625,-106.125,16,16,16,1,1
-70.625,-105.875,16,16,16,1,1
26.875,-14.375,16,16,16,2,2
44.875,-59.625,16,16,16,1,1
44.625,-127.375,16,16,16,1,1
54.625,-166.375,16,16,16,2,3
54.625,-162.625,16,16,16,2,2
-29.375,13.875,16,16,16,1,1
-29.875,13.375,16,16,16,1,1
-68.125,4.375,16,16,16,1,1
-68.125,2.375,16,16,16,1,1
18.875,-86.375,16,16,16,1,1
18.875,-86.125,16,16,16,1,1
18.875,-85.625,16,16,16,1,1
37.125,-74.125,16,16,16,2,2
49.625,-11.875,16,16,16,1,1
70.375,13.125,16,16,16,1,1
70.375,13.375,16,16,16,1,1
62.125,-168.375,16,16,16,2,2
68.125,4.625,16,16,16,1,1
80.125,29.125,16,16,16,1,1
19.125,-84.625,16,16,16,1,1
72.625,-158.875,16,16,16,2,2
44.375,-63.125,16,16,16,1,1
-32.375,14.875,16,16,16,1,1
-32.375,15.375,16,16,16,1,1
-34.125,113.125,16,16,16,1,1
-34.625,112.125,16,16,16,1,1
44.625,-59.625,16,16,16,1,1
54.625,-156.875,16,16,16,1,1
72.625,-158.125,16,16,16,4,5
-62.875,-59.625,16,16,16,1,1
77.875,29.625,16,16,16,1,1
52.625,-137.375,16,16,16,1,1
76.375,5.125,16,16,16,1,1
56.375,-164.125,16,16,16,1,1
41.125,5.125,16,16,16,1,1
-69.875,-94.125,16,16,16,2,2
35.125,140.875,16,16,16,5,6
50.375,-13.375,16,16,16,2,2
22.625,-113.125,16,16,16,4,4
57.125,-7.125,16,16,16,1,1
31.875,-120.875,16,16,16,4,4
-42.125,-62.125,16,16,16,1,1
71.875,-151.375,16,16,16,2,2
-13.625,51.625,16,16,16,1,1
71.875,-155.875,16,16,16,1,1
22.875,-114.125,16,16,16,5,5
-42.875,177.125,16,16,16,1,1
-42.875,177.625,16,16,16,1,1
57.875,-143.125,16,16,16,1,1
51.125,168.125,15,15,15,2,2
-74.375,-108.375,15,15,15,1,1
-74.375,-108.125,15,15,15,1,1
59.875,-5.375,15,15,15,1,1
-67.375,73.625,15,15,15,1,1
60.375,-179.625,15,15,15,1,1
79.375,2.375,15,15,15,1,1
-63.375,-54.125,15,15,15,1,1
-63.375,-52.625,15,15,15,1,1
-63.375,-51.875,15,15,15,1,1
77.875,30.125,15,15,15,1,1
-62.875,-58.875,15,15,15,1,1
18.625,-19.625,15,15,15,2,2
18.625,-64.125,15,15,15,1,1
40.875,-13.375,15,15,15,1,1
77.875,0.375,15,15,15,1,1
-62.875,112.375,15,15,15,1,1
50.625,176.625,15,15,15,1,1
50.625,175.875,15,15,15,1,1
-68.625,-77.875,15,15,15,1,1
28.625,-15.375,15,15,15,2,2
72.625,19.625,15,15,15,1,1
72.625,19.375,15,15,15,1,1
54.625,-154.875,15,15,15,1,1
54.625,-138.125,15,15,15,1,1
28.125,128.875,15,15,15,4,4
28.125,-83.375,15,15,15,1,1
68.125,15.375,15,15,15,1,1
68.125,15.125,15,15,15,1,1
-33.625,28.375,15,15,15,1,1
72.625,17.125,15,15,15,1,1
54.625,-171.625,15,15,15,1,1
67.625,11.375,15,15,15,1,1
72.375,31.375,15,15,15,1,1
-30.875,15.625,15,15,15,1,1
54.625,176.875,15,15,15,1,1
72.375,23.875,15,15,15,1,1
57.625,-8.375,15,15,15,1,1
-67.625,-75.875,15,15,15,1,2
-62.625,-64.875,15,15,15,1,1
50.375,174.625,15,15,15,1,1
50.375,174.375,15,15,15,1,1
51.625,-134.625,15,15,15,2,2
60.625,-167.875,15,15,15,1,1
59.875,-169.375,15,15,15,1,1
59.875,-169.625,15,15,15,1,1
-68.125,-1.375,15,15,15,1,1
56.625,-164.375,15,15,15,1,1
19.125,-86.875,15,15,15,5,5
18.875,-19.875,15,15,15,3,3
19.125,-82.125,15,15,15,1,1
-35.125,111.875,15,15,15,1,1
29.375,-80.875,15,15,15,1,1
57.875,-6.625,15,15,15,1,1
57.625,-7.875,15,15,15,1,1
72.625,19.125,15,15,15,1,1
72.625,18.625,15,15,15,1,1
72.625,17.625,15,15,15,1,1
19.125,-82.875,15,15,15,1,1
50.625,-132.125,15,15,15,1,1
50.625,-132.375,15,15,15,1,1
70.875,-168.625,15,15,15,2,2
70.625,19.375,15,15,15,1,1
18.625,-74.875,15,15,15,4,4
77.375,28.625,15,15,15,1,1
77.375,11.625,15,15,15,1,1
72.875,18.625,15,15,15,1,1
68.375,14.625,15,15,15,1,1
38.875,143.125,15,15,15,2,2
-35.625,14.375,15,15,15,1,1
45.375,-125.875,15,15,15,1,1
-67.125,-72.375,15,15,15,1,1
35.375,144.125,15,15,15,3,4
70.625,-148.125,15,15,15,1,1
-68.125,-1.875,15,15,15,1,1
50.375,-6.125,15,15,15,1,1
-62.625,114.625,15,15,15,1,1
-62.125,-59.375,15,15,15,2,2
29.375,133.625,15,15,15,3,3
58.125,-168.875,15,15,15,1,1
-37.125,26.625,15,15,15,1,1
57.625,-140.125,15,15,15,1,1
72.375,-158.875,15,15,15,2,2
72.375,-161.125,15,15,15,1,1
43.625,-10.125,15,15,15,1,1
72.375,14.875,15,15,15,1,1
72.375,13.625,15,15,15,1,1
72.875,13.375,15,15,15,1,1
77.125,26.625,15,15,15,1,1
-65.125,114.125,15,15,15,1,1
51.875,-160.125,15,15,15,1,1
50.125,-0.875,15,15,15,1,1
36.875,-123.875,15,15,15,1,1
-70.375,-105.625,15,15,15,2,2
57.625,-145.625,15,15,15,1,1
68.625,13.375,15,15,15,1,1
72.875,16.875,15,15,15,1,1
61.125,-60.875,15,15,15,1,1
35.125,142.375,15,15,15,3,4
41.125,6.375,15,15,15,1,1
-61.375,-50.375,15,15,15,1,1
-61.125,-51.125,15,15,15,1,1
-61.125,-54.375,15,15,15,1,1
59.625,-169.125,15,15,15,1,1
36.875,-1.375,15,15,15,1,1
35.125,-123.875,15,15,15,1,1
61.125,-4.125,15,15,15,1,1
-36.625,26.625,15,15,15,1,1
-36.625,18.875,15,15,15,1,1
72.875,28.875,15,15,15,1,1
-70.125,-92.875,15,15,15,2,2
39.125,-69.375,15,15,15,1,1
72.125,17.875,15,15,15,1,1
61.375,-168.375,15,15,15,1,2
61.375,-171.875,15,15,15,1,1
61.375,-177.375,15,15,15,2,2
70.625,-166.125,15,15,15,2,2
70.625,-166.375,15,15,15,2,3
52.125,-136.125,15,15,15,1,1
52.125,-158.875,15,15,15,1,1
76.875,22.625,15,15,15,1,1
34.875,-73.875,15,15,15,1,1
49.875,-3.625,15,15,15,4,4
-60.625,-53.375,15,15,15,1,1
71.125,-166.625,15,15,15,2,2
71.125,-168.125,15,15,15,1,1
16.875,-65.125,15,15,15,1,1
-65.375,119.875,15,15,15,1,1
-65.375,132.375,15,15,15,1,1
52.125,-130.125,15,15,15,1,1
-60.375,-65.625,15,15,15,1,1
76.625,14.375,15,15,15,1,1
66.375,-168.875,15,15,15,1,1
39.125,-72.125,15,15,15,1,1
73.125,-155.875,15,15,15,2,2
73.125,-156.125,15,15,15,2,2
66.625,-10.875,15,15,15,1,1
66.625,-12.625,15,15,15,1,1
76.625,4.125,15,15,15,1,1
16.375,-20.125,15,15,15,1,1
15.625,-72.125,15,15,15,2,2
-60.125,-65.125,15,15,15,2,2
52.125,177.875,15,15,15,1,1
-60.375,-52.875,15,15,15,1,2
61.625,-168.125,15,15,15,1,2
72.125,-96.125,15,15,15,1,1
72.125,-145.125,15,15,15,1,1
73.125,15.125,15,15,15,1,1
73.125,13.875,15,15,15,1,1
52.375,-136.125,15,15,15,2,2
15.625,-74.875,15,15,15,2,2
15.375,-99.375,15,15,15,1,1
-59.125,-61.375,15,15,15,2,2
49.625,-132.625,15,15,15,2,2
-59.125,-66.625,15,15,15,1,1
-70.375,-101.625,15,15,15,2,2
-70.375,-102.375,15,15,15,2,2
61.875,-172.375,15,15,15,1,1
73.125,29.375,15,15,15,1,1
46.375,-7.625,15,15,15,2,2
66.125,7.125,15,15,15,1,1
30.625,129.125,15,15,15,2,2
58.125,-8.625,15,15,15,1,1
-22.125,-40.625,15,15,15,2,3
69.375,-164.625,15,15,15,2,2
73.125,18.625,15,15,15,1,1
-38.125,-53.625,15,15,15,1,1
61.875,-4.125,15,15,15,1,1
76.375,19.625,15,15,15,2,2
76.375,15.375,15,15,15,1,1
-69.125,-83.625,15,15,15,2,2
-69.125,-84.125,15,15,15,2,2
56.125,-150.875,15,15,15,2,2
14.875,-73.375,15,15,15,2,2
76.375,5.625,15,15,15,1,1
76.375,4.625,15,15,15,1,1
73.375,-154.625,15,15,15,2,2
-38.875,178.125,15,15,15,9,9
-68.625,-97.875,15,15,15,2,2
73.375,25.125,15,15,15,1,1
73.375,12.375,15,15,15,1,1
-66.125,29.875,15,15,15,1,1
69.375,7.875,15,15,15,1,1
43.375,-60.375,15,15,15,1,1
72.125,-158.125,15,15,15,2,2
43.375,-53.875,15,15,15,1,1
70.375,12.125,15,15,15,1,1
70.375,10.625,15,15,15,1,1
-65.375,69.375,15,15,15,1,1
-58.125,-64.875,15,15,15,1,1
-57.875,-64.875,15,15,15,1,1
34.125,143.875,15,15,15,4,4
53.875,-155.125,15,15,15,1,1
55.125,-139.375,15,15,15,1,1
-20.375,151.875,15,15,15,1,1
73.375,11.875,15,15,15,1,1
30.875,-13.125,15,15,15,1,1
30.875,-119.125,15,15,15,1,1
30.625,137.625,15,15,15,4,4
34.125,143.125,15,15,15,4,4
56.125,-164.875,15,15,15,1,1
62.625,-166.625,15,15,15,2,2
37.125,135.125,15,15,15,2,2
-57.875,-63.875,15,15,15,2,2
53.875,-151.125,15,15,15,1,1
65.875,4.875,15,15,15,1,1
58.375,-169.125,15,15,15,1,1
43.125,-10.875,15,15,15,1,1
-20.125,152.625,15,15,15,1,1
-18.875,150.125,15,15,15,1,1
71.875,18.375,15,15,15,1,1
69.625,-164.875,15,15,15,2,2
73.375,40.375,15,15,15,1,1
33.625,-77.375,15,15,15,1,1
-68.125,-73.125,15,15,15,2,2
-70.125,-79.625,15,15,15,1,1
-70.125,-84.375,15,15,15,1,1
-70.125,-84.625,15,15,15,1,1
56.875,-146.125,15,15,15,1,1
53.875,-153.875,15,15,15,1,1
58.375,-169.875,15,15,15,1,1
58.375,-147.375,15,15,15,1,1
-67.625,30.125,15,15,15,1,1
-17.375,42.375,15,15,15,1,1
53.875,-157.125,15,15,15,1,1
75.625,25.625,15,15,15,1,1
75.375,34.625,15,15,15,1,1
-54.375,-64.875,15,15,15,1,1
-68.875,-84.625,15,15,14,3,3
75.125,28.375,15,15,15,1,1
58.875,-146.625,15,15,15,1,1
75.125,5.875,15,15,15,1,1
75.375,21.375,15,15,15,1,1
75.125,41.875,15,15,15,1,1
41.875,-11.375,15,15,15,1,1
-69.875,-104.875,15,15,15,1,1
-68.375,-78.875,15,15,15,1,1
71.875,10.625,15,15,15,1,1
55.125,172.125,15,15,15,1,1
-69.625,-91.125,15,15,15,2,2
73.625,14.375,15,15,15,1,1
32.875,128.375,15,15,15,2,2
-67.375,-75.125,15,15,15,1,1
-70.375,-89.375,15,15,15,1,1
-66.875,-71.625,15,15,15,1,1
-68.375,8.625,15,15,15,1,1
71.375,29.625,15,15,15,1,1
71.375,22.375,15,15,15,1,1
71.375,19.875,15,15,15,1,1
-72.125,-85.125,15,15,15,1,1
63.875,7.625,15,15,15,2,2
32.625,136.125,15,15,15,5,5
65.375,-169.125,15,15,15,2,2
65.375,-169.375,15,15,15,1,1
65.125,8.625,15,15,15,1,1
-14.875,146.125,15,15,15,1,1
55.375,-148.875,15,15,15,1,1
-68.375,-74.875,15,15,15,2,2
22.875,-79.125,15,15,15,3,3
-41.375,-61.375,15,15,15,1,1
32.875,-76.875,15,15,15,1,1
20.875,-108.375,15,15,15,2,2
20.875,-64.375,15,15,15,1,1
71.625,-163.375,15,15,15,1,2
7.375,-79.375,15,15,15,1,1
-69.875,-92.625,15,15,15,2,2
74.625,31.875,15,15,15,2,2
53.625,-151.625,15,15,15,1,1
39.375,142.625,15,15,15,3,3
-72.625,-108.625,15,15,15,1,1
-42.125,-62.375,15,15,15,1,1
-48.625,169.125,15,15,15,1,1
53.125,4.125,15,15,15,1,1
71.625,-160.875,15,15,15,2,2
20.875,-66.625,15,15,15,2,2
21.125,-64.375,15,15,15,1,1
21.125,-68.875,15,15,15,1,1
64.125,-170.875,15,15,15,1,1
-47.375,168.875,15,15,15,1,1
53.375,-169.125,15,15,15,1,1
74.625,27.625,15,15,15,2,2
53.375,-159.375,15,15,15,1,1
32.375,141.875,15,15,15,4,4
53.375,-159.625,15,15,15,1,1
-64.125,-55.875,15,15,15,1,1
-64.125,-57.125,15,15,15,1,1
47.875,-131.125,15,15,15,1,1
-64.875,-66.875,15,15,15,1,1
53.375,-130.875,15,15,15,1,1
48.125,-128.875,15,15,15,1,1
69.875,8.125,15,15,15,1,1
22.375,-112.625,15,15,15,3,4
22.375,-17.375,15,15,15,2,2
-43.125,151.375,15,15,15,1,1
-42.875,174.875,15,15,15,1,1
47.875,-130.875,15,15,15,1,1
58.625,-150.875,15,15,15,1,1
32.375,128.875,15,15,15,2,2
32.375,-13.625,15,15,15,1,1
-67.875,-73.125,15,15,15,1,2
55.625,-150.625,15,15,15,1,1
-68.375,-73.375,15,15,15,2,2
74.125,25.375,15,15,15,1,1
53.625,-151.125,15,15,15,1,1
31.875,-76.625,15,15,15,1,1
31.875,-78.625,15,15,15,1,1
-71.875,-85.625,15,15,15,1,1
42.625,-128.125,15,15,15,1,1
71.625,21.875,15,15,15,1,1
-12.125,49.875,15,15,15,1,1
71.625,16.625,15,15,15,1,1
70.125,-168.375,15,15,15,2,2
70.125,-168.625,15,15,15,2,2
74.125,25.125,15,15,15,1,1
74.125,24.875,15,15,15,1,1
64.375,8.125,15,15,15,1,1
32.375,-79.875,15,15,15,1,1
-9.125,-35.125,15,15,15,1,1
-8.125,-32.875,15,15,15,1,1
55.625,-150.125,15,15,15,1,1
21.375,-75.125,15,15,15,3,4
21.375,-69.125,15,15,15,1,1
-64.875,78.125,15,15,15,1,1
32.125,-11.375,15,15,15,1,1
74.125,10.125,15,15,15,1,1
-64.375,117.625,15,15,15,1,1
55.625,-164.625,15,15,15,1,1
70.125,-165.125,15,15,15,3,3
-71.875,-83.125,15,15,15,1,1
-71.875,-85.375,15,15,15,1,1
31.875,-121.125,15,15,15,3,3
40.625,18.625,15,15,15,1,1
36.125,-3.875,15,15,15,2,2
51.125,-164.625,15,15,15,1,1
51.375,168.375,15,15,15,2,2
-63.125,-52.125,15,15,15,1,1
72.625,11.625,15,15,15,1,1
38.625,135.125,15,15,15,3,3
-69.625,-97.875,15,15,15,2,2
-32.375,16.625,15,15,15,2,2
-32.125,111.875,15,15,15,1,1
54.625,-152.125,15,15,15,1,1
72.625,-160.875,15,15,15,2,3
28.625,-89.125,15,15,15,1,1
36.375,-7.875,15,15,15,1,1
51.125,-165.625,14,14,14,1,1
-68.625,-78.875,14,14,14,2,2
72.625,-160.125,14,14,14,1,1
44.625,-12.875,14,14,14,1,1
72.625,-168.625,14,14,14,1,1
54.625,-170.375,14,14,14,1,1
54.625,-170.875,14,14,14,1,1
54.625,-171.875,14,14,14,1,1
-66.625,-70.125,14,14,14,1,1
72.375,31.625,14,14,14,1,1
27.875,-84.375,14,14,14,1,1
38.875,-124.625,14,14,14,2,2
60.625,-5.375,14,14,14,1,1
-70.625,-104.125,14,14,14,1,1
56.625,-164.125,14,14,14,1,1
-72.125,-104.875,14,14,14,1,1
67.375,9.625,14,14,14,1,1
45.125,-57.875,14,14,14,1,1
-35.375,30.125,14,14,14,1,1
44.875,-49.375,14,14,14,1,1
38.375,2.125,14,14,14,1,1
53.625,-151.375,14,14,14,1,1
31.875,140.125,14,14,14,4,4
-11.875,46.625,14,14,14,1,1
-11.875,49.375,14,14,14,1,1
21.875,-17.875,14,14,14,2,2
64.375,-61.625,14,14,14,1,1
32.125,142.375,14,14,14,4,4
64.375,-171.625,14,14,14,1,1
-7.125,153.625,14,14,14,5,5
57.125,-148.625,14,14,14,1,1
57.125,-146.375,14,14,14,2,2
42.375,7.875,14,14,14,1,1
-68.875,-74.625,14,14,14,1,1
74.125,25.625,14,14,14,1,1
-11.375,48.625,14,14,14,1,1
55.625,-159.375,14,14,14,2,2
-12.625,50.375,14,14,14,1,1
-64.875,112.875,14,14,14,1,1
57.125,-7.625,14,14,14,1,1
22.375,-111.375,14,14,14,3,3
22.625,-113.375,14,14,14,3,3
-42.875,-64.125,14,14,14,1,1
-42.875,177.375,14,14,14,1,1
-45.375,174.375,14,14,14,1,1
74.125,31.125,14,14,14,1,1
74.125,30.125,14,14,14,1,1
42.375,5.625,14,14,14,1,1
71.625,-149.625,14,14,14,1,1
71.625,-152.625,14,14,14,1,1
-68.375,-71.375,14,14,14,1,1
-9.125,143.875,14,14,14,1,1
53.625,-137.375,14,14,14,2,2
42.125,7.875,14,14,14,1,1
58.625,19.375,14,14,14,3,3
-64.125,110.375,14,14,14,1,1
53.375,-154.375,14,14,14,1,1
37.625,143.125,14,14,14,4,5
74.375,16.625,14,14,14,1,1
-67.875,-71.875,14,14,14,1,1
-5.375,153.625,14,14,14,3,3
71.625,-156.125,14,14,14,3,3
-64.875,-67.375,14,14,14,2,2
39.875,-11.625,14,14,14,1,1
74.375,10.625,14,14,14,1,1
73.875,14.625,14,14,14,1,1
73.875,13.375,14,14,14,1,1
64.875,2.625,14,14,14,1,1
71.625,23.625,14,14,14,1,1
7.375,-51.875,14,14,14,1,1
53.125,174.875,14,14,14,1,1
-73.625,-105.375,14,14,14,2,2
53.625,-152.375,14,14,14,1,1
53.625,-152.625,14,14,14,1,1
53.625,-152.875,14,14,14,1,1
-14.125,52.375,14,14,14,1,1
-69.875,-83.625,14,14,14,1,1
42.625,137.625,14,14,14,2,2
-72.625,-106.875,14,14,14,1,1
-15.125,53.625,14,14,14,1,1
-66.875,-70.875,14,14,14,1,1
65.375,4.875,14,14,14,1,1
37.875,143.125,14,14,14,3,3
73.625,31.375,14,14,14,1,1
7.125,-82.625,14,14,14,3,3
37.625,-123.875,14,14,14,3,3
32.625,137.875,14,14,14,3,4
73.625,29.875,14,14,14,1,1
31.625,-79.375,14,14,14,1,1
65.125,-168.875,14,14,14,3,3
73.625,19.875,14,14,14,1,1
73.625,19.625,14,14,14,1,1
73.625,19.125,14,14,14,1,1
73.625,18.875,14,14,14,1,1
73.625,18.625,14,14,14,1,1
32.625,142.625,14,14,14,4,5
32.625,141.125,14,14,14,4,4
-49.125,-62.375,14,14,14,1,1
20.875,-109.125,14,14,14,6,7
71.625,-166.875,14,14,14,3,3
-72.375,-106.875,14,14,14,1,1
53.125,-136.625,14,14,14,2,2
-66.875,-74.375,14,14,14,1,1
73.625,18.375,14,14,14,1,1
53.875,-161.625,14,14,14,1,1
53.875,-162.625,14,14,14,1,1
-16.375,121.625,14,14,14,1,1
-68.375,-77.125,14,14,14,1,1
55.125,176.375,14,14,14,1,1
55.125,173.625,14,14,14,1,1
43.125,-126.875,14,14,14,1,1
73.625,17.625,14,14,14,1,1
73.625,17.375,14,14,14,1,1
73.625,15.875,14,14,14,1,1
-66.875,-74.625,14,14,14,1,1
-67.125,77.375,14,14,14,1,1
58.625,-5.625,14,14,14,1,1
11.875,-93.625,14,14,14,1,1
58.875,-149.875,14,14,14,1,1
75.375,33.125,14,14,14,1,1
75.375,32.875,14,14,14,1,1
75.375,29.375,14,14,14,2,2
63.625,-173.125,14,14,14,1,1
52.875,174.125,14,14,14,1,1
63.625,0.875,14,14,14,1,1
75.125,23.625,14,14,14,1,1
75.125,21.125,14,14,14,1,1
75.375,11.375,14,14,14,1,1
75.125,41.375,14,14,14,1,1
56.875,-141.125,14,14,14,1,1
56.875,-145.375,14,14,14,1,1
-67.875,-83.125,14,14,14,2,2
56.875,-11.875,14,14,14,1,1
56.875,-145.875,14,14,14,1,1
-67.375,-75.625,14,14,14,1,1
63.375,-173.375,14,14,14,3,3
53.875,-154.125,14,14,14,1,1
31.125,-121.625,14,14,14,1,1
-18.125,42.125,14,14,14,1,1
42.875,8.875,14,14,14,2,2
39.625,-125.125,14,14,14,1,1
-65.875,-72.625,14,14,14,1,1
-65.875,-73.375,14,14,14,1,1
43.125,5.375,14,14,14,1,1
53.875,-157.375,14,14,14,1,1
53.875,-150.875,14,14,14,1,1
-53.375,-59.375,14,14,14,1,1
-55.375,-61.875,14,14,14,1,1
75.875,6.625,14,14,14,1,1
52.875,-157.125,14,14,14,1,1
49.125,-132.625,14,14,14,1,1
-40.375,173.375,14,14,14,4,4
71.875,25.875,14,14,14,1,1
-73.375,-107.875,14,14,14,1,1
-39.625,-59.375,14,14,14,1,1
73.625,-154.125,14,14,14,1,1
53.875,-14.875,14,14,14,1,1
53.875,-154.875,14,14,14,1,1
63.125,-174.125,14,14,14,1,1
37.375,-72.125,14,14,14,4,4
62.875,-173.875,14,14,14,2,2
52.625,3.375,14,14,14,1,1
49.375,-128.125,14,14,14,1,1
71.375,-152.625,14,14,14,2,2
-69.875,-105.875,14,14,14,1,1
55.125,-138.375,14,14,14,1,1
55.125,-140.125,14,14,14,1,1
43.125,14.625,14,14,14,1,1
73.375,12.125,14,14,14,1,1
66.125,-13.375,14,14,14,1,1
66.125,-61.125,14,14,14,1,1
30.625,137.375,14,14,14,2,2
34.125,143.375,14,14,14,4,4
34.125,142.875,14,14,14,4,4
34.125,141.875,14,14,14,5,5
13.375,-94.625,14,14,14,6,8
13.625,-60.125,14,14,14,1,1
20.125,-73.375,14,14,14,1,1
49.375,-129.625,14,14,14,1,1
-56.625,-60.125,14,14,14,1,1
52.625,-137.125,14,14,14,1,1
39.125,137.125,14,14,14,2,2
24.375,-114.125,14,14,14,4,4
73.125,30.875,14,14,14,1,1
73.125,30.625,14,14,14,1,1
-58.625,-63.375,14,14,14,1,1
-58.625,-63.625,14,14,14,1,1
-58.625,-64.875,14,14,14,1,1
49.375,-3.625,14,14,14,4,4
62.125,-176.125,14,14,14,1,1
70.375,7.625,14,14,14,1,1
62.375,-175.625,14,14,14,1,1
37.125,-1.375,14,14,14,1,1
-56.625,-64.875,14,14,14,1,1
49.125,-129.375,14,14,14,1,1
53.875,-155.375,14,14,14,1,1
55.125,-138.125,14,14,14,1,1
73.125,29.625,14,14,14,1,1
72.125,-152.625,14,14,14,3,3
43.375,-126.875,14,14,14,1,1
69.375,-166.625,14,14,14,2,2
69.375,-168.375,14,14,14,1,1
24.875,-83.625,14,14,14,1,1
-70.125,-93.875,14,14,14,2,2
-59.125,-67.875,14,14,14,1,1
-59.125,-68.125,14,14,14,1,1
-59.375,-61.125,14,14,14,1,1
-68.125,-74.125,14,14,14,3,3
14.375,-96.875,14,14,14,5,5
14.625,-76.875,14,14,14,5,5
41.375,146.125,14,14,14,4,4
73.125,32.125,14,14,14,1,1
73.375,12.625,14,14,14,1,1
73.125,31.125,14,14,14,1,1
55.125,-159.375,14,14,14,2,2
66.125,12.375,14,14,14,1,1
58.125,-135.375,14,14,14,1,1
54.125,-159.625,14,14,14,1,1
46.125,-10.125,14,14,14,1,1
54.125,-155.375,14,14,14,1,1
-38.125,179.625,14,14,14,1,1
54.125,-152.375,14,14,14,1,1
34.625,-72.875,14,14,14,1,1
-59.625,-60.625,14,14,14,1,1
52.375,-137.625,14,14,14,1,1
49.875,-13.375,14,14,14,1,1
14.875,-98.125,14,14,14,7,9
-69.125,-85.375,14,14,14,2,2
61.875,-169.125,14,14,14,1,1
-66.375,149.375,14,14,14,1,1
58.125,-150.875,14,14,14,1,1
54.125,172.875,14,14,14,1,1
73.125,-168.625,14,14,14,1,1
34.875,-9.375,14,14,14,1,1
56.125,-142.125,14,14,14,1,1
-72.375,-106.125,14,14,14,1,1
71.125,-152.375,14,14,14,1,1
-68.125,-70.125,14,14,14,1,2
41.375,6.875,14,14,14,1,1
61.875,-176.625,14,14,14,1,1
34.625,-8.875,14,14,14,1,1
61.625,-173.875,14,14,14,1,1
73.125,31.875,14,14,14,1,1
73.125,31.625,14,14,14,1,1
73.125,31.375,14,14,14,1,1
-60.875,-51.375,14,14,14,1,1
-60.875,-51.625,14,14,14,1,1
76.625,28.125,14,14,14,2,2
76.875,23.125,14,14,14,1,1
-70.875,-82.125,14,14,14,1,1
-70.875,-103.375,14,14,14,2,2
70.625,-168.375,14,14,14,3,3
70.375,20.875,14,14,14,1,1
61.625,-176.375,14,14,14,2,2
52.125,-129.875,14,14,14,1,1
-68.625,-81.875,14,14,14,1,1
58.125,-141.875,14,14,14,1,1
30.375,131.125,14,14,14,4,4
66.375,9.875,14,14,14,1,1
-24.375,113.375,14,14,14,1,1
69.125,9.875,14,14,14,1,1
-61.125,-58.375,14,14,14,1,1
61.125,-3.125,14,14,12,1,2
-60.625,-62.125,14,14,14,1,1
30.125,133.125,14,14,14,3,3
-37.125,25.875,14,14,14,1,1
72.875,19.625,14,14,14,1,1
72.875,19.375,14,14,14,1,1
72.875,18.875,14,14,14,1,1
29.875,-15.375,14,14,14,2,2
66.625,-6.625,14,14,14,1,1
30.125,-14.625,14,14,14,1,2
72.125,32.875,14,14,14,1,1
72.125,32.375,14,14,14,1,1
34.875,142.875,14,14,14,3,3
50.125,-5.875,14,14,14,1,1
16.625,-65.625,14,14,14,1,1
24.875,-16.125,14,14,14,2,2
-66.375,141.375,14,14,14,1,1
25.125,-16.125,14,14,14,2,3
25.375,-82.375,14,14,14,1,1
57.625,-148.625,14,14,14,1,1
43.875,-127.375,14,14,14,1,1
-69.625,-103.125,14,14,14,1,1
-66.375,29.875,14,14,14,1,1
-66.375,-67.125,14,14,14,2,2
72.875,17.875,14,14,14,1,1
72.875,17.375,14,14,14,1,1
72.875,17.125,14,14,14,1,1
-36.375,26.375,14,14,14,1,1
35.125,142.625,14,14,14,3,4
-70.375,-103.875,14,14,14,2,2
76.875,31.375,14,14,14,1,1
29.625,-16.125,14,14,14,1,1
29.625,134.125,14,14,14,5,5
72.375,-151.875,14,14,14,1,1
72.875,14.375,14,14,14,1,1
72.875,13.875,14,14,14,1,1
72.875,12.875,14,14,14,1,1
-61.875,-57.125,14,14,14,1,1
77.125,26.375,14,14,14,1,1
-67.375,-70.625,14,14,14,2,2
35.375,-8.125,14,14,14,1,1
56.625,-144.625,14,14,14,1,1
56.625,-145.125,14,14,14,1,1
56.625,-10.625,14,14,14,1,1
17.875,-78.125,14,14,14,2,2
56.125,17.375,14,14,14,7,7
35.125,-72.625,14,14,14,1,1
54.375,-169.625,14,14,14,1,1
72.875,18.375,14,14,14,1,1
72.875,18.125,14,14,14,1,1
54.875,-157.625,14,14,14,2,2
68.625,-168.625,14,14,14,1,1
-35.625,175.125,14,14,14,1,1
-35.625,170.125,14,14,14,3,3
77.125,30.875,14,14,14,1,1
60.875,-1.875,14,14,14,1,1
35.375,143.375,14,14,14,3,4
35.375,143.125,14,14,14,3,3
50.375,-1.875,14,14,14,1,1
-62.125,-61.625,14,14,14,1,1
50.375,-128.875,14,14,14,1,1
51.875,-170.625,14,14,14,1,1
77.125,26.875,14,14,14,1,1
57.875,-7.875,14,14,14,1,1
-28.125,12.875,14,14,14,1,1
-27.375,113.375,14,14,14,1,1
72.625,18.875,14,14,14,1,1
77.375,33.625,14,14,14,1,1
50.375,173.625,14,14,14,1,1
18.375,-68.375,14,14,14,4,5
56.625,-149.125,14,14,14,2,2
60.875,-176.875,14,14,14,2,2
-62.375,-48.375,14,14,14,1,1
77.375,12.125,14,14,14,1,1
77.125,34.625,14,14,14,1,1
72.875,12.625,14,14,14,2,2
54.375,-153.875,14,14,14,1,1
54.375,-154.125,14,14,14,1,1
54.375,-169.125,14,14,14,1,1
44.875,-8.625,14,14,14,1,1
36.375,-126.375,14,14,14,3,3
60.375,-173.625,14,14,14,1,1
51.375,-167.875,14,14,14,1,1
-62.875,-58.625,14,14,14,2,2
60.625,-170.375,14,14,14,1,1
60.625,-173.125,14,14,14,1,1
-68.125,2.875,14,14,14,1,1
-70.625,-104.875,14,14,14,1,1
77.875,10.875,14,14,14,1,1
50.625,-12.625,14,14,14,1,1
54.625,-154.625,14,14,14,1,1
54.625,-165.625,14,14,14,1,1
72.375,31.875,14,14,14,1,1
54.625,-131.125,14,14,14,1,1
72.625,-155.875,14,14,14,1,1
-65.625,-68.875,14,14,14,2,2
-65.625,-70.875,14,14,14,1,1
73.875,15.125,14,14,14,1,1
60.125,-179.625,14,14,14,1,1
-63.625,117.625,14,14,14,1,1
40.625,144.625,14,14,14,5,5
78.375,9.125,14,14,14,1,1
-70.625,-80.875,14,14,14,1,1
-70.625,-81.125,14,14,14,1,1
36.125,-10.875,14,14,14,1,1
36.375,143.125,14,14,14,3,3
60.375,-173.375,14,14,14,1,1
78.625,8.875,14,14,14,2,2
78.375,33.875,14,14,14,1,1
54.625,-157.125,14,14,14,1,1
54.625,-172.125,14,14,14,1,1
35.875,143.875,13,13,13,3,3
36.125,-123.375,13,13,13,1,1
-63.125,-62.375,13,13,13,1,1
-63.125,-69.875,13,13,13,1,1
70.625,14.125,13,13,13,1,1
19.125,-85.125,13,13,13,1,1
-74.125,-105.125,13,13,13,1,1
60.125,-172.875,13,13,13,1,1
51.375,-162.375,13,13,13,1,1
64.625,5.125,13,13,13,2,2
31.875,-78.375,13,13,13,1,1
70.875,-165.625,13,13,13,1,2
18.375,-104.875,13,13,13,1,1
19.125,-74.625,13,13,13,3,4
-63.875,122.875,13,13,13,1,1
78.125,33.125,13,13,13,1,1
-64.125,-54.375,13,13,13,1,1
47.875,-128.375,13,13,13,2,2
-45.125,171.625,13,13,13,1,1
-45.375,172.625,13,13,13,1,1
32.125,140.125,13,13,13,4,4
32.125,137.625,13,13,13,4,4
74.125,23.625,13,13,13,1,1
74.625,11.375,13,13,13,1,1
53.375,-130.625,13,13,13,1,1
74.625,26.625,13,13,13,1,1
77.875,32.375,13,13,13,1,1
56.375,-151.375,13,13,13,1,1
70.875,-98.125,13,13,13,1,1
17.625,-103.625,13,13,13,1,1
-68.125,6.625,13,13,13,1,1
56.625,-12.125,13,13,13,1,1
18.625,-80.375,13,13,13,2,2
-68.125,2.625,13,13,13,1,1
56.375,-142.625,13,13,13,1,1
64.125,-170.625,13,13,13,1,1
64.125,-169.125,13,13,13,1,1
53.375,-137.125,13,13,13,1,1
74.125,27.875,13,13,13,1,1
47.625,-128.375,13,13,13,1,1
-43.875,177.625,13,13,13,1,1
74.125,12.125,13,13,13,1,1
74.625,28.625,13,13,13,2,2
73.875,14.875,13,13,13,1,1
74.125,-160.375,13,13,13,1,1
70.875,17.375,13,13,13,3,3
19.625,-86.625,13,13,13,1,2
-65.375,141.125,13,13,13,1,1
-65.375,144.125,13,13,13,1,1
-68.125,-3.875,13,13,13,1,1
41.125,18.375,13,13,13,1,1
16.375,-86.875,13,13,13,4,4
16.125,-76.375,13,13,13,4,4
60.625,-173.375,13,13,13,1,1
60.625,-170.875,13,13,13,1,1
-69.875,-94.875,13,13,13,2,2
-69.875,-94.625,13,13,13,2,2
71.125,-167.625,13,13,13,1,1
77.875,32.625,13,13,13,1,1
77.625,32.875,13,13,13,1,1
77.625,33.125,13,13,13,1,1
-62.875,-54.125,13,13,13,1,1
50.625,0.125,13,13,13,1,1
60.625,-18.125,13,13,13,1,1
56.625,-145.375,13,13,13,1,1
56.625,-144.875,13,13,13,1,1
74.125,-148.125,13,13,13,2,2
64.875,-168.125,13,13,13,3,3
53.625,-10.625,13,13,13,1,1
48.375,-129.125,13,13,13,1,1
73.625,33.125,13,13,13,1,1
47.375,-130.375,13,13,13,2,2
41.625,-9.875,13,13,13,1,1
41.625,7.125,13,13,13,1,1
-65.375,69.625,13,13,13,1,1
13.875,-60.375,13,13,13,1,1
15.125,-71.625,13,13,13,2,2
15.875,-19.625,13,13,13,1,1
-72.375,-84.875,13,13,13,1,1
55.875,174.375,13,13,13,1,1
41.625,17.875,13,13,13,1,1
-65.125,119.625,13,13,13,1,1
-65.375,-67.625,13,13,13,1,1
41.125,146.375,13,13,13,5,5
19.875,-63.125,13,13,13,1,1
77.625,32.375,13,13,13,1,1
-62.625,-55.125,13,13,13,2,2
36.625,-123.125,13,13,13,2,2
-42.875,-64.875,13,13,13,1,1
37.875,135.125,13,13,13,2,2
47.375,-130.125,13,13,13,2,2
74.875,24.875,13,13,13,1,1
75.125,-5.375,13,13,13,1,1
58.625,-9.875,13,13,13,1,1
-73.625,-105.125,13,13,13,2,2
53.125,174.625,13,13,13,1,1
53.125,-14.375,13,13,13,2,2
74.875,11.625,13,13,13,1,1
-49.625,-63.125,13,13,13,1,1
73.625,28.625,13,13,13,1,1
73.625,28.875,13,13,13,1,1
73.625,30.875,13,13,13,1,1
73.625,31.125,13,13,13,1,1
73.625,31.625,13,13,13,1,1
73.625,31.875,13,13,13,1,1
-41.875,151.875,13,13,13,1,1
31.375,137.375,13,13,13,4,4
31.375,137.625,13,13,13,4,4
-41.375,-61.125,13,13,13,1,1
-68.375,76.375,13,13,13,1,1
11.625,-78.875,13,13,13,5,5
55.875,-146.875,13,13,13,2,2
-65.375,-73.375,13,13,13,1,1
-65.375,-72.625,13,13,13,1,1
70.375,-146.375,13,13,13,1,1
-65.375,-71.125,13,13,13,1,1
-65.375,-70.875,13,13,13,1,1
-67.875,-75.125,13,13,13,1,1
56.875,-141.375,13,13,13,1,1
-69.375,-103.125,13,13,13,1,1
-69.125,-102.125,13,13,13,1,1
35.625,-125.125,13,13,13,1,1
-67.125,-72.625,13,13,13,1,1
77.375,-137.875,13,13,13,1,1
-70.125,-104.125,13,13,13,2,2
-41.125,174.625,13,13,13,4,4
-40.875,-60.875,13,13,13,1,1
48.625,-11.875,13,13,13,1,1
75.125,24.125,13,13,13,1,1
63.875,-172.625,13,13,13,1,1
32.875,-12.625,13,13,13,1,1
75.125,32.625,13,13,13,1,1
75.125,41.125,13,13,13,1,1
71.625,-164.125,13,13,13,2,2
70.375,-166.125,13,13,13,2,2
-65.375,-71.875,13,13,13,1,1
-65.625,145.875,13,13,13,1,1
51.625,168.625,13,13,13,2,2
55.875,173.625,13,13,13,1,1
73.625,17.125,13,13,13,1,1
58.375,-168.375,13,13,13,2,3
30.875,136.625,13,13,13,3,3
30.875,137.625,13,13,13,3,3
38.125,17.625,13,13,13,1,1
-70.375,-88.875,13,13,13,1,1
53.875,-151.375,13,13,13,1,1
73.625,19.375,13,13,13,1,1
30.875,131.375,13,13,13,4,4
30.875,131.625,13,13,13,5,5
38.125,137.625,13,13,13,2,2
55.625,-139.875,13,13,13,1,1
39.875,-70.125,13,13,13,2,2
57.125,-165.375,13,13,13,1,1
-68.375,-71.125,13,13,13,1,1
71.625,-150.375,13,13,13,1,1
-39.125,147.875,13,13,13,10,10
75.375,29.625,13,13,13,1,1
75.375,29.875,13,13,13,1,1
75.375,30.875,13,13,13,1,1
48.875,-126.625,13,13,13,1,1
33.125,137.625,13,13,13,5,5
73.375,-133.125,13,13,13,1,1
66.125,6.875,13,13,13,1,1
-67.625,-71.375,13,13,13,1,1
58.125,-139.625,13,13,13,1,1
53.875,-156.875,13,13,13,1,1
-39.875,-59.625,13,13,13,1,1
73.125,24.625,13,13,13,1,1
57.125,-147.625,13,13,13,1,1
-67.875,-72.625,13,13,13,1,2
61.125,-168.625,13,13,13,2,2
-61.875,-61.375,13,13,13,1,1
-73.875,-107.125,13,13,13,1,1
61.125,-17.375,13,13,13,1,1
35.375,-73.125,13,13,13,1,1
-3.625,152.875,13,13,13,4,4
73.125,-131.375,13,13,13,1,1
30.375,135.875,13,13,13,2,2
58.125,-141.625,13,13,13,1,1
-38.625,-58.125,13,13,13,1,1
73.375,-154.375,13,13,13,2,2
33.375,-13.125,13,13,13,1,1
-11.625,48.875,13,13,13,1,1
55.375,172.875,13,13,13,1,1
55.375,174.125,13,13,13,1,1
57.125,-151.875,13,13,13,2,2
57.125,-148.375,13,13,13,1,1
57.125,-147.875,13,13,13,1,1
-64.875,110.625,13,13,13,1,1
42.375,-12.375,13,13,13,1,1
73.125,-132.375,13,13,13,1,1
45.875,-8.125,13,13,13,1,1
30.125,131.125,13,13,13,6,6
38.375,0.625,13,13,13,1,1
-36.875,-55.125,13,13,13,1,1
-68.625,-84.125,13,13,13,2,2
55.625,-165.125,13,13,13,1,1
55.625,-164.375,13,13,13,1,1
51.875,-129.875,13,13,13,1,1
36.875,-122.375,13,13,13,1,1
50.125,-131.625,13,13,13,1,1
-67.375,-73.375,13,13,13,1,1
73.125,-156.375,13,13,13,2,2
58.125,-150.125,13,13,13,1,1
72.875,19.125,13,13,13,1,1
33.375,138.875,13,13,13,2,3
58.875,-145.125,13,13,13,1,1
58.875,-144.625,13,13,13,1,1
58.875,-144.125,13,13,13,1,1
33.375,-12.625,13,13,13,1,1
57.875,20.375,13,13,13,3,3
66.875,-166.875,13,13,13,1,1
29.625,133.875,13,13,13,5,5
75.375,33.375,13,13,13,1,1
75.375,33.875,13,13,13,1,1
75.375,34.125,13,13,13,1,1
75.375,34.375,13,13,13,1,1
75.625,5.125,13,13,13,1,1
58.875,-143.875,13,13,13,1,1
33.375,138.125,13,13,13,4,5
-55.125,-65.875,13,13,13,1,1
-55.125,-65.625,13,13,13,1,1
45.375,-8.125,13,13,13,1,1
69.875,8.625,13,13,13,1,1
76.875,29.125,13,13,13,1,1
50.125,172.125,13,13,13,1,1
61.375,-176.875,13,13,13,2,2
-71.875,-103.375,13,13,13,1,1
71.875,-156.875,13,13,13,2,2
57.375,-165.125,13,13,13,2,2
-65.875,77.375,13,13,13,1,1
71.625,31.625,13,13,13,1,1
72.875,-157.125,13,13,13,3,3
45.125,-4.375,13,13,13,1,1
45.125,-52.875,13,13,13,1,1
-66.875,75.625,13,13,13,1,1
-66.625,-73.875,13,13,13,1,1
-36.625,26.375,13,13,13,1,1
44.875,-50.375,13,13,13,1,1
72.875,-159.125,13,13,13,3,3
54.375,-138.125,13,13,13,1,1
29.125,-80.625,13,13,13,1,1
28.875,-16.125,13,13,13,1,1
49.125,-128.875,13,13,13,1,1
37.375,135.125,13,13,13,2,2
62.875,20.375,13,13,13,3,3
75.625,41.625,13,13,13,1,1
75.875,7.375,13,13,13,1,1
69.875,-166.375,13,13,13,3,3
55.375,-151.375,13,13,13,1,1
49.875,170.625,13,13,13,1,1
59.375,-140.625,13,13,13,1,1
59.375,-60.125,13,13,13,1,1
-34.625,18.875,13,13,13,1,1
76.125,4.875,13,13,13,1,1
33.875,140.625,13,13,13,3,3
33.875,138.875,13,13,13,5,5
33.875,-120.125,13,13,13,1,1
-33.625,27.625,13,13,13,1,1
57.875,-148.625,13,13,13,1,1
57.875,-147.125,13,13,13,1,1
57.875,-146.625,13,13,13,1,1
54.625,-171.375,13,13,13,1,1
54.625,-170.625,13,13,13,1,1
-34.875,-54.125,13,13,13,1,1
38.625,0.875,13,13,13,1,1
-69.625,-98.375,13,13,13,1,1
71.875,18.625,13,13,13,1,1
-67.875,-6.625,13,13,13,1,1
-65.875,-72.875,13,13,13,1,1
55.375,-165.375,13,13,13,2,2
23.875,-74.125,13,13,13,1,1
-19.875,151.875,13,13,13,1,1
-20.125,40.875,13,13,13,1,1
-20.125,117.375,13,13,13,1,1
-16.625,42.625,13,13,13,1,1
57.375,-149.375,13,13,13,2,2
39.375,4.125,13,13,13,1,1
36.875,142.375,13,13,13,5,5
49.875,-9.625,13,13,13,1,1
76.625,21.125,13,13,13,1,1
76.625,21.375,13,13,13,1,1
76.625,25.875,13,13,13,1,1
49.875,-4.625,13,13,13,1,1
34.875,141.125,13,13,13,3,4
36.875,132.625,13,13,13,1,1
39.375,136.625,13,13,13,2,2
68.125,9.875,13,13,13,1,1
28.375,-93.375,13,13,13,1,1
76.125,25.625,13,13,13,1,1
-58.125,-69.625,13,13,13,1,1
52.625,-157.625,13,13,13,1,1
34.125,141.375,13,13,13,4,4
62.375,0.875,13,13,13,1,1
54.625,-10.875,13,13,13,1,1
34.875,-74.125,13,13,13,1,1
72.125,-154.375,13,13,13,3,3
-21.375,152.875,13,13,13,1,1
43.375,-59.875,13,13,13,1,1
24.125,-113.875,13,13,13,3,3
43.375,-60.625,13,13,13,1,1
-23.875,113.375,13,13,13,1,1
71.875,32.875,13,13,13,1,1
55.125,-13.375,13,13,13,2,2
-29.625,114.125,13,13,13,1,1
72.625,-158.625,13,13,13,2,2
-68.625,-81.125,13,13,13,2,2
-68.625,-79.625,13,13,13,2,2
54.625,-153.875,13,13,13,1,1
-69.625,-98.625,13,13,13,1,1
59.125,-142.125,13,13,13,1,1
59.125,-141.375,13,13,13,1,1
34.875,-9.625,13,13,13,1,1
52.125,-11.125,13,13,13,1,1
76.625,20.625,13,13,13,1,1
76.625,20.875,13,13,13,1,1
61.375,3.125,13,13,13,1,1
-60.125,-60.125,13,13,13,1,1
54.875,-172.625,13,13,13,1,1
-30.125,13.875,13,13,13,1,1
44.375,-125.875,13,13,13,1,1
27.125,-16.375,13,13,13,2,2
26.625,-17.875,13,13,13,1,1
-28.625,13.125,13,13,13,1,1
26.375,-84.875,13,13,13,1,1
69.125,15.375,13,13,13,2,2
57.625,-166.375,13,13,13,1,1
54.875,173.375,13,13,13,1,1
-24.125,40.875,13,13,13,1,1
52.375,-158.375,13,13,13,1,1
-59.875,-65.375,13,13,13,2,2
49.625,-131.625,13,13,13,1,1
43.875,-13.875,13,13,13,1,1
34.375,-9.625,13,13,13,1,1
59.125,-11.375,13,13,13,1,1
59.125,-143.375,13,13,13,1,1
59.125,-142.625,13,13,13,1,1
76.375,20.625,13,13,13,1,1
76.375,21.125,13,13,13,1,1
54.875,-139.875,13,13,13,1,1
72.375,-154.125,13,13,13,1,1
26.125,-84.125,13,13,13,1,1
-66.375,141.125,13,13,13,1,1
68.875,-62.375,13,13,13,1,1
72.375,-162.625,13,13,13,3,3
72.375,-162.125,13,13,13,3,4
57.625,-145.125,13,13,13,1,1
69.125,-106.625,13,13,13,2,2
-59.375,-61.375,13,13,13,1,1
52.375,3.375,13,13,13,1,1
57.625,-155.625,13,13,13,1,1
78.625,9.375,13,13,13,1,1
40.875,5.875,13,13,13,1,1
56.375,-150.375,13,13,13,2,2
18.875,-64.375,13,13,13,1,1
56.375,-8.625,13,13,13,1,1
64.125,-0.875,13,13,13,1,1
-63.625,87.375,13,13,13,1,1
-63.625,-54.125,13,13,13,1,1
36.375,-4.125,13,13,13,1,1
36.125,143.625,13,13,13,3,4
36.125,-8.125,12,12,12,1,1
78.875,10.125,12,12,12,1,1
-69.375,-85.125,12,12,12,1,1
36.375,-2.625,12,12,12,2,2
60.375,-178.125,12,12,12,1,1
36.375,-125.875,12,12,12,1,1
51.125,-6.875,12,12,12,1,1
79.625,9.125,12,12,12,1,1
37.875,-125.125,12,12,12,1,1
64.125,8.125,12,12,12,1,1
32.375,135.375,12,12,12,3,3
58.625,-145.375,12,12,12,1,1
-69.375,-87.375,12,12,12,2,2
78.125,33.375,12,12,12,1,1
78.125,33.625,12,12,12,1,1
78.125,33.875,12,12,12,1,1
-46.375,143.875,12,12,12,1,1
64.125,-8.125,12,12,12,1,1
53.625,-137.625,12,12,12,1,1
-44.875,150.375,12,12,12,1,1
74.375,-160.875,12,12,12,1,1
32.125,137.375,12,12,12,2,2
74.125,27.625,12,12,12,1,1
74.625,26.875,12,12,12,1,1
-70.375,-99.125,12,12,12,1,1
-62.875,-59.125,12,12,12,1,1
56.125,175.125,12,12,12,1,1
70.875,-160.625,12,12,12,1,1
56.375,-154.875,12,12,12,1,1
62.125,-168.125,12,12,12,2,2
59.125,-142.375,12,12,12,1,1
76.375,21.875,12,12,12,1,1
72.375,14.625,12,12,12,1,1
-25.875,44.375,12,12,12,1,1
72.375,-154.375,12,12,12,2,2
25.875,-82.625,12,12,12,2,2
54.875,-131.375,12,12,12,1,1
-27.625,12.125,12,12,12,1,1
72.375,16.625,12,12,12,1,1
-28.375,13.125,12,12,12,1,1
-25.625,46.375,12,12,12,1,1
43.875,-126.375,12,12,12,1,1
69.125,-167.875,12,12,12,1,1
69.125,-165.625,12,12,12,1,1
43.625,-57.875,12,12,12,1,1
26.375,-83.375,12,12,12,1,1
-69.125,-98.625,12,12,12,2,2
-59.875,-65.125,12,12,12,2,2
-59.875,-60.125,12,12,12,1,1
76.375,25.375,12,12,12,1,1
-59.375,-66.875,12,12,12,1,1
-59.375,-66.375,12,12,12,1,1
-23.625,-43.875,12,12,12,3,3
-23.625,153.625,12,12,12,1,1
69.375,-166.125,12,12,12,2,2
57.625,-144.625,12,12,12,1,1
43.875,13.875,12,12,12,1,1
-64.875,119.375,12,12,12,1,1
61.875,-1.625,12,12,12,1,1
49.625,-129.625,12,12,12,2,2
34.375,-10.375,12,12,12,1,1
-22.125,40.375,12,12,12,1,1
76.625,20.375,12,12,12,1,1
-60.375,-64.375,12,12,12,1,1
34.625,-9.625,12,12,12,1,1
-60.375,-52.375,12,12,12,1,1
59.375,-145.125,12,12,12,1,1
-70.875,-102.875,12,12,12,1,1
34.875,-74.625,12,12,12,1,1
72.375,30.125,12,12,12,1,1
72.375,30.875,12,12,12,1,1
57.625,-6.625,12,12,12,2,2
27.375,-15.875,12,12,12,1,1
-71.375,-107.125,12,12,12,2,2
44.125,-127.875,12,12,12,1,1
44.125,-125.375,12,12,12,1,1
-27.375,11.875,12,12,12,1,1
72.125,-161.125,12,12,12,2,2
-21.125,114.875,12,12,12,1,1
-21.375,40.625,12,12,12,1,1
-21.875,40.375,12,12,12,1,1
57.625,-167.875,12,12,12,2,2
69.625,-165.375,12,12,12,4,4
-31.875,13.625,12,12,12,1,1
-66.625,66.375,12,12,12,1,1
27.875,-83.375,12,12,12,1,1
27.625,-15.625,12,12,12,1,1
27.375,-79.125,12,12,12,1,1
27.375,-18.125,12,12,12,1,1
38.875,-71.125,12,12,12,1,1
59.125,-141.625,12,12,12,1,1
55.125,-147.875,12,12,12,1,1
-21.625,40.625,12,12,12,1,1
69.625,-163.875,12,12,12,1,1
23.375,-17.125,12,12,12,2,2
23.375,-78.375,12,12,12,3,3
49.875,-10.625,12,12,12,1,1
76.625,22.375,12,12,12,1,1
76.625,23.875,12,12,12,1,1
59.375,-145.875,12,12,12,1,1
52.625,-135.125,12,12,12,1,1
76.125,16.875,12,12,12,1,1
76.125,17.125,12,12,12,1,1
34.125,142.125,12,12,12,4,4
-57.375,-62.125,12,12,12,1,1
44.625,12.875,12,12,12,1,1
-68.625,-75.125,12,12,12,1,1
54.625,-14.375,12,12,12,1,1
43.375,-52.625,12,12,12,1,1
54.375,171.375,12,12,12,1,1
-68.625,-78.625,12,12,12,1,1
57.875,-143.375,12,12,12,1,1
57.875,-142.875,12,12,12,1,1
57.875,-142.375,12,12,12,1,1
44.625,-128.375,12,12,12,3,3
72.625,-159.375,12,12,12,2,2
72.625,-159.125,12,12,12,2,2
44.875,-56.125,12,12,12,1,1
57.875,-146.375,12,12,12,1,1
68.125,6.875,12,12,12,1,1
-18.875,120.375,12,12,12,1,1
-67.875,-8.125,12,12,12,1,1
23.125,-78.125,12,12,12,2,2
-17.375,147.625,12,12,12,1,1
24.125,-82.625,12,12,12,1,1
76.625,27.625,12,12,12,1,1
76.625,29.125,12,12,12,1,1
76.625,31.625,12,12,12,1,1
59.375,-141.375,12,12,12,1,1
59.375,-140.875,12,12,12,1,1
61.375,-16.625,12,12,12,1,1
-60.625,-62.875,12,12,12,1,1
76.875,-136.125,12,12,12,1,1
-72.875,-85.625,12,12,12,1,1
-57.375,-64.875,12,12,12,1,1
76.125,5.875,12,12,12,1,1
-69.125,-83.125,12,12,12,1,1
62.625,-175.375,12,12,12,1,1
62.625,-167.875,12,12,12,3,3
75.875,26.125,12,12,12,1,1
75.875,26.625,12,12,12,1,1
-66.875,71.875,12,12,12,1,1
29.375,-15.125,12,12,12,1,1
29.125,131.875,12,12,12,3,3
67.125,12.875,12,12,12,1,1
-36.625,24.375,12,12,12,1,1
54.375,-136.875,12,12,12,1,1
28.875,130.125,12,12,12,4,4
67.625,10.625,12,12,12,1,1
49.375,-128.375,12,12,12,2,2
49.125,-130.375,12,12,12,1,1
62.875,-167.875,12,12,12,1,1
28.625,129.125,12,12,12,3,3
57.875,-144.875,12,12,12,1,1
-34.625,17.875,12,12,12,1,1
69.875,-168.875,12,12,12,1,1
39.625,-13.375,12,12,12,1,1
-65.625,-71.625,12,12,12,1,1
55.625,-165.375,12,12,12,1,1
-14.875,53.125,12,12,12,1,1
-69.875,-85.625,12,12,12,1,1
71.875,-154.875,12,12,12,2,2
-68.375,-76.375,12,12,12,2,2
69.875,-99.625,12,12,12,1,1
22.625,-111.625,12,12,12,3,3
57.125,-8.125,12,12,12,1,1
-12.375,45.375,12,12,12,1,1
-15.375,122.875,12,12,12,1,1
-15.875,42.625,12,12,12,1,1
-12.875,50.625,12,12,12,1,1
-13.125,45.125,12,12,12,1,1
-35.875,-178.875,12,12,12,1,1
-70.125,-100.125,12,12,12,1,1
33.375,-118.375,12,12,12,2,2
-36.875,25.125,12,12,12,1,1
66.625,7.375,12,12,12,1,1
-36.375,23.375,12,12,12,1,1
75.625,23.375,12,12,12,1,1
75.625,32.875,12,12,12,1,1
30.125,132.625,12,12,12,6,6
71.875,-162.875,12,12,12,2,2
-13.875,44.375,12,12,12,1,1
-65.875,151.375,12,12,12,1,1
70.125,-166.875,12,12,12,2,2
76.875,26.375,12,12,12,1,1
50.125,172.875,12,12,12,1,1
61.375,-168.625,12,12,12,1,1
34.875,142.625,12,12,12,3,3
59.375,-143.125,12,12,12,1,1
66.375,12.375,12,12,12,1,1
30.125,129.125,12,12,12,2,2
50.125,-10.875,12,12,12,1,1
-61.625,-56.625,12,12,12,1,1
-61.375,-63.875,12,12,12,1,1
35.125,-7.875,12,12,12,1,1
61.125,-3.875,12,12,12,1,1
76.875,23.875,12,12,12,1,1
76.875,25.375,12,12,12,1,1
52.125,-171.875,12,12,12,2,2
76.875,38.375,12,12,12,1,1
76.875,38.625,12,12,12,1,1
66.625,-6.375,12,12,12,1,1
63.375,-1.375,12,12,12,1,1
58.875,-144.875,12,12,12,1,1
33.375,129.375,12,12,12,2,2
76.875,38.875,12,12,12,1,1
57.125,-144.875,12,12,12,1,1
57.125,-148.875,12,12,12,1,1
-5.875,-31.875,12,12,12,1,1
-10.375,-35.875,12,12,12,1,1
39.625,14.125,12,12,12,1,1
71.625,-148.875,12,12,12,1,1
-5.875,-32.375,12,12,12,1,1
37.375,142.875,12,12,12,5,5
54.125,-137.875,12,12,12,1,1
73.125,-134.875,12,12,12,1,1
45.875,-7.875,12,12,12,1,1
58.125,-140.375,12,12,12,1,1
-67.625,-73.125,12,12,12,1,1
30.125,133.875,12,12,12,4,4
30.125,135.375,12,12,12,4,4
35.125,140.125,12,12,12,1,1
-67.375,-70.125,12,12,12,1,1
61.125,-22.375,12,12,12,1,1
-70.375,-106.625,12,12,12,1,1
-70.375,-106.125,12,12,12,1,1
35.125,143.625,12,12,12,3,3
73.125,-131.625,12,12,12,1,1
46.375,-6.875,12,12,12,1,1
46.125,-128.625,12,12,12,1,1
66.125,11.625,12,12,12,1,1
30.375,133.125,12,12,12,2,2
30.375,-13.875,12,12,12,1,1
58.125,-140.875,12,12,12,1,1
-68.625,-82.375,12,12,12,1,1
33.125,142.125,12,12,12,4,4
63.625,-13.375,12,12,12,1,1
32.875,137.625,12,12,12,5,5
75.125,28.125,12,12,12,1,1
73.375,-149.375,12,12,12,1,1
73.375,-147.375,12,12,12,1,1
30.625,135.875,12,12,12,2,2
30.625,-13.125,12,12,12,1,1
-67.625,-72.125,12,12,12,1,1
58.125,-138.375,12,12,12,1,2
-64.625,-64.375,12,12,12,1,1
53.875,-154.625,12,12,12,1,1
53.875,-13.125,12,12,12,1,1
-70.125,-106.125,12,12,12,1,1
46.875,-126.625,12,12,12,2,2
54.125,-156.625,12,12,12,1,1
-67.875,-73.875,12,12,12,2,2
70.125,8.875,12,12,12,1,1
-65.125,145.125,12,12,12,1,1
-64.875,-71.125,12,12,12,1,1
71.625,-153.375,12,12,12,1,1
55.625,-14.125,12,12,12,1,1
70.125,12.875,12,12,12,1,1
-68.375,-68.625,12,12,12,2,2
55.625,-11.625,12,12,12,1,1
-5.125,153.625,12,12,12,4,4
6.375,-85.125,12,12,12,1,1
71.625,-159.125,12,12,12,2,3
42.125,138.875,12,12,12,2,2
-38.875,-58.125,12,12,12,1,1
75.375,27.125,12,12,12,1,1
75.375,27.375,12,12,12,1,1
33.125,137.375,12,12,12,3,3
33.125,133.875,12,12,12,1,1
73.625,12.375,12,12,12,1,1
-69.875,-87.375,12,12,12,1,1
20.625,-71.875,12,12,12,1,1
-62.625,115.625,12,12,12,1,1
50.375,-130.875,12,12,12,2,2
-73.875,-104.875,12,12,12,1,1
59.625,-140.625,12,12,12,1,1
59.625,-140.375,12,12,12,1,1
35.375,-73.625,12,12,12,1,1
71.375,28.625,12,12,12,1,1
55.875,-165.625,12,12,12,1,1
73.625,16.625,12,12,12,1,1
-69.625,-91.875,12,12,12,2,2
30.875,137.375,12,12,12,2,2
30.875,-11.125,12,12,12,2,3
-40.375,173.625,12,12,12,3,3
56.875,-148.375,12,12,12,1,1
56.875,-142.625,12,12,12,1,1
11.125,-77.875,12,12,12,1,1
50.625,-134.375,12,12,12,1,1
60.875,-60.625,12,12,12,1,1
35.375,144.375,12,12,12,3,4
77.375,-137.625,12,12,12,1,1
60.875,-175.875,12,12,12,1,1
60.875,-175.625,12,12,12,1,1
60.875,-175.375,12,12,12,1,1
31.125,129.125,12,12,12,2,2
31.125,-11.625,12,12,12,1,1
-71.375,-84.375,12,12,12,1,1
-71.375,-82.875,12,12,12,1,1
75.125,23.875,12,12,12,1,1
-67.125,78.375,12,12,12,1,1
-68.875,-80.625,12,12,12,1,1
-68.875,-80.375,12,12,12,1,1
53.125,-138.625,12,12,12,1,1
74.875,10.375,12,12,12,1,1
74.875,11.875,12,12,12,1,1
37.875,143.625,12,12,12,3,3
31.375,136.875,12,12,12,3,3
73.625,25.125,12,12,12,1,1
-41.625,174.375,12,12,12,2,2
11.875,-69.125,12,12,12,1,1
55.875,-153.125,12,12,12,1,1
55.875,-150.625,12,12,12,2,2
55.875,-138.125,12,12,12,1,1
20.125,-18.875,12,12,12,2,2
20.125,-70.625,12,12,12,1,1
20.125,-67.125,12,12,12,1,1
56.875,-148.625,12,12,12,1,1
-65.375,120.625,12,12,12,1,1
56.875,-148.125,12,12,12,1,1
56.875,-147.375,12,12,12,2,2
-67.875,-82.875,12,12,12,2,2
56.125,-167.125,12,12,12,2,3
50.375,0.875,12,12,12,1,1
50.375,173.125,12,12,12,1,1
77.375,33.875,12,12,12,1,1
59.625,-6.625,12,12,12,1,1
35.875,-73.875,12,12,12,1,1
35.625,144.875,12,12,12,3,3
51.625,-137.625,12,12,12,1,1
77.625,12.375,12,12,12,2,2
-50.875,-64.625,12,12,12,1,1
-50.625,-64.625,12,12,12,1,1
78.125,11.375,12,12,12,1,1
-62.875,-66.875,12,12,12,1,1
77.625,32.625,12,12,12,1,1
71.125,-163.375,12,12,12,2,2
74.125,-95.875,12,12,12,1,1
37.875,-72.375,12,12,12,3,3
31.875,-122.125,12,12,12,3,3
38.125,-127.375,12,12,12,1,1
53.375,-169.375,12,12,12,1,1
-68.875,-81.375,12,12,12,1,1
-47.375,168.125,12,12,12,1,1
74.625,24.875,12,12,12,1,1
74.625,25.125,12,12,12,1,1
65.375,24.625,12,12,12,2,2
41.125,142.375,12,12,12,5,5
-65.375,-70.375,12,12,12,2,2
70.875,-159.375,12,12,12,2,2
56.625,-141.375,12,12,12,1,1
56.625,-136.375,12,12,12,1,1
53.375,-154.125,12,12,12,1,1
53.375,-153.375,12,12,12,1,1
-44.875,175.875,12,12,12,1,1
47.625,-126.875,12,12,12,2,2
53.625,-157.625,12,12,12,1,1
32.125,-120.125,12,12,12,2,2
71.125,-158.875,12,12,12,2,2
16.375,-66.125,12,12,12,1,1
41.125,140.375,12,12,12,1,1
40.875,143.625,12,12,12,5,5
41.125,137.125,12,12,12,1,1
-70.625,-107.875,12,12,12,1,1
16.625,-76.375,12,12,12,1,1
-69.375,-88.375,12,12,12,1,1
51.375,-137.375,12,12,12,1,1
-63.375,113.375,12,12,12,1,1
-69.375,-87.125,12,12,12,1,1
18.875,-74.375,12,12,12,1,1
70.625,7.125,12,12,12,1,1
70.625,10.375,12,12,12,1,1
40.625,144.125,12,12,12,5,5
60.125,-169.875,12,12,12,1,1
60.375,-170.875,12,12,12,1,1
58.625,-151.375,12,12,12,1,1
-68.125,-2.125,12,12,12,1,1
18.125,-62.625,12,12,12,1,1
-65.375,147.625,12,12,12,1,1
56.625,-149.625,12,12,12,1,1
-63.125,126.875,12,12,12,1,1
-69.625,-100.375,12,12,12,1,1
76.375,16.875,12,12,12,1,1
76.375,17.625,12,12,12,1,1
-59.125,-60.625,12,12,12,1,1
-58.875,-66.875,12,12,12,1,1
-69.625,-99.875,12,12,12,1,1
43.625,-127.125,12,12,12,1,1
50.875,-131.875,12,12,12,1,1
78.625,9.625,12,12,12,1,1
51.625,-170.625,12,12,12,2,2
70.625,15.875,12,12,12,1,1
19.125,-83.125,12,12,12,1,1
70.625,-90.375,12,12,12,1,1
40.625,137.875,12,12,12,3,3
-68.125,-1.125,12,12,12,1,1
78.625,32.125,12,12,12,1,1
36.125,-125.375,11,11,11,1,1
51.375,-15.375,11,11,11,1,1
36.125,144.875,11,11,11,3,3
-63.625,-55.625,11,11,11,1,1
70.625,7.375,11,11,11,1,1
40.875,-125.625,11,11,11,1,1
78.625,33.125,11,11,11,1,1
36.125,142.375,11,11,11,3,3
-67.375,75.125,11,11,11,1,1
32.375,133.375,11,11,11,3,3
-62.875,-62.375,11,11,11,1,1
36.375,142.625,11,11,11,2,4
60.625,-168.875,11,11,11,2,2
-70.625,-106.875,11,11,11,1,1
-70.625,-106.625,11,11,11,1,1
-69.875,-93.625,11,11,11,1,1
56.375,-151.125,11,11,11,1,1
-68.125,30.625,11,11,11,1,1
-69.875,-98.125,11,11,11,1,1
-69.875,-97.875,11,11,11,1,1
-69.875,-97.125,11,11,11,1,1
-69.875,-96.875,11,11,11,1,1
56.875,-165.625,11,11,11,1,1
-68.125,-5.125,11,11,11,1,1
41.375,-69.875,11,11,11,1,1
16.625,-101.875,11,11,11,2,2
31.625,-121.875,11,11,11,2,2
65.375,-61.375,11,11,11,1,1
-69.625,-94.625,11,11,11,1,1
-69.625,-93.875,11,11,11,1,1
-70.375,-96.125,11,11,11,1,1
63.875,4.125,11,11,11,1,1
-48.375,169.375,11,11,11,1,1
-64.125,80.125,11,11,11,1,1
48.375,-7.375,11,11,11,1,1
73.875,25.625,11,11,11,1,1
73.875,33.375,11,11,11,1,1
-43.625,149.375,11,11,11,1,1
-43.875,173.125,11,11,11,1,1
31.875,-120.125,11,11,11,3,3
31.625,139.625,11,11,11,2,2
47.375,-127.875,11,11,11,1,1
-52.375,-58.625,11,11,11,1,1
75.125,25.125,11,11,11,2,2
63.625,7.125,11,11,11,1,1
-70.375,-97.125,11,11,11,1,1
74.875,11.375,11,11,11,1,1
-69.625,-92.375,11,11,11,1,1
73.625,29.125,11,11,11,1,1
-71.125,-83.375,11,11,11,1,1
-70.875,-108.375,11,11,11,1,1
73.875,13.125,11,11,11,1,1
53.625,-151.875,11,11,11,1,1
73.625,33.375,11,11,11,1,1
73.875,-168.875,11,11,11,1,1
73.875,-146.375,11,11,11,1,1
37.875,-0.375,11,11,11,1,1
65.125,5.875,11,11,11,1,1
30.625,136.875,11,11,11,3,3
-38.875,-56.375,11,11,11,1,1
73.375,-132.875,11,11,11,1,1
73.375,-75.375,11,11,11,1,1
-39.375,-55.625,11,11,11,1,1
75.375,26.625,11,11,11,1,1
75.375,26.875,11,11,11,1,1
32.875,139.625,11,11,11,3,5
73.625,16.125,11,11,11,1,1
-69.625,-91.375,11,11,11,2,2
30.875,129.125,11,11,11,2,2
65.625,-168.875,11,11,11,1,1
38.125,-124.625,11,11,11,1,1
58.375,-145.375,11,11,11,1,1
38.125,-9.375,11,11,11,1,1
58.375,-169.375,11,11,11,1,1
66.625,6.125,11,11,11,1,1
29.875,-12.375,11,11,11,3,3
72.875,29.125,11,11,11,1,1
33.375,-12.125,11,11,11,1,1
33.375,-11.875,11,11,11,1,1
75.375,26.375,11,11,11,1,1
54.125,-136.875,11,11,11,1,1
-67.625,-72.875,11,11,11,1,1
30.125,134.625,11,11,11,4,4
30.125,132.125,11,11,11,3,3
46.625,-7.875,11,11,11,2,2
45.625,-7.625,11,11,11,1,1
73.125,32.875,11,11,11,1,1
-67.625,-72.375,11,11,11,1,1
73.125,22.625,11,11,11,1,1
-73.375,-107.625,11,11,11,1,1
-36.125,-52.875,11,11,11,1,1
54.375,-168.875,11,11,11,1,1
-36.375,23.625,11,11,11,1,1
45.375,-11.625,11,11,11,2,2
-54.875,-65.375,11,11,11,1,1
75.875,25.125,11,11,11,1,1
75.625,25.125,11,11,11,1,1
-54.375,-54.875,11,11,11,1,1
63.375,-166.875,11,11,11,1,1
37.375,134.375,11,11,11,1,1
33.375,135.625,11,11,11,2,2
73.125,-165.875,11,11,11,1,1
-68.625,-95.125,11,11,11,1,1
-37.375,19.125,11,11,11,1,1
58.125,-148.375,11,11,11,1,1
30.125,-80.875,11,11,11,1,1
38.625,-126.375,11,11,11,1,1
67.625,11.125,11,11,11,1,1
75.875,28.375,11,11,11,1,1
37.375,-74.125,11,11,11,1,1
63.125,-172.875,11,11,11,1,1
63.375,-173.625,11,11,11,1,1
52.875,-158.125,11,11,11,1,1
-54.625,-54.625,11,11,11,1,1
-35.625,30.125,11,11,11,1,1
-66.625,-73.625,11,11,11,1,1
66.875,12.875,11,11,11,1,1
-35.125,19.625,11,11,11,1,1
-36.625,-179.375,11,11,11,1,1
-73.125,-107.125,11,11,11,2,2
38.375,14.875,11,11,11,1,1
57.875,-6.125,11,11,11,2,2
57.875,-140.875,11,11,11,1,1
57.875,-140.375,11,11,11,1,1
57.875,-139.125,11,11,11,1,1
57.875,-138.875,11,11,11,1,1
72.625,-71.875,11,11,11,1,1
-34.375,29.125,11,11,11,1,1
33.875,142.625,11,11,11,3,3
33.875,143.625,11,11,11,2,3
33.875,-8.375,11,11,11,1,1
33.875,-77.125,11,11,11,1,1
75.875,26.375,11,11,11,1,1
45.125,-128.375,11,11,11,1,1
-35.375,14.375,11,11,11,1,1
-35.375,20.375,11,11,11,1,1
72.875,-158.875,11,11,11,3,4
67.375,-167.875,11,11,11,1,1
-32.375,13.875,11,11,11,1,1
44.625,-61.125,11,11,11,1,1
38.625,137.375,11,11,11,2,2
68.125,7.625,11,11,11,1,1
68.125,11.625,11,11,11,1,1
52.625,-13.125,11,11,11,1,1
75.875,33.125,11,11,11,1,1
75.875,34.125,11,11,11,1,1
75.875,36.125,11,11,11,1,1
75.875,36.375,11,11,11,1,1
75.875,36.625,11,11,11,1,1
-33.125,17.125,11,11,11,1,1
72.625,-157.125,11,11,11,2,2
57.875,-143.625,11,11,11,1,1
68.125,-168.625,11,11,11,2,2
57.875,-141.125,11,11,11,1,1
57.625,-142.375,11,11,11,1,1
43.875,-8.625,11,11,11,1,1
54.875,-155.625,11,11,11,1,1
62.125,-176.375,11,11,11,1,1
62.125,-168.625,11,11,11,1,1
52.625,-138.375,11,11,11,1,1
59.125,-8.125,11,11,11,1,1
54.625,172.875,11,11,11,2,2
27.375,-15.625,11,11,11,1,1
26.625,-76.625,11,11,11,1,1
-32.125,16.375,11,11,11,2,2
68.125,15.625,11,11,11,1,1
38.875,-124.875,11,11,11,2,2
38.875,-124.125,11,11,11,1,1
27.375,-16.125,11,11,11,1,1
54.625,-138.875,11,11,11,1,1
-69.125,-84.375,11,11,11,1,1
-59.125,-54.875,11,11,11,1,1
-58.875,-68.375,11,11,11,1,1
-70.375,-101.375,11,11,11,1,1
-70.375,-101.125,11,11,11,1,1
-70.375,-100.375,11,11,11,1,1
61.875,-167.125,11,11,11,1,1
72.375,14.375,11,11,11,1,1
72.375,-152.125,11,11,11,1,1
57.625,-142.125,11,11,11,1,1
68.875,-168.625,11,11,11,1,1
25.625,-15.625,11,11,11,3,3
54.875,-14.125,11,11,11,1,1
-66.375,-72.125,11,11,11,1,1
57.625,-142.875,11,11,11,1,1
57.625,-142.625,11,11,11,1,1
-25.125,42.125,11,11,11,1,1
-70.125,-91.875,11,11,11,1,1
-24.375,48.875,11,11,11,1,1
76.375,37.375,11,11,11,1,1
-59.375,-57.125,11,11,11,1,1
76.375,29.375,11,11,11,2,2
76.375,33.125,11,11,11,2,2
76.375,35.875,11,11,11,1,1
76.375,36.125,11,11,11,1,1
76.375,25.875,11,11,11,1,1
72.375,-168.625,11,11,11,1,1
-25.625,43.375,11,11,11,1,1
-25.625,43.625,11,11,11,1,1
-25.625,43.875,11,11,11,1,1
39.125,-126.125,11,11,11,2,2
69.125,-166.125,11,11,11,2,2
24.875,-114.875,11,11,11,2,2
69.375,-165.875,11,11,11,1,1
24.625,-114.625,11,11,11,3,3
43.125,7.125,11,11,11,1,1
34.875,-122.125,11,11,11,1,1
61.375,-0.125,11,11,11,1,1
34.625,141.375,11,11,11,3,3
61.875,-176.875,11,11,11,1,1
-70.375,-99.375,11,11,11,1,1
76.375,36.375,11,11,11,1,1
43.625,-126.875,11,11,11,1,1
-24.625,48.375,11,11,11,1,1
-24.875,41.625,11,11,11,1,1
-25.375,43.125,11,11,11,1,1
-25.375,46.625,11,11,11,1,1
-25.375,46.875,11,11,11,1,1
39.375,-124.375,11,11,11,2,2
57.375,-140.125,11,11,11,1,1
69.625,-166.625,11,11,11,1,1
69.625,-164.375,11,11,11,2,2
76.625,24.125,11,11,11,1,1
-69.625,-90.625,11,11,11,1,1
55.125,-13.125,11,11,11,1,1
-20.375,40.875,11,11,11,1,1
-20.375,116.125,11,11,11,1,1
72.125,-163.625,11,11,11,3,3
72.125,-163.125,11,11,11,3,3
57.625,-168.375,11,11,11,2,2
55.125,-160.625,11,11,11,1,1
-23.125,40.625,11,11,11,1,1
-70.125,-95.125,11,11,11,1,1
-70.125,-94.125,11,11,11,1,1
42.875,-128.375,11,11,11,1,1
55.375,-140.625,11,11,11,1,1
-14.625,52.875,11,11,11,1,1
-69.625,-89.625,11,11,11,1,1
52.125,-159.375,11,11,11,1,1
52.125,-135.875,11,11,11,1,1
59.375,-140.375,11,11,11,1,1
36.875,-8.875,11,11,11,1,1
23.125,-20.375,11,11,11,1,1
-19.375,150.125,11,11,11,1,1
-67.875,-7.375,11,11,11,1,1
69.625,8.375,11,11,11,1,1
42.875,9.875,11,11,11,1,1
-17.125,42.875,11,11,11,1,1
-17.625,42.375,11,11,11,1,1
72.125,-168.625,11,11,11,1,1
-65.625,-74.625,11,11,11,1,1
-70.125,-89.875,11,11,11,1,1
61.375,-173.625,11,11,11,1,1
-60.625,-64.125,11,11,11,1,1
-60.625,-63.375,11,11,11,1,1
76.875,12.625,11,11,11,1,1
76.875,13.375,11,11,11,1,1
-69.625,-90.375,11,11,11,1,1
42.625,9.875,11,11,11,1,1
-69.875,-86.375,11,11,11,1,1
-14.125,44.125,11,11,11,1,1
-70.125,-87.875,11,11,11,1,1
43.125,-126.375,11,11,11,1,1
-15.375,42.625,11,11,11,1,1
22.875,-77.875,11,11,11,2,2
22.875,-111.875,11,11,11,3,3
-12.375,50.125,11,11,11,1,1
70.125,-165.375,11,11,11,2,2
-71.875,-83.625,11,11,11,1,1
-64.875,77.625,11,11,11,1,1
-11.625,-33.625,11,11,11,1,1
76.875,39.125,11,11,11,1,1
-61.625,-49.875,11,11,11,2,2
50.375,-132.125,11,11,11,1,1
51.875,-12.375,11,11,11,1,1
-67.375,-73.125,11,11,11,1,1
-12.875,45.375,11,11,11,1,1
-12.875,50.875,11,11,11,1,1
71.875,-168.625,11,11,11,1,1
71.875,-163.375,11,11,11,3,3
69.875,-63.375,11,11,11,1,1
69.875,-63.125,11,11,11,1,1
55.625,-13.625,11,11,11,1,1
55.625,-13.125,11,11,11,1,1
55.625,-11.875,11,11,11,1,1
77.125,23.875,11,11,11,1,1
-61.875,-62.125,11,11,11,1,1
76.875,34.375,11,11,11,1,1
42.375,15.625,11,11,11,1,1
57.125,-145.625,11,11,11,2,2
21.375,-64.625,11,11,11,1,1
70.125,-63.875,11,11,11,1,1
-6.875,153.875,11,11,11,4,4
-10.875,139.125,11,11,11,1,1
-70.125,-88.625,11,11,11,1,1
-11.875,49.625,11,11,11,1,1
-12.125,131.375,11,11,11,1,1
-11.875,46.375,11,11,11,1,1
70.375,-165.125,11,11,11,3,3
-62.375,-50.125,11,11,11,1,1
-62.375,-69.375,11,11,11,1,1
-62.125,-49.875,11,11,11,1,1
50.375,-129.125,11,11,11,1,1
77.125,29.625,11,11,11,1,1
-69.375,-79.625,11,11,11,1,1
61.125,-177.375,11,11,11,1,1
21.125,-74.125,11,11,11,5,5
-69.875,-91.375,11,11,11,1,1
-69.875,-87.625,11,11,11,1,1
39.875,13.625,11,11,11,1,1
-67.875,-71.625,11,11,11,1,1
-69.875,-86.625,11,11,11,1,1
55.625,174.375,11,11,11,1,1
-68.375,-72.625,11,11,11,1,1
20.375,-63.375,11,11,11,1,1
71.375,11.125,11,11,11,1,1
71.375,12.625,11,11,11,1,1
-69.375,-99.375,11,11,11,1,1
77.375,29.625,11,11,11,1,1
-62.625,-52.625,11,11,11,1,1
35.625,-73.875,11,11,11,1,1
60.875,-3.125,11,11,11,1,1
35.375,144.625,11,11,11,3,3
-69.375,-79.125,11,11,11,1,1
71.625,-166.625,11,11,11,3,3
71.625,-164.875,11,11,11,4,4
71.625,-164.625,11,11,11,2,2
71.625,-162.625,11,11,11,2,2
71.625,-161.125,11,11,11,4,4
-67.875,-79.125,11,11,11,1,1
71.375,-156.875,11,11,11,1,1
-67.875,-82.625,11,11,11,2,2
77.625,30.625,11,11,11,1,1
50.375,-0.875,11,11,11,1,1
36.375,143.625,11,11,11,2,3
60.875,-176.125,11,11,11,1,1
35.625,142.625,11,11,11,4,4
-65.375,-72.875,11,11,11,1,1
-70.125,-85.375,11,11,11,1,1
-72.125,-84.875,11,11,11,1,1
10.375,-79.625,11,11,11,3,3
9.875,-87.375,11,11,11,7,8
8.125,-83.625,11,11,11,5,6
-72.625,-84.875,11,11,11,1,1
56.875,-10.375,11,11,11,1,1
-69.875,-103.875,11,11,11,1,1
70.375,21.375,11,11,11,1,1
19.625,-76.125,11,11,11,1,1
16.875,-75.625,11,11,11,4,4
-62.875,113.625,11,11,11,1,1
36.375,145.125,11,11,11,3,3
36.625,-123.625,11,11,11,1,1
51.625,-136.375,11,11,11,1,1
13.375,-97.625,11,11,11,1,1
71.375,-168.625,11,11,11,1,1
14.875,-71.375,11,11,11,2,2
71.125,15.625,11,11,11,1,1
13.875,-60.625,11,11,11,1,1
56.125,-141.625,11,11,11,1,1
56.125,-137.125,11,11,11,1,1
41.375,-10.125,11,11,11,1,1
-65.125,120.125,11,11,11,1,1
-46.625,170.875,11,11,11,1,1
-69.375,-90.125,11,11,11,1,1
51.375,0.875,11,11,11,1,1
40.375,147.125,11,11,11,3,3
70.625,18.625,11,11,11,3,3
40.875,12.375,11,11,11,1,1
70.625,-98.625,11,11,11,1,1
70.625,-98.375,11,11,11,1,1
-65.375,150.875,11,11,11,1,1
70.875,-167.625,11,11,11,2,2
70.875,-167.125,11,11,11,3,3
70.875,-165.875,11,11,11,1,2
70.875,-165.375,11,11,11,1,2
70.625,-148.375,11,11,11,2,2
56.625,-149.875,11,11,11,1,1
56.625,-145.625,11,11,11,2,2
48.375,-132.125,11,11,11,1,1
-68.875,-83.125,11,11,11,1,1
74.125,6.375,11,11,11,1,1
31.875,141.625,11,11,11,2,2
64.625,4.875,11,11,11,1,1
58.625,-169.375,11,11,11,1,1
58.625,-149.125,11,11,11,1,1
-44.875,144.875,11,11,11,1,1
47.875,-126.625,11,11,11,1,1
32.125,142.125,11,11,11,5,5
32.125,136.125,11,11,11,3,3
-44.375,177.625,11,11,11,1,1
-46.875,169.625,11,11,11,1,1
74.625,-5.125,11,11,11,1,1
-64.125,-53.625,11,11,11,1,1
-64.125,-56.375,11,11,11,1,1
36.125,144.125,10,10,10,3,3
60.125,-170.375,10,10,10,1,1
-63.375,-52.125,10,10,10,1,1
32.375,141.625,10,10,10,4,4
42.125,16.125,10,10,10,1,1
42.375,-126.375,10,10,10,1,1
-11.625,46.875,10,10,10,1,1
-68.375,-72.375,10,10,10,1,1
71.625,-68.375,10,10,10,1,1
-10.625,139.875,10,10,10,1,1
-9.375,143.375,10,10,10,1,1
71.625,-68.625,10,10,10,1,1
78.875,2.625,10,10,10,1,1
78.625,32.625,10,10,10,1,1
-7.375,-33.875,10,10,10,1,2
-6.875,-32.375,10,10,10,1,1
7.125,-82.875,10,10,10,1,2
71.625,-164.375,10,10,10,2,2
71.625,-168.625,10,10,10,1,1
55.875,-167.125,10,10,10,1,2
55.375,-12.375,10,10,10,1,1
-12.375,45.625,10,10,10,1,1
77.625,30.875,10,10,10,1,1
-62.875,140.125,10,10,10,1,1
60.375,-18.625,10,10,10,1,1
71.625,20.625,10,10,10,2,2
71.625,19.625,10,10,10,3,3
-12.125,46.125,10,10,10,1,1
64.125,-164.875,10,10,10,1,1
42.625,-11.375,10,10,10,1,1
71.875,-161.875,10,10,10,2,2
-13.875,144.875,10,10,10,1,1
-13.875,51.875,10,10,10,1,1
-13.625,125.375,10,10,10,1,1
71.875,-166.875,10,10,10,1,1
32.375,-118.875,10,10,10,1,1
-72.625,-83.875,10,10,10,1,1
71.375,28.875,10,10,10,2,2
8.375,-88.375,10,10,10,1,2
64.375,7.875,10,10,10,1,1
-62.625,-54.125,10,10,10,1,1
77.625,0.125,10,10,10,1,1
77.375,33.125,10,10,10,1,1
77.375,32.875,10,10,10,1,1
77.375,32.625,10,10,10,1,1
77.375,32.125,10,10,10,1,1
-69.125,-102.375,10,10,10,1,1
59.875,-144.125,10,10,10,1,1
-14.875,53.375,10,10,10,1,1
-72.875,-84.625,10,10,10,1,1
71.875,-152.625,10,10,10,1,1
71.875,-157.625,10,10,10,1,2
-70.375,-98.125,10,10,10,1,1
-70.375,-98.375,10,10,10,1,1
-62.125,-69.375,10,10,10,1,1
-62.375,113.375,10,10,10,1,1
68.125,14.875,10,10,10,1,1
28.375,132.375,10,10,10,1,1
28.375,129.875,10,10,10,3,3
57.875,-143.875,10,10,10,2,2
36.125,-125.875,10,10,10,1,1
77.625,11.625,10,10,10,2,2
-15.375,122.375,10,10,10,1,1
-15.375,53.875,10,10,10,1,1
32.375,-119.375,10,10,10,1,2
10.625,-88.125,10,10,10,6,7
10.375,-58.375,10,10,10,1,1
71.375,7.625,10,10,10,1,1
55.875,-140.375,10,10,10,1,1
64.625,-170.875,10,10,10,1,1
-66.875,-71.125,10,10,10,1,1
-69.375,-75.375,10,10,10,1,1
-62.125,-57.625,10,10,10,1,1
60.625,-174.125,10,10,10,1,1
36.375,135.625,10,10,10,3,3
-69.375,-102.125,10,10,10,1,1
51.625,-11.375,10,10,10,1,1
-63.875,87.125,10,10,10,1,1
58.875,-168.875,10,10,10,1,1
71.875,20.375,10,10,10,1,1
55.125,177.375,10,10,10,1,1
55.125,176.625,10,10,10,1,1
-18.375,149.375,10,10,10,1,1
71.875,10.875,10,10,10,1,1
-17.875,147.875,10,10,10,1,1
-70.375,-97.375,10,10,10,1,1
43.125,5.125,10,10,10,1,1
38.875,-126.125,10,10,10,1,1
38.875,2.625,10,10,10,1,1
-67.625,-76.875,10,10,10,1,1
-67.625,-77.625,10,10,10,1,1
43.125,-10.125,10,10,10,1,1
-19.375,150.875,10,10,10,1,1
-18.875,41.625,10,10,10,1,1
11.625,-90.625,10,10,10,7,8
12.125,-68.875,10,10,10,2,2
71.375,-154.125,10,10,10,2,2
71.375,-157.875,10,10,10,1,1
71.375,-158.625,10,10,10,1,1
71.375,-158.875,10,10,10,1,1
32.125,-117.875,10,10,10,1,1
33.125,-77.375,10,10,10,1,1
76.875,38.125,10,10,10,1,1
-61.625,-49.625,10,10,10,1,1
-61.875,-61.875,10,10,10,1,1
35.875,131.875,10,10,10,1,1
35.875,143.125,10,10,10,3,3
77.125,11.875,10,10,10,1,1
50.375,-133.375,10,10,10,1,1
50.375,-13.625,10,10,10,1,1
55.125,-152.125,10,10,10,1,1
-21.875,113.625,10,10,10,1,1
72.125,-157.625,10,10,10,1,1
-20.875,40.625,10,10,10,1,1
-24.875,47.875,10,10,10,1,1
72.125,12.625,10,10,10,1,1
32.125,-123.375,10,10,10,2,2
32.125,-123.625,10,10,10,2,2
64.625,-167.125,10,10,10,2,2
32.125,-79.125,10,10,10,1,1
50.125,173.125,10,10,10,1,1
50.125,-131.125,10,10,10,1,1
50.125,-9.875,10,10,10,1,1
59.625,-5.875,10,10,10,1,1
54.875,-152.375,10,10,10,1,1
43.625,-59.125,10,10,10,1,1
-69.625,-102.625,10,10,10,2,2
54.875,-10.625,10,10,10,1,1
54.875,-13.875,10,10,10,1,1
72.125,32.625,10,10,10,1,1
58.875,-146.875,10,10,10,1,1
58.875,-153.375,10,10,10,1,1
72.375,-144.875,10,10,10,1,1
43.875,-128.625,10,10,10,1,1
-60.625,-64.625,10,10,10,1,1
-66.375,-72.375,10,10,10,1,1
68.625,-168.875,10,10,10,1,1
30.375,129.125,10,10,10,2,2
26.625,-117.375,10,10,10,2,2
38.875,0.125,10,10,10,1,1
57.625,-139.875,10,10,10,1,1
-25.875,45.375,10,10,10,1,1
72.375,-157.625,10,10,10,2,2
-25.375,42.875,10,10,10,1,1
41.625,-126.125,10,10,10,1,1
41.375,-11.125,10,10,10,1,1
71.125,-66.625,10,10,10,1,1
71.125,-66.875,10,10,10,1,1
56.125,-140.875,10,10,10,1,1
71.125,-147.375,10,10,10,2,2
-60.625,-53.125,10,10,10,1,1
-60.375,-65.125,10,10,10,1,1
76.625,20.125,10,10,10,1,1
-69.125,-99.125,10,10,10,1,1
-69.125,-99.625,10,10,10,1,1
76.875,12.875,10,10,10,1,1
52.125,-159.875,10,10,10,1,1
72.375,27.625,10,10,10,1,1
-29.375,12.625,10,10,10,1,1
-28.625,13.375,10,10,10,1,1
-27.625,12.375,10,10,10,1,1
54.875,-166.375,10,10,10,1,1
44.375,-127.375,10,10,10,1,1
71.125,-159.125,10,10,10,2,2
71.125,-159.625,10,10,10,2,2
71.125,-161.625,10,10,10,2,2
71.125,-163.125,10,10,10,2,2
71.125,-166.375,10,10,10,2,2
52.375,-169.875,10,10,10,1,1
76.375,37.125,10,10,10,1,1
76.375,29.125,10,10,10,1,1
49.625,-10.125,10,10,10,1,1
58.125,-140.125,10,10,10,1,1
25.875,-116.375,10,10,10,2,2
68.625,13.125,10,10,10,1,1
60.875,-67.625,10,10,10,1,1
60.875,-168.875,10,10,10,1,1
-69.875,-98.375,10,10,10,2,2
54.625,171.375,10,10,10,1,1
58.875,-7.125,10,10,10,1,1
-64.875,148.625,10,10,10,1,1
63.375,-74.625,10,10,10,1,1
33.375,137.875,10,10,10,3,3
33.375,140.625,10,10,10,4,4
76.125,32.375,10,10,10,1,1
35.125,142.875,10,10,10,2,3
61.125,-178.125,10,10,10,1,1
38.125,1.625,10,10,10,1,1
-70.125,-92.125,10,10,10,1,1
39.125,-9.875,10,10,10,1,1
-71.625,-85.625,10,10,10,1,1
69.125,-115.125,10,10,10,2,2
57.625,-145.375,10,10,10,1,1
-60.125,-62.375,10,10,10,2,2
54.625,-138.625,10,10,10,1,1
54.625,-139.375,10,10,10,1,1
31.875,-122.375,10,10,10,2,2
31.875,135.125,10,10,10,2,2
-68.125,-4.375,10,10,10,1,1
56.125,174.625,10,10,10,1,1
31.625,137.375,10,10,10,3,3
63.125,-174.375,10,10,10,1,1
-58.375,-68.875,10,10,10,1,1
49.375,-129.875,10,10,10,1,1
-68.875,-100.875,10,10,10,1,1
-68.875,-101.125,10,10,10,1,1
75.875,34.375,10,10,10,1,1
75.875,33.875,10,10,10,1,1
-56.625,-65.125,10,10,10,1,1
-67.125,-75.125,10,10,10,1,1
-69.125,-91.375,10,10,10,1,1
-59.375,-54.375,10,10,10,1,1
24.125,-74.375,10,10,10,1,1
39.125,135.875,10,10,10,2,2
-67.625,-78.125,10,10,10,1,1
69.375,10.125,10,10,10,1,1
-66.125,-72.125,10,10,10,1,1
-70.125,-94.875,10,10,10,1,1
66.125,5.875,10,10,10,1,1
35.375,143.625,10,10,10,2,3
33.625,141.125,10,10,10,3,3
44.875,-53.375,10,10,10,1,1
72.625,-155.125,10,10,10,1,1
54.625,-158.375,10,10,10,2,2
44.625,-54.875,10,10,10,1,1
44.625,-6.625,10,10,10,1,1
44.625,-11.375,10,10,10,1,1
-68.625,-79.125,10,10,10,1,1
-32.875,114.125,10,10,10,1,1
33.625,143.625,10,10,10,3,3
-54.875,-56.625,10,10,10,1,1
-54.875,-57.375,10,10,10,1,1
-53.875,-57.625,10,10,10,1,1
35.375,-124.375,10,10,10,1,1
35.125,143.375,10,10,10,2,2
75.875,31.625,10,10,10,1,1
-55.625,-61.875,10,10,10,1,1
75.875,24.875,10,10,10,1,1
75.875,24.625,10,10,10,1,1
75.875,24.375,10,10,10,1,1
61.125,-5.875,10,10,10,1,1
59.125,-152.625,10,10,10,2,2
54.625,-167.375,10,10,10,2,2
-34.125,26.125,10,10,10,1,1
33.625,-8.625,10,10,10,1,1
56.375,-166.625,10,10,10,2,2
17.375,-77.125,10,10,10,2,2
-68.125,0.375,10,10,10,1,1
-70.375,-105.125,10,10,10,1,1
-68.875,-96.375,10,10,10,1,1
-68.875,-96.625,10,10,10,1,1
-68.875,-97.625,10,10,10,1,1
35.125,-73.125,10,10,10,1,1
52.875,-135.625,10,10,10,2,2
49.125,-132.375,10,10,10,1,1
40.875,146.625,10,10,10,3,3
54.375,172.625,10,10,10,2,2
37.375,-73.125,10,10,10,1,1
37.375,-73.625,10,10,10,1,1
33.625,142.375,10,10,10,2,2
54.375,-9.375,10,10,10,1,1
-35.375,170.375,10,10,10,2,2
62.625,19.125,10,10,10,1,1
33.875,-119.625,10,10,10,1,1
33.875,-10.875,10,10,10,1,1
66.125,-79.625,10,10,10,1,1
-68.875,-83.875,10,10,10,1,1
-52.875,-53.625,10,10,10,1,1
-52.625,-63.125,10,10,10,1,1
-70.375,-89.125,10,10,10,1,1
58.125,-5.875,10,10,10,1,1
33.875,139.125,10,10,10,4,5
72.875,-161.625,10,10,10,2,2
-35.375,29.875,10,10,10,1,1
44.875,-13.125,10,10,10,1,1
59.125,-151.375,10,10,10,2,2
37.375,-124.125,10,10,10,3,3
45.375,-9.125,10,10,10,1,1
45.375,-12.125,10,10,10,1,1
-68.875,-95.375,10,10,10,1,1
-52.375,-68.625,10,10,10,1,1
59.375,-60.375,10,10,10,1,1
57.125,-6.875,10,10,10,1,1
39.625,135.125,10,10,10,1,1
-65.875,-65.625,10,10,10,3,3
39.375,143.125,10,10,10,1,1
-36.125,112.625,10,10,10,1,1
-36.125,22.625,10,10,10,1,1
70.875,-165.125,10,10,10,1,2
70.875,-168.375,10,10,10,1,1
56.375,-148.375,10,10,10,1,1
40.875,18.625,10,10,10,1,1
53.125,-158.625,10,10,10,1,1
34.875,-7.125,10,10,10,3,3
39.625,3.875,10,10,10,1,1
-71.125,-107.375,10,10,10,1,1
31.125,-12.375,10,10,10,1,1
39.875,-125.375,10,10,10,1,1
69.875,17.625,10,10,10,1,1
54.125,172.125,10,10,10,2,2
72.875,35.625,10,10,10,1,1
-37.125,171.375,10,10,10,4,4
72.875,33.375,10,10,10,1,1
-68.625,-82.875,10,10,10,1,1
62.625,-174.375,10,10,10,2,2
34.125,139.375,10,10,10,7,8
34.125,144.125,10,10,10,3,3
73.125,-155.375,10,10,10,2,2
73.125,-155.625,10,10,10,2,2
-68.625,-83.875,10,10,10,1,1
59.375,-5.625,10,10,10,1,1
-48.875,-65.125,10,10,10,1,1
-49.125,167.375,10,10,10,1,1
53.125,-14.625,10,10,10,2,2
-64.125,79.125,10,10,10,1,1
34.875,-73.125,10,10,10,1,1
34.875,141.375,10,10,10,3,4
48.625,-129.375,10,10,10,2,2
48.625,-129.875,10,10,10,2,2
34.125,-9.625,10,10,10,1,1
56.375,-12.125,10,10,10,1,1
-65.125,-65.875,10,10,10,1,1
70.625,9.125,10,10,10,1,1
18.875,-68.625,10,10,10,1,1
19.125,-84.875,10,10,10,1,1
65.125,4.125,10,10,10,1,1
74.625,10.625,10,10,10,1,1
74.625,10.375,10,10,10,1,1
53.375,-157.625,10,10,10,1,1
70.125,19.375,10,10,10,1,1
57.125,-150.625,10,10,10,1,1
70.125,-64.125,10,10,10,1,1
21.875,-111.375,10,10,10,4,5
73.125,36.125,10,10,10,1,1
46.375,-9.625,10,10,10,1,1
-38.375,149.125,10,10,10,5,5
-38.375,-53.875,10,10,10,1,1
46.125,-8.125,10,10,10,1,1
46.375,-126.375,10,10,10,1,1
54.125,-156.375,10,10,10,1,1
73.375,37.125,10,10,10,1,1
73.375,35.375,10,10,10,1,1
53.875,-137.875,10,10,10,1,1
-68.625,-98.625,10,10,10,1,1
70.375,-167.875,10,10,10,1,1
61.625,-177.375,10,10,10,1,1
-70.875,-81.625,10,10,10,1,1
48.125,-130.625,10,10,10,1,1
53.125,175.125,10,10,10,1,1
-73.625,-106.625,10,10,10,2,2
73.375,-154.875,10,10,10,2,2
31.625,-75.625,10,10,10,1,1
19.125,-85.375,10,10,10,1,1
70.625,-65.125,10,10,10,1,1
70.625,-65.375,10,10,10,1,1
19.125,-83.375,10,10,10,1,1
56.625,-149.375,10,10,10,1,1
53.375,-12.375,10,10,10,1,1
-44.375,176.375,10,10,10,1,1
20.625,-108.125,10,10,10,6,8
-67.875,-78.875,10,10,10,1,1
-67.875,-79.875,10,10,10,1,1
39.875,134.875,10,10,10,1,1
70.625,-164.125,10,10,10,3,3
70.625,-164.375,10,10,10,3,3
-68.625,-100.125,10,10,10,1,1
73.625,-75.875,10,10,10,1,1
73.625,-146.875,10,10,10,1,1
-73.375,-107.375,10,10,10,1,1
-69.625,-93.625,10,10,10,1,1
61.875,-3.875,10,10,10,1,1
-70.375,-100.125,10,10,10,1,1
-69.625,-94.875,10,10,10,1,1
53.625,176.625,10,10,10,1,1
-43.375,-63.875,10,10,10,1,1
53.625,-153.125,10,10,10,1,1
53.625,-153.375,10,10,10,1,1
70.375,-64.625,10,10,10,1,1
70.375,-137.375,10,10,10,1,1
-69.875,-106.125,10,10,10,1,1
56.875,-144.375,10,10,10,1,1
-69.875,-102.875,10,10,10,1,1
-67.875,-83.375,10,10,10,1,1
40.125,13.375,10,10,10,1,1
-45.125,-65.125,10,10,10,1,1
53.375,-11.375,10,10,10,1,1
-68.625,-96.375,10,10,10,1,1
53.875,-156.375,10,10,10,1,1
-68.625,-99.875,10,10,10,1,1
58.375,-138.875,10,10,10,1,1
65.375,-61.125,10,10,10,1,1
19.625,-77.375,10,10,10,1,1
70.375,18.375,10,10,10,2,2
56.875,-150.375,10,10,10,1,1
65.375,6.125,10,10,10,1,1
61.625,19.125,10,10,10,1,1
-64.375,-56.125,10,10,10,1,1
47.375,-6.875,10,10,10,2,2
73.875,-146.125,10,10,10,1,1
-43.875,178.625,10,10,10,1,1
47.625,-128.625,10,10,10,2,2
74.125,-95.375,10,10,10,1,1
74.125,-95.625,10,10,10,1,1
-41.875,174.125,10,10,10,1,1
73.625,32.125,10,10,10,1,1
73.625,29.625,10,10,10,1,1
73.625,25.625,10,10,10,1,1
-69.625,-92.625,10,10,10,1,1
-65.375,110.625,10,10,10,1,1
19.875,-74.875,10,10,10,1,1
40.125,134.875,10,10,10,1,1
-67.875,-81.125,10,10,10,1,1
-67.875,-81.375,10,10,10,1,1
-67.875,-82.375,10,10,10,1,1
29.875,-119.875,10,10,10,2,2
38.375,135.125,10,10,10,2,2
66.875,-167.625,10,10,10,1,1
58.125,-169.625,10,10,10,1,1
51.125,-131.875,10,10,10,1,1
-67.375,78.375,10,10,10,1,1
-5.625,-33.375,10,10,10,1,1
38.625,2.625,10,10,10,1,1
57.875,-139.875,10,10,10,1,1
57.875,-140.625,10,10,10,1,1
28.875,-16.375,10,10,10,1,1
-66.625,29.875,10,10,10,1,1
67.375,-168.875,10,10,10,2,2
66.625,8.375,10,10,10,1,1
51.125,-135.625,10,10,10,1,1
32.625,-13.625,9,9,9,1,1
-62.875,-69.875,9,9,9,1,1
60.125,-168.625,9,9,9,1,1
78.875,2.875,9,9,9,1,1
-63.375,114.875,9,9,9,1,1
-63.375,90.375,9,9,9,1,1
-69.375,-94.625,9,9,9,1,1
-69.375,-94.875,9,9,9,1,1
-69.375,-95.875,9,9,9,1,1
-69.375,-96.125,9,9,9,1,1
-69.375,-96.375,9,9,9,1,1
-69.375,-97.125,9,9,9,1,1
-69.375,-97.375,9,9,9,1,1
-69.375,-87.875,9,9,9,2,2
-63.375,124.375,9,9,9,1,1
-8.875,-33.375,9,9,9,1,1
31.625,-80.625,9,9,9,1,1
56.875,-148.875,9,9,9,2,2
-64.375,-70.625,9,9,9,1,1
70.375,-64.375,9,9,9,1,1
59.125,179.875,9,9,9,1,1
61.625,18.875,9,9,9,1,1
73.875,-159.625,9,9,9,1,1
53.625,-160.625,9,9,9,1,1
47.625,-129.125,9,9,9,2,2
74.125,-95.125,9,9,9,1,1
59.375,-179.875,9,9,9,1,1
53.625,172.625,9,9,9,1,1
-69.625,-93.375,9,9,9,1,1
70.375,11.375,9,9,9,1,1
-67.875,-82.125,9,9,9,1,1
36.125,135.875,9,9,9,2,2
-67.875,-80.125,9,9,9,1,1
-67.875,-80.375,9,9,9,1,1
73.625,-76.125,9,9,9,1,1
73.625,-76.375,9,9,9,1,1
-40.375,-59.875,9,9,9,1,1
53.875,-160.625,9,9,9,1,1
-68.625,-96.125,9,9,9,1,1
-66.875,65.375,9,9,9,1,1
-68.125,75.625,9,9,9,1,1
56.875,-10.125,9,9,9,1,1
-45.125,144.375,9,9,9,1,1
-68.625,-97.375,9,9,9,1,1
53.875,-159.125,9,9,9,1,1
-68.625,-99.625,9,9,9,1,1
19.375,-75.625,9,9,9,2,2
40.375,2.375,9,9,9,1,1
-39.125,-55.375,9,9,9,2,2
73.375,-132.625,9,9,9,1,1
-72.125,-105.375,9,9,9,1,1
19.125,-80.625,9,9,9,1,1
40.375,147.375,9,9,9,3,3
56.625,-143.875,9,9,9,1,1
56.625,-7.875,9,9,9,1,1
-68.125,31.125,9,9,9,1,1
-44.625,-65.125,9,9,9,1,1
-44.375,-64.625,9,9,9,1,1
61.625,-172.125,9,9,9,1,1
-67.125,29.875,9,9,9,1,1
31.375,-121.625,9,9,9,1,1
20.625,-18.625,9,9,9,2,2
20.625,-67.625,9,9,9,1,1
39.875,-13.375,9,9,9,1,1
73.125,29.875,9,9,9,1,1
-64.625,72.875,9,9,9,1,1
46.375,-127.125,9,9,9,1,1
34.125,-72.625,9,9,9,1,1
73.375,34.125,9,9,9,1,1
31.125,-79.375,9,9,9,1,1
61.375,1.375,9,9,9,1,1
53.375,-14.125,9,9,9,1,1
53.375,-15.375,9,9,9,1,1
48.125,-129.125,9,9,9,1,1
59.375,-143.625,9,9,9,1,1
48.375,-127.875,9,9,9,2,2
53.125,172.875,9,9,9,1,1
53.125,175.875,9,9,9,1,1
74.625,13.375,9,9,9,1,1
-68.625,-98.875,9,9,9,1,1
-68.125,4.875,9,9,9,1,1
-69.875,-102.375,9,9,9,1,1
-69.875,-102.625,9,9,9,1,1
-69.875,-101.125,9,9,9,1,1
-69.875,-101.375,9,9,9,1,1
-69.875,-101.625,9,9,9,1,1
59.125,-143.125,9,9,9,1,1
-45.875,144.625,9,9,9,1,1
-45.875,-63.875,9,9,9,1,1
31.125,-118.375,9,9,9,1,1
58.375,-146.375,9,9,9,1,1
57.125,-164.875,9,9,9,1,1
70.125,-162.875,9,9,9,2,2
70.125,-165.625,9,9,9,2,2
70.125,-165.875,9,9,9,2,2
39.625,4.125,9,9,9,2,2
69.875,16.625,9,9,9,1,1
61.375,-19.875,9,9,9,1,1
-73.125,-107.375,9,9,9,1,1
-73.125,-108.375,9,9,9,1,1
62.375,-61.875,9,9,9,1,1
-38.125,153.375,9,9,9,4,4
37.125,145.625,9,9,9,2,2
61.375,-4.375,9,9,9,1,1
-49.125,-63.875,9,9,9,1,1
-49.375,-62.375,9,9,9,1,1
53.125,-136.125,9,9,9,2,2
74.875,-5.125,9,9,9,1,1
53.125,-157.375,9,9,9,1,1
53.125,-158.375,9,9,9,1,1
34.125,-8.625,9,9,9,4,4
40.625,145.125,9,9,9,3,3
70.875,-164.625,9,9,9,2,3
70.875,-164.875,9,9,9,2,2
70.875,-166.875,9,9,9,2,2
40.875,12.125,9,9,9,1,1
31.625,132.875,9,9,9,1,1
37.875,17.375,9,9,9,1,1
18.625,-64.375,9,9,9,5,6
-68.625,-95.375,9,9,9,1,1
45.625,-8.875,9,9,9,1,1
74.875,28.125,9,9,9,1,1
-51.625,-64.875,9,9,9,1,1
-52.125,-57.375,9,9,9,1,1
61.375,-4.125,9,9,9,1,1
-70.125,-89.125,9,9,9,1,1
70.125,-167.375,9,9,9,2,2
69.875,30.375,9,9,9,1,1
45.125,-57.125,9,9,9,1,1
45.125,-126.625,9,9,9,1,1
72.875,-164.375,9,9,9,1,1
33.875,142.875,9,9,9,3,3
-36.375,175.875,9,9,9,6,6
45.375,-4.375,9,9,9,1,1
-68.875,-95.125,9,9,9,1,1
-68.875,-95.625,9,9,9,1,1
-52.625,-54.625,9,9,9,1,1
-52.625,-55.375,9,9,9,1,1
52.875,173.875,9,9,9,1,1
-70.125,-104.875,9,9,9,1,1
39.625,134.375,9,9,9,2,2
22.625,-111.875,9,9,9,3,3
22.875,-112.125,9,9,9,3,3
45.375,-128.375,9,9,9,1,1
44.875,13.125,9,9,9,1,1
72.875,-165.125,9,9,9,1,1
62.875,-174.875,9,9,9,1,1
33.875,-118.875,9,9,9,2,2
69.875,-165.875,9,9,9,1,1
69.875,-167.625,9,9,9,2,2
-67.375,2.875,9,9,9,1,1
-52.875,-54.125,9,9,9,1,1
-52.875,-63.125,9,9,9,1,1
-53.125,-52.625,9,9,9,1,1
-52.625,-59.875,9,9,9,1,1
-52.625,-60.375,9,9,9,1,1
23.125,-112.125,9,9,9,3,3
23.125,-112.375,9,9,9,3,3
33.875,136.625,9,9,9,2,2
72.875,-157.875,9,9,9,1,1
31.875,-121.375,9,9,9,3,3
17.375,-102.375,9,9,9,6,7
70.875,-66.125,9,9,9,1,1
70.875,-66.375,9,9,9,1,1
56.375,-151.625,9,9,9,1,1
39.375,18.625,9,9,9,1,1
39.375,3.375,9,9,9,1,1
69.625,-165.125,9,9,9,1,1
69.625,-166.875,9,9,9,2,2
23.875,-113.375,9,9,9,3,3
61.125,-1.375,9,9,9,1,1
-70.375,-104.875,9,9,9,1,1
-55.125,-66.375,9,9,9,1,1
-54.625,-55.875,9,9,9,1,1
33.625,142.125,9,9,9,2,2
62.875,-167.625,9,9,9,2,3
36.625,16.125,9,9,9,1,1
44.625,-55.125,9,9,9,1,1
-32.875,15.875,9,9,9,1,1
-69.625,-99.625,9,9,9,1,1
72.625,35.125,9,9,9,1,1
33.625,138.125,9,9,9,3,3
33.625,137.875,9,9,9,2,2
75.625,29.875,9,9,9,1,1
-54.125,-55.375,9,9,9,1,1
-53.125,-53.125,9,9,9,1,1
61.125,-171.125,9,9,9,1,1
52.625,173.625,9,9,9,1,1
44.875,-12.375,9,9,9,1,1
-34.625,170.125,9,9,9,2,2
-34.125,28.875,9,9,9,1,1
31.625,136.375,9,9,9,2,2
31.875,-122.875,9,9,9,2,2
64.875,-170.625,9,9,9,1,1
17.125,-63.875,9,9,9,1,1
-69.125,-74.875,9,9,9,1,1
-64.125,144.875,9,9,9,1,1
35.375,143.875,9,9,9,2,3
-69.125,-92.125,9,9,9,1,1
49.625,-11.625,9,9,9,1,1
-58.875,-67.125,9,9,9,2,2
36.625,143.125,9,9,9,2,3
-66.125,66.875,9,9,9,1,1
24.375,-114.375,9,9,9,3,3
69.375,10.625,9,9,9,1,1
69.375,6.625,9,9,9,1,1
24.375,-77.125,9,9,9,1,1
66.125,11.125,9,9,9,1,1
-67.375,-75.875,9,9,9,1,1
44.375,-49.625,9,9,9,1,1
33.625,-118.375,9,9,9,2,2
33.625,-73.125,9,9,9,1,1
72.625,-163.875,9,9,9,1,1
49.375,-6.875,9,9,9,1,1
25.125,-115.125,9,9,9,2,2
39.125,-125.125,9,9,9,1,1
39.125,14.625,9,9,9,1,1
25.375,-115.625,9,9,9,2,2
58.125,-136.875,9,9,9,1,1
-31.875,16.125,9,9,9,1,1
-31.625,15.875,9,9,9,1,1
-69.875,-98.625,9,9,9,1,1
58.375,-6.875,9,9,9,1,1
31.875,-122.625,9,9,9,2,2
-29.875,153.375,9,9,9,6,6
54.875,-159.375,9,9,9,2,2
54.875,-167.375,9,9,9,1,1
56.125,-13.125,9,9,9,1,1
-69.875,-95.375,9,9,9,1,1
-69.125,-84.875,9,9,9,2,2
-69.125,-90.875,9,9,9,1,1
25.375,-15.875,9,9,9,3,3
68.875,-62.125,9,9,9,1,1
26.125,-117.875,9,9,9,2,2
68.625,14.125,9,9,9,1,1
57.625,-143.125,9,9,9,1,1
54.625,-131.625,9,9,9,1,1
37.375,12.125,9,9,9,1,1
37.375,-0.125,9,9,9,1,1
59.125,-170.875,9,9,9,2,2
-25.875,45.125,9,9,9,1,1
-25.875,44.875,9,9,9,1,1
71.125,6.875,9,9,9,1,1
41.375,145.875,9,9,9,4,4
71.125,-67.125,9,9,9,1,1
71.125,-132.875,9,9,9,1,1
54.875,-167.875,9,9,9,1,1
35.625,142.375,9,9,9,2,2
49.875,-9.125,9,9,9,1,1
52.125,-12.625,9,9,9,1,1
-69.125,-99.875,9,9,9,1,1
35.625,-7.125,9,9,9,1,1
60.875,-177.375,9,9,9,1,1
-69.125,-93.375,9,9,9,1,1
-69.125,-93.625,9,9,9,1,1
-69.125,-98.375,9,9,9,1,1
60.625,-22.625,9,9,9,1,1
72.375,-162.875,9,9,9,2,2
-69.625,-103.875,9,9,9,1,1
-27.125,11.625,9,9,9,1,1
43.875,13.625,9,9,9,1,1
-64.875,131.125,9,9,9,1,1
-25.875,45.625,9,9,9,1,1
76.625,26.125,9,9,9,1,1
-69.625,-88.375,9,9,9,1,1
-69.125,-92.625,9,9,9,1,1
36.625,142.375,9,9,9,3,3
26.625,-84.125,9,9,9,1,1
57.625,-12.125,9,9,9,1,1
-71.375,-104.875,9,9,9,1,1
66.625,-168.875,9,9,9,1,1
35.875,-9.875,9,9,9,2,2
71.125,30.375,9,9,9,1,1
13.625,-60.375,9,9,9,1,1
37.625,143.375,9,9,9,2,2
54.875,-138.875,9,9,9,1,1
63.625,-11.125,9,9,9,1,1
50.125,171.375,9,9,9,1,1
-61.125,-63.875,9,9,9,1,1
-61.125,-64.125,9,9,9,1,1
-60.875,-63.625,9,9,9,1,1
-60.875,-65.375,9,9,9,1,1
51.875,169.125,9,9,9,2,2
-61.125,-56.125,9,9,9,1,1
76.875,24.375,9,9,9,1,1
76.875,24.125,9,9,9,1,1
59.625,19.625,9,9,9,3,5
60.625,-18.375,9,9,9,1,1
-21.625,-39.875,9,9,9,3,3
55.125,-156.375,9,9,9,1,1
43.375,-60.125,9,9,9,1,1
-70.375,-89.875,9,9,9,1,1
-25.125,47.375,9,9,9,1,1
-25.125,47.125,9,9,9,1,1
-24.625,112.625,9,9,9,1,1
-69.625,-101.125,9,9,9,1,1
-69.625,-101.375,9,9,9,1,1
-69.625,-102.375,9,9,9,1,1
-24.375,48.625,9,9,9,1,1
72.125,11.375,9,9,9,1,1
72.125,-69.625,9,9,9,1,1
72.125,-69.875,9,9,9,1,1
32.125,-119.875,9,9,9,3,3
71.375,-167.625,9,9,9,2,2
-69.375,-98.625,9,9,9,1,1
50.375,-6.875,9,9,9,1,1
71.875,28.125,9,9,9,1,1
-19.375,41.125,9,9,9,1,1
32.875,134.625,9,9,9,2,2
12.375,-91.625,9,9,9,5,6
41.625,17.625,9,9,9,1,1
-61.625,-64.125,9,9,9,1,1
51.875,2.375,9,9,9,3,3
35.875,142.875,9,9,9,3,3
35.875,135.375,9,9,9,1,1
50.375,-133.625,9,9,9,1,1
51.875,-137.625,9,9,9,1,1
51.875,-159.875,9,9,9,1,1
51.875,-160.875,9,9,9,1,1
43.375,-9.875,9,9,9,1,1
55.125,175.625,9,9,9,1,1
-70.375,-96.875,9,9,9,1,1
-20.625,40.875,9,9,9,1,1
-68.375,-78.375,9,9,9,1,1
43.125,-62.125,9,9,9,1,1
43.125,-62.375,9,9,9,1,1
50.375,-15.125,9,9,9,1,1
38.375,-124.875,9,9,9,1,1
38.375,-126.125,9,9,9,1,1
58.125,-141.125,9,9,9,1,1
27.125,-118.125,9,9,9,2,2
57.875,-167.875,9,9,9,1,1
57.875,-169.125,9,9,9,2,2
-67.625,-77.875,9,9,9,1,1
57.875,-166.125,9,9,9,2,2
68.375,-168.875,9,9,9,1,1
-16.875,42.875,9,9,9,1,1
-68.375,-73.625,9,9,9,2,2
64.375,-61.375,9,9,9,1,1
32.125,141.375,9,9,9,2,2
10.625,-77.875,9,9,9,1,1
10.625,-78.125,9,9,9,1,1
-69.125,-100.625,9,9,9,1,1
-70.625,-105.125,9,9,9,1,1
-69.125,-100.875,9,9,9,1,1
-62.125,-61.875,9,9,9,1,1
51.625,168.875,9,9,9,2,2
51.625,1.625,9,9,9,1,1
-61.875,-56.875,9,9,9,1,1
-69.375,-101.875,9,9,9,1,1
-69.375,-103.375,9,9,9,1,1
-18.375,41.875,9,9,9,1,1
55.375,-140.125,9,9,9,1,1
42.875,-126.125,9,9,9,1,1
63.875,6.375,9,9,9,1,1
-67.125,76.375,9,9,9,1,1
-68.375,-79.125,9,9,9,1,1
-68.375,-79.375,9,9,9,1,1
71.875,-68.875,9,9,9,1,1
-69.375,-97.625,9,9,9,1,1
-69.375,-98.375,9,9,9,1,1
66.625,-12.375,9,9,9,1,1
30.125,130.375,9,9,9,2,2
27.875,129.375,9,9,9,3,3
57.875,-148.125,9,9,9,1,1
38.625,143.125,9,9,9,2,2
35.875,143.375,9,9,9,3,3
71.875,-69.125,9,9,9,1,1
8.125,-87.375,9,9,9,1,2
9.875,-79.875,9,9,9,4,4
55.875,-153.375,9,9,9,1,1
55.875,-155.625,9,9,9,2,2
-70.375,-96.375,9,9,9,1,1
77.625,10.875,9,9,9,2,2
50.625,-134.625,9,9,9,1,1
77.375,32.375,9,9,9,1,1
-69.375,-98.875,9,9,9,1,1
60.375,-169.875,9,9,9,1,1
60.375,-171.875,9,9,9,1,1
60.375,-173.125,9,9,9,1,1
59.875,-147.125,9,9,9,1,1
42.875,-65.375,9,9,9,1,1
-15.125,42.875,9,9,9,1,1
71.875,-151.125,9,9,9,2,2
50.875,-133.875,9,9,9,1,1
-63.875,114.625,9,9,9,1,1
-63.875,111.375,9,9,9,1,1
-62.875,-69.625,9,9,9,1,1
-11.875,-36.625,9,9,9,1,2
-11.625,-36.375,9,9,9,1,1
42.375,8.125,9,9,9,1,1
32.375,141.375,9,9,9,3,3
32.625,138.625,9,9,9,1,1
32.625,136.875,9,9,9,2,2
71.875,-158.875,9,9,9,2,2
71.875,-162.625,9,9,9,2,2
71.875,-163.125,9,9,9,2,2
55.875,-167.375,9,9,9,1,1
64.125,21.625,9,9,9,2,5
8.125,-55.375,9,9,9,1,1
64.125,0.875,9,9,9,1,1
58.625,-10.375,9,9,9,1,1
42.125,6.375,9,9,9,1,1
71.625,-162.375,9,9,9,2,2
71.625,-167.375,9,9,9,2,2
41.875,145.625,9,9,9,3,3
32.625,133.125,9,9,9,1,1
77.875,11.375,9,9,9,1,1
77.625,29.125,9,9,9,1,1
36.375,132.625,9,9,9,1,1
60.375,-22.875,9,9,9,1,1
36.375,-3.625,9,9,9,1,1
36.375,143.375,9,9,9,2,2
36.125,143.875,9,9,9,2,2
-63.125,-52.625,9,9,9,1,1
-63.125,-53.625,9,9,9,1,1
36.125,144.625,9,9,9,2,2
36.125,144.375,9,9,9,3,3
-63.875,145.875,9,9,9,1,1
60.125,-169.625,9,9,9,1,1
-63.625,87.125,9,9,9,1,1
60.125,-172.625,9,9,9,2,2
60.125,-178.625,9,9,9,1,1
-69.375,-85.375,9,9,9,1,1
-63.625,-70.375,9,9,9,1,1
79.125,2.625,9,9,9,1,1
64.125,-8.375,9,9,9,1,1
64.125,-13.125,9,9,9,1,1
71.625,-149.875,9,9,9,1,1
-2.125,152.875,9,9,9,3,3
-0.625,-83.625,9,9,9,1,1
64.125,-167.125,9,9,9,1,1
29.125,129.625,9,9,9,2,2
29.375,-15.625,9,9,9,1,1
29.375,129.125,9,9,9,2,2
-70.125,-99.875,9,9,9,1,1
-70.125,-100.375,9,9,9,1,1
29.625,129.125,9,9,9,2,2
79.375,30.875,9,9,9,1,1
37.625,138.125,9,9,9,2,2
67.375,13.875,9,9,9,1,1
-70.125,-102.375,9,9,9,1,1
-70.125,-103.625,9,9,9,1,1
38.625,18.125,9,9,9,1,1
67.125,13.375,9,9,9,1,1
38.375,12.375,9,9,9,1,1
-63.625,112.375,9,9,9,1,1
-63.625,117.875,9,9,9,1,1
51.375,-167.125,8,8,8,1,1
60.125,-170.625,8,8,8,1,1
51.125,-163.125,8,8,8,1,1
79.125,4.125,8,8,8,1,1
36.125,142.625,8,8,8,2,2
60.125,-147.375,8,8,8,1,1
38.375,145.625,8,8,8,3,3
66.875,8.375,8,8,8,1,1
58.125,-169.125,8,8,8,1,1
37.625,142.875,8,8,8,2,3
42.375,-126.625,8,8,8,1,1
-65.125,144.875,8,8,8,1,1
-62.875,-57.125,8,8,8,1,1
-69.375,-101.125,8,8,8,1,1
35.875,144.625,8,8,8,2,2
58.125,-149.125,8,8,8,1,1
58.125,-147.375,8,8,8,1,1
66.625,-9.625,8,8,8,1,1
28.625,-15.125,8,8,8,1,1
28.375,131.875,8,8,8,2,2
28.375,128.625,8,8,8,3,3
38.375,-69.375,8,8,8,1,1
50.375,-9.625,8,8,8,1,1
77.375,25.375,8,8,8,1,1
-69.375,-102.375,8,8,8,1,1
36.375,142.875,8,8,8,3,3
60.625,-174.375,8,8,8,1,1
51.875,-171.125,8,8,8,1,1
71.875,-157.875,8,8,8,1,1
-14.125,52.125,8,8,8,1,1
-72.625,-108.375,8,8,8,1,1
-15.125,53.375,8,8,8,1,1
71.875,-131.625,8,8,8,1,1
64.375,0.625,8,8,8,1,1
55.875,-153.625,8,8,8,1,1
7.625,-83.875,8,8,8,1,1
37.625,137.375,8,8,8,2,2
-13.125,51.125,8,8,8,1,1
-13.375,44.875,8,8,8,1,1
42.625,15.375,8,8,8,1,1
42.625,-65.875,8,8,8,1,1
63.875,5.125,8,8,8,1,1
-11.625,49.125,8,8,8,1,1
55.375,-12.875,8,8,8,1,1
43.125,-128.125,8,8,8,1,1
-70.375,-97.875,8,8,8,1,1
42.875,7.375,8,8,8,1,1
42.875,-65.875,8,8,8,1,1
58.875,-168.125,8,8,8,2,2
64.625,-171.125,8,8,8,1,1
71.375,-67.875,8,8,8,1,1
55.875,-141.375,8,8,8,1,1
71.375,-67.625,8,8,8,1,1
71.375,-67.375,8,8,8,1,1
11.125,-89.625,8,8,8,6,6
37.625,-127.625,8,8,8,2,2
32.875,-119.875,8,8,8,1,1
71.875,-69.375,8,8,8,1,1
32.875,-79.875,8,8,8,1,1
32.875,-79.375,8,8,8,1,1
37.625,-124.375,8,8,8,2,2
55.125,-148.875,8,8,8,1,1
72.125,-152.375,8,8,8,3,3
43.375,-10.625,8,8,8,1,1
63.625,3.125,8,8,8,1,1
41.625,145.125,8,8,8,2,2
55.875,-6.875,8,8,8,1,1
71.375,-153.625,8,8,8,1,1
12.375,-92.375,8,8,8,6,8
55.875,-10.875,8,8,8,1,1
41.625,145.875,8,8,8,3,3
41.625,146.625,8,8,8,3,3
32.875,-9.375,8,8,8,4,4
-19.875,40.875,8,8,8,1,1
43.125,-11.125,8,8,8,1,1
43.125,-61.875,8,8,8,1,1
33.125,139.875,8,8,8,3,3
-24.875,41.375,8,8,8,1,1
-69.625,-103.375,8,8,8,2,2
37.375,142.625,8,8,8,2,2
14.375,-70.875,8,8,8,2,2
14.125,-70.625,8,8,8,2,2
55.875,175.625,8,8,8,1,1
41.625,6.125,8,8,8,1,1
41.875,-125.375,8,8,8,1,1
41.625,137.625,8,8,8,1,1
32.125,-78.625,8,8,8,2,2
33.125,-119.125,8,8,8,3,3
72.125,-70.125,8,8,8,1,1
-24.625,48.125,8,8,8,1,1
-25.125,42.375,8,8,8,1,1
32.875,137.375,8,8,8,3,3
72.375,-70.625,8,8,8,1,1
-27.875,113.875,8,8,8,1,1
-28.125,12.625,8,8,8,1,1
37.375,12.375,8,8,8,1,1
37.375,16.875,8,8,8,1,1
-72.375,-106.625,8,8,8,1,1
56.125,-141.875,8,8,8,1,1
15.625,-100.125,8,8,8,1,1
71.125,9.375,8,8,8,1,1
41.625,11.125,8,8,8,1,1
41.375,18.375,8,8,8,1,1
72.375,-159.625,8,8,8,1,1
72.375,-157.125,8,8,8,2,2
-26.625,113.375,8,8,8,1,1
-26.625,153.625,8,8,8,1,1
72.375,-145.375,8,8,8,1,1
33.625,-11.625,8,8,8,1,1
63.375,-173.875,8,8,8,1,1
37.375,133.375,8,8,8,1,1
-31.125,15.375,8,8,8,1,1
33.375,143.375,8,8,8,2,2
33.375,143.625,8,8,8,2,2
63.375,-75.625,8,8,8,1,1
-69.875,-97.375,8,8,8,1,1
-69.875,-95.625,8,8,8,1,1
-69.875,-94.375,8,8,8,1,1
71.125,-158.375,8,8,8,1,1
71.125,-157.875,8,8,8,1,1
16.125,-20.125,8,8,8,1,1
71.125,-157.375,8,8,8,1,1
71.125,-149.125,8,8,8,1,1
72.375,-71.125,8,8,8,1,1
72.625,23.375,8,8,8,1,1
33.625,143.375,8,8,8,3,3
-69.625,-96.875,8,8,8,2,2
54.625,-156.625,8,8,8,1,1
72.625,-149.625,8,8,8,1,1
56.125,173.625,8,8,8,1,1
70.875,15.125,8,8,8,1,1
17.125,-73.625,8,8,8,2,2
17.125,-64.375,8,8,8,1,1
31.875,-119.375,8,8,8,1,1
-31.375,13.125,8,8,8,1,1
-72.875,-105.125,8,8,8,1,1
-32.375,111.625,8,8,8,1,1
-72.875,-104.125,8,8,8,2,2
72.625,-164.125,8,8,8,1,1
72.625,-163.625,8,8,8,1,1
62.625,-2.375,8,8,8,1,1
72.875,-168.625,8,8,8,1,1
72.875,-164.875,8,8,8,1,1
-35.375,113.125,8,8,8,1,1
59.125,-169.125,8,8,8,1,1
59.125,-168.375,8,8,8,2,2
54.375,175.625,8,8,8,1,1
37.875,0.875,8,8,8,1,1
37.875,1.125,8,8,8,1,1
18.125,-74.875,8,8,8,4,4
40.875,147.125,8,8,8,4,4
70.875,-147.625,8,8,8,1,1
37.875,-71.125,8,8,8,2,2
72.625,-71.625,8,8,8,1,1
-35.125,170.375,8,8,8,2,2
-35.125,111.625,8,8,8,1,1
-64.625,-71.125,8,8,8,1,1
-73.125,-106.625,8,8,8,1,1
73.125,-158.125,8,8,8,1,1
-68.625,-95.625,8,8,8,1,1
18.375,-79.875,8,8,8,2,2
18.375,-74.625,8,8,8,2,2
70.625,21.625,8,8,8,1,1
56.375,-141.375,8,8,8,1,1
58.375,-59.375,8,8,8,1,1
-36.125,170.875,8,8,8,2,2
-35.875,18.125,8,8,8,1,1
-35.875,21.875,8,8,8,1,1
72.875,-131.625,8,8,8,1,1
-36.375,-179.125,8,8,8,1,1
33.875,143.125,8,8,8,2,2
72.875,-164.625,8,8,8,1,1
53.875,-138.125,8,8,8,1,1
62.375,-1.125,8,8,8,1,1
54.125,-153.125,8,8,8,1,1
46.625,-9.125,8,8,8,1,1
37.125,-124.625,8,8,8,3,3
65.125,4.875,8,8,8,1,1
31.375,138.625,8,8,8,2,2
18.875,-79.375,8,8,8,2,2
-68.625,-83.625,8,8,8,1,1
-37.375,18.875,8,8,8,1,1
73.125,-144.875,8,8,8,1,1
73.125,-132.625,8,8,8,1,1
45.875,-10.625,8,8,8,1,1
34.125,139.625,8,8,8,3,3
54.375,-170.125,8,8,8,1,1
45.375,13.125,8,8,8,1,1
59.125,-6.875,8,8,8,1,1
73.625,-159.375,8,8,8,1,1
73.625,-153.875,8,8,8,1,1
73.625,-152.625,8,8,8,1,1
73.625,-152.375,8,8,8,1,1
73.625,-149.125,8,8,8,1,1
53.875,-151.625,8,8,8,1,1
62.125,-175.875,8,8,8,2,2
-68.125,5.625,8,8,8,1,1
19.125,-81.625,8,8,8,1,1
62.375,-172.875,8,8,8,1,1
73.375,-155.125,8,8,8,2,2
73.375,-153.625,8,8,8,1,1
73.375,-147.125,8,8,8,1,1
73.375,-133.625,8,8,8,1,1
73.375,-75.125,8,8,8,1,1
-42.625,-62.625,8,8,8,1,1
59.375,-169.375,8,8,8,1,1
36.875,143.625,8,8,8,2,3
61.875,-174.875,8,8,8,1,1
61.875,-167.875,8,8,8,1,1
31.375,138.125,8,8,8,2,2
56.875,-151.875,8,8,8,1,1
19.625,-62.875,8,8,8,1,1
-65.375,121.875,8,8,8,1,1
56.875,-165.875,8,8,8,1,1
40.375,2.125,8,8,8,1,1
70.625,-165.875,8,8,8,2,2
-41.125,174.375,8,8,8,4,4
37.125,-123.375,8,8,8,1,1
34.375,141.625,8,8,8,3,3
73.625,-168.875,8,8,8,1,1
73.875,-152.625,8,8,8,1,1
73.875,-152.375,8,8,8,1,1
-43.125,178.875,8,8,8,1,1
73.875,-148.875,8,8,8,2,2
73.875,-77.375,8,8,8,1,1
73.875,-76.875,8,8,8,1,1
73.875,9.625,8,8,8,1,1
53.625,-153.625,8,8,8,1,1
-66.875,30.375,8,8,8,1,1
56.875,-147.875,8,8,8,1,1
20.125,-107.125,8,8,8,2,2
19.875,-107.375,8,8,8,4,5
40.125,143.875,8,8,8,2,2
31.375,136.625,8,8,8,1,1
-69.625,-92.875,8,8,8,1,1
-42.375,151.625,8,8,8,1,1
-45.125,-65.375,8,8,8,1,1
34.625,141.625,8,8,8,4,4
34.625,142.375,8,8,8,3,4
-65.625,149.125,8,8,8,1,1
-65.625,150.125,8,8,8,1,1
-65.375,-69.125,8,8,8,2,2
70.375,-98.625,8,8,8,1,1
70.375,-64.875,8,8,8,1,1
31.375,131.375,8,8,8,3,3
53.625,-152.125,8,8,8,1,1
-64.375,111.375,8,8,8,1,1
73.875,23.375,8,8,8,1,1
-43.625,148.875,8,8,8,1,1
74.125,-152.125,8,8,8,1,1
74.125,-151.625,8,8,8,1,1
-64.375,-68.125,8,8,8,2,2
74.375,-150.375,8,8,8,1,1
74.375,6.875,8,8,8,1,1
48.125,-129.875,8,8,8,1,1
74.375,13.625,8,8,8,1,1
74.375,14.625,8,8,8,1,1
-46.125,170.875,8,8,8,1,1
61.375,2.625,8,8,8,1,1
61.625,-177.125,8,8,8,1,1
20.625,-67.875,8,8,8,1,1
56.875,-7.625,8,8,8,1,1
20.625,-85.375,8,8,8,1,1
39.875,146.875,8,8,8,1,1
-44.125,147.875,8,8,8,1,1
74.125,24.625,8,8,8,1,1
-44.875,146.875,8,8,8,1,1
-44.875,143.875,8,8,8,1,1
-52.375,-57.625,8,8,8,1,1
-52.375,-56.375,8,8,8,1,1
74.875,6.625,8,8,8,1,1
53.125,-155.875,8,8,8,1,1
-49.375,167.625,8,8,8,1,1
61.375,-17.375,8,8,8,1,1
21.625,-73.375,8,8,8,6,6
57.125,-146.125,8,8,8,1,1
70.125,-63.625,8,8,8,1,1
39.875,2.125,8,8,8,1,1
20.875,-65.625,8,8,8,1,1
53.375,-160.625,8,8,8,1,1
-68.875,-83.375,8,8,8,1,1
-47.375,-65.625,8,8,8,1,1
-47.875,167.875,8,8,8,1,1
36.875,145.125,8,8,8,2,2
-52.625,-59.125,8,8,8,1,1
48.875,-132.625,8,8,8,1,1
48.875,-128.375,8,8,8,1,1
61.375,-168.125,8,8,8,1,1
61.375,-21.875,8,8,8,1,1
30.875,138.125,8,8,8,1,1
21.875,-18.625,8,8,8,2,3
70.125,-166.375,8,8,8,3,3
31.125,-11.375,8,8,8,1,1
-71.375,-103.125,8,8,8,1,1
-71.375,-82.375,8,8,8,1,1
-70.125,-89.625,8,8,8,1,1
-52.125,-57.125,8,8,8,1,1
-52.125,-56.875,8,8,8,1,1
-51.875,-57.875,8,8,8,1,1
53.125,-158.125,8,8,8,1,1
-65.875,-72.125,8,8,8,1,1
39.375,14.375,8,8,8,1,1
61.375,-18.875,8,8,8,1,1
61.375,-18.625,8,8,8,1,1
-52.625,-60.875,8,8,8,1,1
-52.875,-57.625,8,8,8,1,1
-52.875,-54.375,8,8,8,1,1
-52.875,-53.875,8,8,8,1,1
36.875,-1.625,8,8,8,1,1
69.875,-168.375,8,8,8,1,1
39.375,145.375,8,8,8,2,2
22.375,-111.125,8,8,8,2,2
39.625,135.625,8,8,8,1,1
57.125,-11.125,8,8,8,1,1
-52.375,-56.125,8,8,8,1,1
-52.625,-59.375,8,8,8,1,1
-54.625,-55.625,8,8,8,1,1
-55.125,-66.125,8,8,8,1,1
61.375,-171.625,8,8,8,1,1
48.875,-126.875,8,8,8,1,1
-70.375,-106.375,8,8,8,1,1
-70.375,-105.875,8,8,8,1,1
-70.375,-104.375,8,8,8,1,1
35.125,131.125,8,8,8,1,1
-53.375,-57.625,8,8,8,1,1
-53.125,-57.625,8,8,8,1,1
-53.125,-53.375,8,8,8,1,1
39.125,145.125,8,8,8,2,2
39.375,-125.625,8,8,8,1,1
23.625,-114.875,8,8,8,1,1
23.125,-17.625,8,8,8,3,3
57.375,-148.375,8,8,8,1,1
49.375,-133.375,8,8,8,1,1
52.625,-10.375,8,8,8,1,1
-57.125,-62.375,8,8,8,1,1
76.125,-137.375,8,8,8,1,1
-70.125,-95.375,8,8,8,1,1
-70.125,-94.375,8,8,8,1,1
23.875,-76.375,8,8,8,1,1
49.125,-127.625,8,8,8,1,1
52.625,173.125,8,8,8,1,1
52.875,-169.625,8,8,8,1,1
75.875,30.125,8,8,8,1,1
35.125,143.875,8,8,8,2,2
-53.125,-52.875,8,8,8,1,1
-54.875,-56.875,8,8,8,1,1
-54.625,-56.375,8,8,8,1,1
-54.625,-56.125,8,8,8,1,1
-59.625,-63.125,8,8,8,1,1
-59.875,-63.625,8,8,8,1,1
49.625,-4.375,8,8,8,1,1
-60.125,-59.125,8,8,8,1,1
36.625,-7.375,8,8,8,1,1
39.125,-127.875,8,8,8,1,1
69.125,-168.625,8,8,8,1,1
25.125,-15.625,8,8,8,2,2
-70.125,-91.375,8,8,8,2,2
38.125,11.875,8,8,8,1,1
52.375,169.625,8,8,8,2,2
76.375,19.875,8,8,8,1,1
76.375,20.375,8,8,8,1,1
-69.125,-92.375,8,8,8,1,1
36.875,-125.125,8,8,8,2,2
-67.375,-71.625,8,8,8,1,1
49.875,-9.375,8,8,8,1,1
76.625,25.625,8,8,8,1,1
60.875,-168.375,8,8,8,1,2
35.625,-11.375,8,8,8,2,2
-66.375,-70.375,8,8,8,2,2
-66.625,78.625,8,8,8,1,1
-66.375,64.625,8,8,8,1,1
26.125,-15.625,8,8,8,2,2
68.625,10.875,8,8,8,1,1
25.875,-18.375,8,8,8,1,1
68.875,-105.125,8,8,8,1,1
25.875,-117.375,8,8,8,2,2
-69.125,-91.125,8,8,8,1,1
76.375,25.125,8,8,8,1,1
52.375,-136.875,8,8,8,1,1
49.625,-13.625,8,8,8,1,1
60.625,-0.125,8,8,8,1,1
60.625,0.125,8,8,8,2,2
35.625,131.625,8,8,8,1,1
51.875,168.875,8,8,8,1,1
59.875,-178.875,8,8,8,1,1
30.125,134.125,8,8,8,3,3
26.875,-117.875,8,8,8,2,2
26.625,-88.375,8,8,8,1,1
66.375,9.375,8,8,8,1,1
66.375,9.625,8,8,8,1,1
68.375,14.125,8,8,8,1,1
-69.625,-84.625,8,8,8,1,1
-60.625,-63.875,8,8,8,1,1
-60.875,-54.875,8,8,8,1,1
60.875,-176.625,8,8,8,1,1
60.875,-174.625,8,8,8,1,1
-62.125,-62.375,8,8,8,1,1
60.625,-170.625,8,8,8,1,1
-70.625,-106.375,8,8,8,1,1
-70.625,-105.375,8,8,8,1,1
-67.625,-75.375,8,8,8,1,2
38.875,-69.375,8,8,8,1,1
58.125,-144.625,8,8,8,1,1
77.125,13.625,8,8,8,1,1
-70.625,-103.875,8,8,8,1,1
35.875,140.625,8,8,8,1,1
35.625,144.375,8,8,8,2,2
50.125,-3.625,8,8,8,1,1
-61.375,-58.125,8,8,8,1,1
-61.875,-48.875,8,8,8,1,1
-61.625,-63.375,8,8,8,1,1
-61.625,-57.375,8,8,8,1,1
-0.875,-83.625,8,8,8,1,1
79.625,6.625,8,8,8,1,1
-67.125,-81.375,8,8,8,1,1
29.125,-87.875,8,8,8,1,1
67.375,-168.125,8,8,8,2,2
67.375,10.875,8,8,8,1,1
-69.375,-95.125,8,8,8,1,1
60.375,-168.625,8,8,8,1,1
36.125,-9.625,8,8,8,1,1
78.125,34.125,8,8,8,1,1
-69.375,-93.875,8,8,8,1,1
-69.375,-90.875,8,8,8,1,1
-63.125,-51.875,8,8,8,1,1
-62.875,-51.625,8,8,8,1,1
-62.875,-50.125,8,8,8,1,1
-62.875,115.125,8,8,8,1,1
-12.875,145.875,8,8,8,1,1
-12.625,45.375,8,8,8,1,1
37.625,-72.375,8,8,8,3,3
7.625,-79.375,8,8,8,3,3
7.375,-84.125,8,8,8,1,2
71.625,-163.125,8,8,8,2,3
-69.875,-86.875,8,8,8,1,1
71.625,-160.375,8,8,8,2,2
71.625,-160.125,8,8,8,1,1
-9.375,-33.625,8,8,8,1,1
-10.375,145.125,8,8,8,1,1
-68.375,-72.875,8,8,8,1,1
-11.375,-36.125,8,8,8,1,1
42.375,15.875,8,8,8,1,1
64.125,4.625,8,8,8,1,1
58.625,-147.125,8,8,8,1,1
79.625,6.875,7,7,7,1,1
-69.375,-89.375,7,7,7,1,1
-69.375,-89.125,7,7,7,1,1
-63.625,112.875,7,7,7,1,1
74.125,-147.625,7,7,7,1,1
74.125,-94.875,7,7,7,1,1
-65.125,-69.625,7,7,7,1,1
70.625,14.375,7,7,7,1,1
56.625,-157.125,7,7,7,1,1
61.625,-171.875,7,7,7,1,1
37.625,0.625,7,7,7,1,1
62.875,-174.625,7,7,7,1,1
67.125,-167.125,7,7,7,1,1
-42.875,-63.375,7,7,7,1,1
73.875,-149.375,7,7,7,1,1
73.875,-149.125,7,7,7,1,1
73.875,-150.375,7,7,7,1,1
73.875,-149.625,7,7,7,1,1
53.625,172.875,7,7,7,1,1
61.875,-175.875,7,7,7,2,2
-52.625,-61.625,7,7,7,1,1
-52.625,-61.375,7,7,7,1,1
77.875,32.875,7,7,7,1,1
-68.125,-2.875,7,7,7,1,1
70.875,-168.125,7,7,7,2,2
-68.125,4.625,7,7,7,1,1
78.875,31.625,7,7,7,1,1
-69.375,-85.625,7,7,7,1,1
28.875,129.375,7,7,7,2,2
61.875,-175.375,7,7,7,1,1
48.125,-5.875,7,7,7,1,1
34.875,141.625,7,7,7,3,3
71.625,-162.875,7,7,7,2,2
37.625,-70.875,7,7,7,2,2
36.375,-9.125,7,7,7,1,1
31.375,138.875,7,7,7,2,2
60.375,-170.375,7,7,7,1,1
60.375,-170.125,7,7,7,1,1
-72.125,-104.625,7,7,7,1,1
70.625,-65.625,7,7,7,1,1
31.625,131.875,7,7,7,2,2
58.875,-143.625,7,7,7,1,1
-31.625,16.375,7,7,7,1,1
-31.375,15.625,7,7,7,1,1
-72.875,-105.875,7,7,7,1,1
-68.875,-74.375,7,7,7,1,1
76.625,28.875,7,7,7,1,1
38.625,-72.375,7,7,7,1,1
36.125,141.875,7,7,7,4,5
18.375,-67.375,7,7,7,1,1
18.375,-64.375,7,7,7,2,2
18.125,-78.625,7,7,7,2,2
70.875,-167.875,7,7,7,2,2
18.125,-67.625,7,7,7,1,1
18.125,-19.625,7,7,7,2,2
71.875,-144.875,7,7,7,1,1
40.375,5.625,7,7,7,1,1
56.625,-144.125,7,7,7,1,1
31.625,134.875,7,7,7,2,2
59.125,179.625,7,7,7,1,1
-38.625,-54.125,7,7,7,1,1
33.875,143.375,7,7,7,2,2
33.875,143.875,7,7,7,2,2
28.625,128.875,7,7,7,3,3
76.375,6.375,7,7,7,1,1
35.375,131.375,7,7,7,1,1
61.125,-178.375,7,7,7,1,1
35.125,143.125,7,7,7,3,3
29.875,129.125,7,7,7,2,2
59.375,-179.625,7,7,7,1,1
73.625,40.625,7,7,7,1,1
33.375,139.375,7,7,7,2,2
-28.625,113.375,7,7,7,1,1
28.875,-93.625,7,7,7,1,1
-62.625,-54.375,7,7,7,1,1
55.875,-164.875,7,7,7,1,1
7.875,-86.375,7,7,7,1,2
7.875,-86.125,7,7,7,1,2
48.625,-128.875,7,7,7,1,1
52.125,169.125,7,7,7,1,1
64.875,8.125,7,7,7,1,1
19.375,-81.125,7,7,7,1,1
40.625,-66.625,7,7,7,1,1
77.125,34.375,7,7,7,1,1
77.375,11.875,7,7,7,1,1
42.875,-64.625,7,7,7,1,1
-70.375,-95.875,7,7,7,1,1
-72.625,-107.875,7,7,7,1,1
-15.125,43.125,7,7,7,1,1
-14.875,43.125,7,7,7,1,1
42.125,7.125,7,7,7,1,1
-66.625,-70.375,7,7,7,1,1
38.625,13.375,7,7,7,1,1
67.875,7.625,7,7,7,1,1
28.375,129.375,7,7,7,4,4
44.625,-62.875,7,7,7,1,1
-14.875,43.375,7,7,7,1,1
59.625,-179.125,7,7,7,1,1
61.375,-177.875,7,7,7,1,1
61.375,-176.625,7,7,7,1,1
73.125,35.625,7,7,7,1,1
-52.625,-62.125,7,7,7,1,1
70.875,5.875,7,7,7,1,1
-68.125,0.625,7,7,7,1,1
-46.875,169.375,7,7,7,1,1
61.625,-176.125,7,7,7,1,1
61.625,-175.875,7,7,7,1,1
29.875,130.125,7,7,7,2,2
28.375,128.875,7,7,7,3,3
73.875,-77.625,7,7,7,1,1
51.625,-13.625,7,7,7,1,1
-36.125,30.125,7,7,7,1,1
-36.375,-54.125,7,7,7,1,1
53.125,170.375,7,7,7,1,1
61.625,-175.625,7,7,7,1,1
42.625,138.875,7,7,7,1,1
35.625,141.375,7,7,7,3,3
55.125,173.875,7,7,7,1,1
71.875,10.125,7,7,7,1,1
59.875,-168.875,7,7,7,2,3
40.375,18.875,7,7,7,1,1
44.875,149.875,7,7,7,1,1
54.375,172.375,7,7,7,1,1
7.125,-50.375,7,7,7,1,1
51.625,-129.875,7,7,7,1,1
73.875,-77.125,7,7,7,1,1
72.375,27.875,7,7,7,1,1
59.875,-179.125,7,7,7,1,1
51.875,-135.125,7,7,7,2,2
33.375,136.125,7,7,7,4,4
33.375,137.375,7,7,7,2,2
-69.625,-94.375,7,7,7,1,1
70.375,17.375,7,7,7,1,1
19.375,-67.875,7,7,7,1,1
-59.875,-62.125,7,7,7,1,1
-52.625,-55.625,7,7,7,1,1
52.875,4.125,7,7,7,1,1
61.375,-20.625,7,7,7,1,1
17.375,-75.625,7,7,7,4,4
10.375,-78.875,7,7,7,1,1
32.125,137.875,7,7,7,2,2
41.875,139.625,7,7,7,2,2
30.125,131.375,7,7,7,3,3
30.125,132.375,7,7,7,3,3
57.875,-165.875,7,7,7,1,1
27.375,-79.375,7,7,7,1,1
72.875,-72.625,7,7,7,1,1
72.875,-72.375,7,7,7,1,1
55.625,-11.125,7,7,7,1,1
-44.875,151.625,7,7,7,1,1
-68.875,5.375,7,7,7,1,1
-27.125,11.875,7,7,7,1,1
72.375,-70.875,7,7,7,1,1
72.375,12.875,7,7,7,1,1
36.125,-9.125,7,7,7,1,1
41.875,17.125,7,7,7,1,1
11.375,-58.875,7,7,7,1,1
61.375,-17.125,7,7,7,1,1
34.875,-8.875,7,7,7,1,1
-68.125,-5.875,7,7,7,1,1
56.375,-163.875,7,7,7,1,1
78.125,7.375,7,7,7,1,1
73.375,-154.125,7,7,7,1,1
73.375,-153.875,7,7,7,1,1
-63.125,140.375,7,7,7,1,1
31.625,-120.375,7,7,7,1,1
56.875,-150.625,7,7,7,1,1
37.875,144.875,7,7,7,1,1
30.375,-80.625,7,7,7,1,1
-25.875,44.625,7,7,7,1,1
-25.875,112.625,7,7,7,1,1
53.875,-167.875,7,7,7,1,2
35.375,-11.875,7,7,7,1,1
35.375,-11.625,7,7,7,1,1
30.125,133.375,7,7,7,3,3
36.375,-126.625,7,7,7,2,2
59.875,23.875,7,7,7,3,3
-60.625,-64.375,7,7,7,1,1
45.875,-8.625,7,7,7,1,1
73.375,-133.875,7,7,7,1,1
73.375,-133.375,7,7,7,1,1
-69.875,-105.375,7,7,7,1,1
-65.375,-67.875,7,7,7,1,1
72.875,-72.875,7,7,7,1,1
48.125,-11.125,7,7,7,1,1
35.625,144.625,7,7,7,3,3
-67.375,62.625,7,7,7,1,1
-67.375,73.875,7,7,7,1,1
73.625,12.875,7,7,7,1,1
-68.625,-96.625,7,7,7,1,1
58.125,-142.125,7,7,7,1,1
40.125,18.875,7,7,7,1,1
-19.875,-38.875,7,7,7,3,4
73.375,-160.625,7,7,7,1,1
31.375,-121.125,7,7,7,1,1
31.375,-78.125,7,7,7,1,1
31.125,133.875,7,7,7,2,2
-66.875,65.125,7,7,7,1,1
56.875,-11.125,7,7,7,1,1
61.375,-19.625,7,7,7,1,1
70.875,12.375,7,7,7,1,1
-14.625,43.375,7,7,7,1,1
-14.625,43.625,7,7,7,1,1
37.625,11.875,7,7,7,1,1
47.875,-127.625,7,7,7,2,2
53.375,170.625,7,7,7,1,1
-69.625,-95.375,7,7,7,2,2
54.625,-152.875,7,7,7,1,1
-70.625,-83.625,7,7,7,1,1
32.125,132.625,7,7,7,2,2
-62.625,-53.375,7,7,7,1,1
42.125,146.375,7,7,7,2,2
54.375,-152.625,7,7,7,1,1
54.375,-138.875,7,7,7,1,1
54.375,-137.125,7,7,7,1,1
35.875,143.625,7,7,7,3,3
26.625,-16.875,7,7,7,2,2
57.625,-11.625,7,7,7,1,1
27.375,-91.875,7,7,7,1,1
-69.125,-74.625,7,7,7,1,1
-70.375,-103.625,7,7,7,2,2
59.625,-147.625,7,7,7,1,1
78.875,3.125,7,7,7,1,1
-67.375,-74.875,7,7,7,1,1
36.875,-71.875,7,7,7,4,4
48.875,-9.375,7,7,7,1,1
-65.625,138.625,7,7,7,1,1
-18.625,41.625,7,7,7,1,1
-18.625,120.875,7,7,7,1,1
-18.625,147.875,7,7,7,1,1
-45.375,143.875,7,7,7,1,1
31.875,-119.875,7,7,7,2,2
64.875,-61.375,7,7,7,1,1
71.125,-168.625,7,7,7,1,1
55.875,-10.125,7,7,7,1,1
26.375,-117.125,7,7,7,2,2
-33.375,152.125,7,7,7,4,4
-33.625,27.125,7,7,7,1,1
35.875,132.625,7,7,7,1,1
-73.875,-107.375,7,7,7,1,1
13.125,-97.375,7,7,7,1,1
71.375,-159.125,7,7,7,1,1
71.125,-162.875,7,7,7,1,1
71.125,-159.375,7,7,7,2,2
71.125,-158.625,7,7,7,1,1
71.125,-158.125,7,7,7,1,1
16.375,-70.125,7,7,7,1,1
73.375,-74.875,7,7,7,1,1
73.375,11.125,7,7,7,1,1
-68.625,-98.125,7,7,7,1,1
39.875,137.125,7,7,7,2,2
39.875,137.375,7,7,7,2,2
-60.875,-55.375,7,7,7,1,1
68.625,12.875,7,7,7,1,1
58.125,-146.375,7,7,7,1,1
57.625,-141.875,7,7,7,1,1
-60.875,-58.625,7,7,7,1,1
48.375,-123.375,7,7,7,1,1
77.625,27.875,7,7,7,2,2
-63.125,126.125,7,7,7,1,1
-63.875,112.875,7,7,7,1,1
50.875,-129.125,7,7,7,1,1
50.875,-133.125,7,7,7,1,1
21.125,-109.625,7,7,7,6,7
58.375,-166.625,7,7,7,1,1
31.125,-10.875,7,7,7,3,4
73.125,-132.875,7,7,7,1,1
60.875,-178.125,7,7,7,1,1
50.125,-13.375,7,7,7,1,1
-69.125,-102.625,7,7,7,1,1
-50.875,-65.125,7,7,7,1,1
53.875,-159.375,7,7,7,1,1
53.875,-154.375,7,7,7,1,1
-56.875,-65.125,7,7,7,1,1
76.125,-7.625,7,7,7,1,1
25.625,-82.375,7,7,7,1,1
37.375,143.125,7,7,7,2,2
68.625,11.375,7,7,7,1,1
66.375,-168.625,7,7,7,2,2
66.375,-168.125,7,7,7,1,1
36.375,-3.875,7,7,7,1,1
47.375,-4.875,7,7,7,1,1
42.375,5.125,7,7,7,1,1
-10.875,-34.375,7,7,7,1,1
60.625,-177.875,7,7,7,1,1
60.625,-177.625,7,7,7,1,1
60.625,-173.625,7,7,7,1,1
52.875,-15.625,7,7,7,1,1
21.875,-77.375,7,7,7,1,1
33.625,136.375,7,7,7,2,2
54.625,-165.875,7,7,7,1,1
-69.375,-90.625,7,7,7,1,1
-67.875,-73.375,7,7,7,2,2
-67.875,-72.375,7,7,7,1,1
-65.625,69.125,7,7,7,1,1
-67.875,-71.375,7,7,7,1,1
70.125,9.875,7,7,7,1,1
75.125,33.125,7,7,7,1,1
-52.625,-59.625,7,7,7,1,1
-52.625,-58.875,7,7,7,1,1
71.375,-166.625,7,7,7,1,1
62.375,4.375,7,7,7,1,1
75.875,31.375,7,7,7,1,1
43.625,-12.375,7,7,7,1,1
72.375,-158.375,7,7,7,2,2
72.375,-157.875,7,7,7,2,2
44.125,-128.875,7,7,7,1,1
16.125,-66.875,7,7,7,1,1
37.625,-124.625,7,7,7,2,2
72.125,-160.875,7,7,7,1,1
-18.625,-38.625,7,7,7,2,2
-65.625,-67.875,7,7,7,1,1
16.125,-66.625,7,7,7,1,1
-13.125,50.875,7,7,7,1,1
53.125,-156.875,7,7,7,1,1
53.125,-156.375,7,7,7,1,1
71.375,-162.125,7,7,7,2,2
73.625,-151.625,7,7,7,1,1
73.625,-151.375,7,7,7,1,1
-63.125,-52.375,7,7,7,1,1
25.125,-115.375,7,7,7,2,2
51.625,-134.875,7,7,7,1,1
71.125,32.625,7,7,7,1,1
-13.625,51.875,7,7,7,1,1
39.625,4.875,7,7,7,1,1
22.125,-112.125,7,7,7,4,4
-60.875,-54.625,7,7,7,1,1
-60.875,-53.875,7,7,7,1,1
-60.875,-53.625,7,7,7,1,1
-9.125,-33.125,7,7,7,1,1
42.125,16.625,7,7,7,1,1
-60.875,-55.625,7,7,7,2,2
75.875,23.625,7,7,7,1,1
71.375,-165.625,7,7,7,2,2
71.375,-165.125,7,7,7,2,2
37.625,-125.625,7,7,7,2,2
37.625,-125.375,7,7,7,2,2
73.125,-133.375,7,7,7,1,1
41.125,146.875,7,7,7,3,3
71.125,-157.625,7,7,7,1,1
31.875,132.125,7,7,7,2,2
52.875,-157.375,7,7,7,1,1
52.875,-137.625,7,7,7,1,1
61.125,-4.625,7,7,7,1,1
38.125,-9.625,7,7,7,1,1
54.125,171.875,7,7,7,1,1
54.125,172.375,7,7,7,1,1
74.625,12.375,7,7,7,1,1
33.125,140.875,7,7,7,3,3
-69.125,-103.125,7,7,7,1,1
74.125,-147.875,7,7,7,1,1
73.125,-156.875,7,7,7,1,1
73.125,-156.625,7,7,7,1,1
-37.375,-56.375,7,7,7,1,1
64.125,-167.375,7,7,7,1,1
32.375,137.875,7,7,7,2,2
48.125,-127.625,7,7,7,1,1
32.625,128.875,7,7,7,1,1
64.625,8.625,7,7,7,1,1
31.875,129.375,7,7,7,1,1
72.125,-151.375,7,7,7,1,1
43.375,-57.125,7,7,7,1,1
-23.625,-43.125,7,7,7,3,3
-23.625,50.125,7,7,7,1,1
75.625,32.625,7,7,7,1,1
-71.625,-84.875,7,7,7,1,1
69.125,-62.625,7,7,7,1,1
69.375,6.375,7,7,7,1,1
24.625,-114.375,7,7,7,2,2
-70.125,-92.375,7,7,7,1,1
61.125,-176.875,7,7,7,2,2
73.875,9.875,7,7,7,1,1
54.875,-151.875,7,7,7,1,1
-70.125,-93.375,7,7,7,1,1
-33.625,169.625,7,7,7,2,2
-68.625,-78.375,7,7,7,1,1
-66.125,-68.875,7,7,7,1,1
76.875,37.875,7,7,7,1,1
78.375,9.875,7,7,7,1,1
69.875,-164.875,7,7,7,2,3
36.625,-2.875,7,7,7,1,1
-12.625,50.625,7,7,7,1,1
-64.875,72.375,7,7,7,1,1
42.625,-67.875,7,7,7,2,2
73.125,-160.875,7,7,7,1,1
73.375,16.875,7,7,7,1,1
-68.625,-98.375,7,7,7,1,1
73.625,-151.875,7,7,7,1,1
78.625,1.375,7,7,7,1,1
78.625,1.625,7,7,7,1,1
66.125,-167.625,7,7,7,1,1
23.125,-17.125,7,7,7,1,1
76.375,25.625,7,7,7,1,1
47.625,-130.375,7,7,7,1,1
53.625,171.125,7,7,7,1,1
60.375,-178.375,7,7,7,1,1
14.125,-95.625,7,7,7,2,2
60.875,-17.875,7,7,7,1,1
-69.125,-99.375,7,7,7,1,1
-69.625,-100.875,7,7,7,1,1
50.375,-130.375,7,7,7,1,1
41.375,11.375,7,7,7,1,1
41.125,146.125,7,7,7,2,2
15.875,-70.875,7,7,7,1,1
59.375,-143.375,7,7,7,1,1
41.375,137.375,7,7,7,1,1
34.125,129.375,7,7,7,1,1
72.875,-131.375,7,7,7,1,1
45.375,-127.625,7,7,7,1,1
-9.875,-33.875,7,7,7,1,1
-10.375,-34.125,7,7,7,1,1
55.375,173.875,7,7,7,1,1
55.625,-167.625,7,7,7,1,1
24.125,-16.375,7,7,7,2,2
78.625,1.875,7,7,7,1,1
-63.125,-53.375,7,7,7,1,1
57.375,-8.375,7,7,7,1,1
63.125,-173.625,7,7,7,1,1
33.875,142.375,7,7,7,3,3
48.125,-130.125,7,7,7,1,1
38.125,135.125,7,7,7,2,2
30.875,-14.375,7,7,7,1,1
-69.875,-83.375,7,7,7,1,1
13.875,-70.375,7,7,7,2,2
-59.375,-67.375,7,7,7,1,1
-59.375,-66.625,7,7,7,1,1
-59.375,-63.875,7,7,7,2,2
-25.125,41.875,7,7,7,1,1
23.625,-73.875,7,7,7,1,1
66.125,-61.375,7,7,7,1,1
72.875,-133.625,7,7,7,1,1
-35.125,15.375,7,7,7,1,1
57.375,-148.625,7,7,7,1,1
23.625,-113.125,7,7,7,2,2
23.625,-112.875,7,7,7,2,2
35.125,142.125,7,7,7,2,3
30.625,131.125,7,7,7,3,3
30.625,131.375,7,7,7,3,3
69.625,-167.375,7,7,7,2,2
-40.125,177.875,7,7,7,1,1
59.125,-8.375,7,7,7,1,1
57.375,-143.375,7,7,7,1,1
57.375,-12.125,7,7,7,1,1
71.125,14.625,7,7,7,1,1
53.375,175.875,7,7,7,1,1
53.375,176.125,7,7,7,1,1
-44.375,148.375,7,7,7,2,2
-44.625,172.375,7,7,7,1,1
29.375,129.375,7,7,7,2,2
-60.375,-56.875,7,7,7,1,1
35.625,-10.875,7,7,7,1,1
60.125,-178.375,7,7,7,1,1
73.875,-78.375,7,7,7,1,1
73.875,-78.125,7,7,7,1,1
73.875,-77.875,7,7,7,1,1
52.375,169.375,7,7,7,1,1
72.875,-134.625,7,7,7,1,1
72.875,-134.125,7,7,7,1,1
72.875,16.375,7,7,7,1,1
51.375,-134.125,7,7,7,1,1
51.125,-12.625,6,6,6,1,1
51.125,-14.875,6,6,6,1,1
72.875,-133.875,6,6,6,1,1
72.875,-134.375,6,6,6,1,1
72.875,-134.875,6,6,6,1,1
66.875,8.875,6,6,6,2,2
66.875,7.625,6,6,6,1,1
49.875,-8.125,6,6,6,1,1
73.875,-78.625,6,6,6,1,1
36.375,15.375,6,6,6,1,1
60.125,-178.875,6,6,6,1,1
60.125,-173.125,6,6,6,1,1
76.625,22.625,6,6,6,1,1
29.875,132.875,6,6,6,3,3
38.375,12.625,6,6,6,1,1
38.375,13.125,6,6,6,1,1
66.875,11.875,6,6,6,1,1
73.875,-145.375,6,6,6,1,1
73.875,-80.375,6,6,6,1,1
74.125,-79.375,6,6,6,1,1
40.875,146.875,6,6,6,2,2
-52.625,-61.125,6,6,6,1,1
-52.625,-60.625,6,6,6,1,1
-69.125,-84.625,6,6,6,1,1
49.625,-8.875,6,6,6,1,1
-68.125,-0.375,6,6,6,1,1
-62.875,-56.625,6,6,6,1,1
56.375,-10.375,6,6,6,1,1
28.875,128.875,6,6,6,2,2
37.125,145.375,6,6,6,1,1
55.375,-12.625,6,6,6,1,1
14.375,-73.125,6,6,6,1,1
33.375,139.625,6,6,6,2,2
-33.625,17.625,6,6,6,1,1
-23.875,49.875,6,6,6,1,1
-24.125,49.125,6,6,6,1,1
23.625,-81.375,6,6,6,2,2
13.625,-70.125,6,6,6,2,2
-68.125,-83.625,6,6,6,1,1
32.375,139.125,6,6,6,2,2
51.875,-133.875,6,6,6,1,1
33.625,142.625,6,6,6,2,2
37.375,-70.875,6,6,6,1,1
-67.875,-5.875,6,6,6,1,1
75.875,-6.875,6,6,6,1,1
33.125,-73.125,6,6,6,1,1
41.375,145.125,6,6,6,2,2
-10.625,142.375,6,6,6,1,1
-12.125,45.875,6,6,6,1,1
-12.125,49.625,6,6,6,1,1
23.875,-114.125,6,6,6,1,1
52.625,177.125,6,6,6,1,1
62.375,3.125,6,6,6,1,1
73.625,-151.125,6,6,6,1,1
32.875,141.375,6,6,6,3,3
32.875,136.375,6,6,6,2,2
43.375,7.625,6,6,6,1,1
43.375,148.375,6,6,6,1,1
69.625,10.625,6,6,6,1,1
69.625,6.375,6,6,6,1,1
37.125,145.125,6,6,6,2,2
22.875,-112.375,6,6,6,1,1
36.625,145.125,6,6,6,2,2
36.875,-125.375,6,6,6,2,2
73.625,-153.375,6,6,6,1,1
73.875,40.625,6,6,6,1,1
73.875,41.125,6,6,6,1,1
36.375,144.375,6,6,6,2,2
35.875,-10.625,6,6,6,1,1
31.875,137.375,6,6,6,2,2
13.375,-59.875,6,6,6,1,1
13.625,-74.125,6,6,6,1,1
37.625,144.125,6,6,6,2,2
-54.375,-55.125,6,6,6,1,1
-69.625,-102.125,6,6,6,1,1
33.125,134.625,6,6,6,1,1
33.125,-78.875,6,6,6,1,1
75.625,41.875,6,6,6,1,1
-73.875,-105.125,6,6,6,1,1
35.875,133.125,6,6,6,2,2
38.125,-125.375,6,6,6,1,1
69.875,-163.375,6,6,6,1,1
-11.375,47.375,6,6,6,1,1
-11.375,145.125,6,6,6,1,1
42.375,137.625,6,6,6,2,2
-64.875,110.125,6,6,6,1,1
-37.125,17.375,6,6,6,1,1
23.125,-84.375,6,6,6,3,5
73.375,12.875,6,6,6,1,1
73.375,14.375,6,6,6,2,2
-39.375,-59.125,6,6,6,1,1
73.625,-152.125,6,6,6,1,1
22.375,-18.375,6,6,6,3,3
24.375,-114.875,6,6,6,1,1
-67.625,-82.375,6,6,6,1,1
69.125,-165.875,6,6,6,2,2
54.875,-154.375,6,6,6,1,1
14.125,-73.375,6,6,6,1,1
58.625,-166.625,6,6,6,1,1
58.625,-153.625,6,6,6,1,1
52.875,169.875,6,6,6,1,1
36.875,135.875,6,6,6,2,2
74.125,-151.375,6,6,6,1,1
39.125,136.125,6,6,6,2,2
24.125,-113.625,6,6,6,2,2
74.375,-161.875,6,6,6,1,1
74.375,-150.625,6,6,6,1,1
36.875,144.625,6,6,6,1,1
33.625,140.875,6,6,6,3,3
24.875,-115.125,6,6,6,2,2
73.125,-157.125,6,6,6,1,1
58.625,-145.625,6,6,6,2,2
42.375,-67.375,6,6,6,1,1
64.125,-78.375,6,6,6,1,1
-68.875,-81.125,6,6,6,1,1
32.625,133.625,6,6,6,2,2
-73.875,-104.375,6,6,6,1,1
15.625,-71.125,6,6,6,1,1
22.625,-111.375,6,6,6,3,3
54.625,-170.125,6,6,6,1,1
33.625,136.125,6,6,6,2,2
25.125,-115.875,6,6,6,1,1
39.125,14.875,6,6,6,1,1
34.625,-9.125,6,6,6,1,1
-66.125,-70.375,6,6,6,2,2
38.125,-12.125,6,6,6,1,1
57.125,-11.375,6,6,6,1,1
-70.125,-90.375,6,6,6,1,1
73.125,-133.125,6,6,6,1,1
56.125,-13.875,6,6,6,1,1
16.375,-100.375,6,6,6,1,1
-70.375,-107.375,6,6,6,1,1
-70.375,-106.875,6,6,6,1,1
39.625,134.625,6,6,6,2,2
21.625,-65.375,6,6,6,1,1
65.875,-168.125,6,6,6,1,1
-65.875,146.125,6,6,6,1,1
69.875,13.125,6,6,6,1,1
33.125,141.125,6,6,6,2,2
33.125,-9.125,6,6,6,1,1
-45.125,173.875,6,6,6,1,1
32.375,138.875,6,6,6,1,1
-5.125,-33.125,6,6,6,1,1
-73.375,-106.125,6,6,6,1,1
-40.875,174.125,6,6,6,3,3
53.875,-153.625,6,6,6,1,1
61.125,-176.625,6,6,6,1,1
25.625,-116.875,6,6,6,2,2
71.625,-152.875,6,6,6,1,1
71.375,-165.875,6,6,6,2,2
13.125,-74.875,6,6,6,1,1
34.625,143.625,6,6,6,2,2
74.375,-94.375,6,6,6,1,1
74.375,-94.125,6,6,6,1,1
74.375,-93.875,6,6,6,1,1
74.375,-93.625,6,6,6,1,1
-22.375,111.875,6,6,6,1,1
13.125,-94.125,6,6,6,5,6
64.625,-167.625,6,6,6,2,2
78.625,9.875,6,6,6,1,1
24.875,-19.625,6,6,6,1,1
-67.625,-71.875,6,6,6,1,1
25.125,-19.375,6,6,6,1,1
71.875,-162.375,6,6,6,1,1
42.375,15.375,6,6,6,1,1
-70.125,-88.125,6,6,6,1,1
-65.625,-66.875,6,6,6,1,1
70.125,-99.375,6,6,6,1,1
-60.875,-55.125,6,6,6,1,1
60.875,-177.625,6,6,6,1,1
60.875,-177.125,6,6,6,1,1
-63.125,90.375,6,6,6,1,1
-63.125,112.875,6,6,6,1,1
55.875,174.125,6,6,6,1,1
73.125,-161.875,6,6,6,1,2
43.625,148.625,6,6,6,1,1
72.375,-164.125,6,6,6,1,1
-63.125,-66.875,6,6,6,1,1
34.375,129.875,6,6,6,2,2
41.125,6.625,6,6,6,1,1
41.125,11.875,6,6,6,1,1
-19.875,152.375,6,6,6,1,1
-68.625,-73.625,6,6,6,1,1
-19.125,119.875,6,6,6,1,1
32.875,138.375,6,6,6,2,2
16.375,-101.625,6,6,6,1,1
16.375,-100.625,6,6,6,4,5
16.875,-102.625,6,6,6,1,1
74.125,-151.875,6,6,6,1,1
44.875,-128.125,6,6,6,2,2
54.625,-162.125,6,6,6,1,1
72.625,16.625,6,6,6,1,1
-34.875,15.625,6,6,6,1,1
-34.875,19.625,6,6,6,1,1
21.375,-109.125,6,6,6,1,1
39.625,137.625,6,6,6,2,2
-53.125,-62.875,6,6,6,1,1
-53.625,-57.625,6,6,6,1,1
75.625,7.375,6,6,6,1,1
48.625,-8.625,6,6,6,1,1
48.625,-6.875,6,6,6,1,1
52.875,170.625,6,6,6,1,1
12.125,-76.375,6,6,6,1,1
32.125,-123.125,6,6,6,2,2
32.125,-119.375,6,6,6,1,1
25.375,-19.125,6,6,6,1,1
25.625,-117.125,6,6,6,1,1
68.875,-168.875,6,6,6,1,1
34.375,-73.875,6,6,6,1,1
49.875,171.375,6,6,6,1,1
58.125,-137.125,6,6,6,1,1
66.375,-167.375,6,6,6,1,1
36.375,14.875,6,6,6,1,1
47.375,-5.375,6,6,6,1,1
-44.125,150.875,6,6,6,1,1
-61.375,-63.625,6,6,6,1,1
50.375,-131.625,6,6,6,2,2
-62.375,-60.125,6,6,6,2,2
63.625,5.375,6,6,6,1,1
33.625,-76.625,6,6,6,1,1
44.625,149.625,6,6,6,1,1
76.875,13.875,6,6,6,1,1
-52.125,-58.375,6,6,6,1,1
-52.125,-58.125,6,6,6,1,1
48.375,-9.875,6,6,6,1,1
55.875,-10.375,6,6,6,1,1
-62.625,-59.875,6,6,6,2,2
58.375,-150.375,6,6,6,1,1
58.375,-149.125,6,6,6,1,1
46.125,-127.375,6,6,6,2,2
62.375,-168.375,6,6,6,1,1
50.125,-13.875,6,6,6,1,1
-61.125,-61.875,6,6,6,1,1
57.625,-141.375,6,6,6,1,1
38.875,15.125,6,6,6,1,1
-56.875,-62.625,6,6,6,1,1
25.375,-78.375,6,6,6,1,1
35.875,142.625,6,6,6,2,2
-62.125,-57.875,6,6,6,1,1
-26.875,11.375,6,6,6,1,1
11.625,-91.875,6,6,6,1,1
-49.625,-65.125,6,6,6,1,1
73.125,-168.875,6,6,6,1,1
32.125,129.375,6,6,6,1,1
71.125,-164.625,6,6,6,1,2
-71.875,-108.625,6,6,6,1,1
53.875,-13.625,6,6,6,1,1
60.875,-174.375,6,6,6,1,1
39.875,137.625,6,6,6,2,2
25.875,-18.125,6,6,6,1,1
26.125,-117.625,6,6,6,1,1
26.125,-116.625,6,6,6,2,2
25.875,-82.875,6,6,6,1,1
-53.375,-58.875,6,6,6,1,1
-52.625,-60.125,6,6,6,1,1
40.125,137.625,6,6,6,1,1
-67.875,-75.625,6,6,6,2,2
31.125,135.125,6,6,6,1,1
20.625,-64.125,6,6,6,1,1
21.125,-108.625,6,6,6,1,1
58.875,-167.875,6,6,6,1,1
43.125,148.125,6,6,6,1,1
-20.375,-39.125,6,6,6,2,3
62.375,-2.125,6,6,6,1,1
34.125,-11.375,6,6,6,1,1
64.875,3.375,6,6,6,1,1
41.125,-12.375,6,6,6,1,1
70.875,22.375,6,6,6,1,1
41.625,148.125,6,6,6,1,1
55.625,-141.125,6,6,6,1,1
42.125,147.125,6,6,6,1,1
55.875,-11.125,6,6,6,1,1
60.375,-146.625,6,6,6,1,1
-71.375,-108.375,6,6,6,1,1
26.375,-118.125,6,6,6,1,1
57.625,-141.625,6,6,6,1,1
30.125,133.625,6,6,6,3,3
30.125,134.375,6,6,6,3,3
78.875,2.375,6,6,6,1,1
35.875,-123.125,6,6,6,1,1
60.625,4.125,6,6,6,1,1
20.625,-107.875,6,6,6,1,1
-68.875,-97.375,6,6,6,1,1
-68.875,-96.875,6,6,6,1,1
75.625,-6.375,6,6,6,1,1
-34.375,169.875,6,6,6,1,1
51.875,-54.375,6,6,6,1,1
33.625,139.125,6,6,6,1,1
73.375,-144.875,6,6,6,1,1
31.375,-75.625,6,6,6,1,1
-71.125,-82.125,6,6,6,1,1
31.375,129.875,6,6,6,3,3
-66.875,-70.625,6,6,6,1,1
-67.625,30.875,6,6,6,1,1
63.875,2.125,6,6,6,1,1
-69.875,-85.875,6,6,6,1,1
53.625,-159.625,6,6,6,1,1
53.625,-159.125,6,6,6,1,1
44.375,149.375,6,6,6,1,1
-68.625,-80.875,6,6,6,1,1
32.125,132.875,6,6,6,2,2
-65.375,138.125,6,6,6,1,1
36.125,-9.375,6,6,6,1,1
72.875,-73.125,6,6,6,1,1
-68.875,-79.625,6,6,6,2,2
45.375,144.875,6,6,6,1,1
27.125,-118.375,6,6,6,2,2
26.875,-117.625,6,6,6,2,2
58.125,-141.375,6,6,6,1,1
30.375,136.375,6,6,6,3,3
30.125,134.875,6,6,6,3,3
56.875,-140.875,6,6,6,1,1
-65.375,-72.375,6,6,6,1,1
40.125,13.625,6,6,6,1,1
55.375,-167.625,6,6,6,1,1
-17.625,147.125,6,6,6,1,1
72.625,-71.375,6,6,6,1,1
34.125,-10.375,6,6,6,1,1
43.875,148.875,6,6,6,1,1
-41.625,-61.375,6,6,6,1,1
38.875,14.875,6,6,6,1,1
35.375,141.125,6,6,6,3,3
60.125,-179.875,6,6,6,1,1
-60.875,-51.875,6,6,6,1,1
73.125,-74.625,6,6,6,1,1
-62.875,113.375,6,6,6,1,1
50.625,0.375,6,6,6,1,1
61.375,-20.125,6,6,6,1,1
-65.375,112.875,6,6,6,1,1
70.375,13.625,6,6,6,1,1
31.375,135.125,6,6,6,1,1
-70.875,-107.375,6,6,6,1,1
56.875,-147.625,6,6,6,1,1
30.125,131.625,6,6,6,3,3
27.625,-92.125,6,6,6,1,1
37.125,-76.375,6,6,6,1,1
-69.875,-93.125,6,6,6,1,1
33.375,-77.125,6,6,6,1,1
33.125,140.625,6,6,6,2,2
72.375,-133.375,6,6,6,1,1
72.375,-70.375,6,6,6,1,1
41.875,16.875,6,6,6,1,1
32.375,-119.625,6,6,6,3,3
78.125,0.625,6,6,6,1,1
50.625,175.625,6,6,6,1,1
40.375,137.625,6,6,6,2,2
44.875,144.375,6,6,6,1,1
37.875,-75.375,6,6,6,1,1
17.375,-68.625,6,6,6,1,1
44.125,-66.625,6,6,6,1,1
60.625,-22.875,6,6,6,1,1
60.625,0.375,6,6,6,1,1
50.375,-134.875,6,6,6,1,1
58.125,-165.625,6,6,6,1,1
-46.625,172.875,6,6,6,1,1
-46.625,162.625,6,6,6,1,1
59.125,-142.875,6,6,6,1,1
40.875,4.875,6,6,6,2,2
17.875,-67.875,6,6,6,1,1
-59.875,-57.125,6,6,6,1,1
61.375,-21.375,6,6,6,1,1
61.375,-21.125,6,6,6,1,1
41.125,-126.375,6,6,6,1,1
9.125,-85.375,6,6,6,4,5
66.625,-166.875,6,6,6,1,1
28.625,-15.625,6,6,6,1,1
52.375,177.375,6,6,6,1,1
-41.875,-62.125,6,6,6,1,1
-69.625,-90.875,6,6,6,2,2
54.375,-156.375,6,6,6,1,1
53.125,170.875,6,6,6,1,1
-47.625,169.875,6,6,6,1,1
61.625,-174.125,6,6,6,1,1
34.625,140.875,6,6,6,3,3
76.875,22.375,6,6,6,1,1
19.375,-65.875,6,6,6,2,2
37.625,-126.375,6,6,6,2,2
32.625,139.875,6,6,6,2,2
-17.375,121.875,6,6,6,1,1
7.125,-83.125,6,6,6,1,2
32.375,133.125,6,6,6,2,2
6.125,-52.125,6,6,6,2,4
38.625,12.875,6,6,6,1,1
67.625,-167.375,6,6,6,1,1
73.875,8.125,6,6,6,1,1
47.375,-126.125,6,6,6,1,1
53.625,-15.125,6,6,6,1,1
28.625,132.375,6,6,6,2,2
36.625,135.625,6,6,6,3,3
36.625,141.875,6,6,6,3,3
36.875,13.125,6,6,6,1,1
73.375,-168.625,6,6,6,1,1
74.125,-79.125,6,6,6,1,1
74.125,-78.875,6,6,6,1,1
42.625,-126.125,6,6,6,1,1
57.875,-148.375,6,6,6,1,1
28.625,-15.875,6,6,6,1,1
59.375,-179.125,6,6,6,1,1
54.625,175.375,6,6,6,1,1
33.625,-78.375,6,6,6,1,1
63.375,-167.875,6,6,6,1,1
33.375,135.375,6,6,6,2,2
63.625,-173.375,6,6,6,1,1
54.875,-160.375,6,6,6,1,1
74.875,-5.375,6,6,6,1,1
52.125,169.375,6,6,6,2,2
70.875,-159.125,6,6,6,1,1
50.125,-132.375,6,6,6,1,1
17.625,-64.125,6,6,6,1,1
70.875,-97.875,6,6,6,1,1
40.375,146.625,6,6,6,1,1
63.875,0.125,6,6,6,1,1
32.375,129.375,6,6,6,2,2
-67.375,-76.125,6,6,6,1,1
54.625,-14.625,6,6,6,1,1
54.625,-152.375,6,6,6,1,1
-69.625,-84.875,6,6,6,1,1
38.625,-71.375,6,6,6,1,1
-42.875,173.375,6,6,6,1,2
67.375,-167.125,6,6,6,1,1
-70.125,-100.625,6,6,6,1,1
70.625,16.125,6,6,6,1,1
18.375,-63.375,6,6,6,4,4
56.625,-9.375,6,6,6,1,1
-38.625,144.625,6,6,6,4,4
45.125,12.875,6,6,6,1,1
-70.125,-102.125,6,6,6,1,1
28.625,129.375,6,6,6,3,3
49.625,-128.875,6,6,6,1,1
61.875,-172.125,6,6,6,1,1
45.125,13.125,6,6,6,1,1
-60.125,-56.875,6,6,6,1,1
-48.125,-65.375,6,6,6,1,1
-70.875,-83.375,6,6,6,1,1
34.875,-72.375,6,6,6,1,1
55.625,174.625,6,6,6,1,1
37.875,11.875,6,6,6,1,1
37.875,134.625,6,6,6,2,2
65.125,-170.125,6,6,6,1,1
-38.375,179.125,6,6,6,1,1
31.625,135.125,6,6,6,1,1
40.625,4.875,6,6,6,1,1
40.625,12.375,6,6,6,1,1
74.125,-79.875,6,6,6,1,1
74.125,-79.625,6,6,6,1,1
66.875,-167.125,6,6,6,1,1
79.375,5.625,6,6,6,1,1
-66.625,-73.375,6,6,6,1,1
-63.625,-66.375,6,6,6,1,1
-67.125,-75.375,6,6,6,1,1
74.125,-94.625,6,6,6,1,1
-68.125,1.875,6,6,6,1,1
18.875,-86.625,6,6,6,1,1
18.875,-85.375,6,6,6,1,1
56.625,-164.625,6,6,6,1,1
-59.625,-57.125,6,6,6,1,1
42.875,-65.125,6,6,6,1,1
62.875,-174.125,6,6,6,1,1
61.625,-169.125,6,6,6,1,1
61.625,-168.625,6,6,6,1,1
72.875,-135.125,6,6,6,1,1
36.625,144.125,6,6,6,1,1
61.125,-60.625,6,6,6,1,1
73.625,-168.625,6,6,6,1,1
30.625,132.375,6,6,6,4,4
23.375,-113.125,6,6,6,1,1
69.625,-167.125,6,6,6,1,1
23.375,-112.375,6,6,6,2,2
23.125,-114.875,6,6,6,3,3
15.375,-19.875,6,6,6,1,1
15.125,-97.875,6,6,6,1,1
31.875,138.875,6,6,6,1,1
58.625,-168.125,6,6,6,2,2
56.125,-153.125,6,6,6,1,1
53.375,171.375,6,6,6,1,1
74.125,26.625,6,6,6,1,1
79.125,31.125,6,6,6,1,1
38.375,137.625,5,5,5,2,2
79.125,4.625,5,5,5,1,1
-63.375,-51.625,5,5,5,1,1
79.375,7.125,5,5,5,1,1
44.125,149.125,5,5,5,1,1
-44.375,145.375,5,5,5,1,1
29.625,129.625,5,5,5,1,1
29.625,133.125,5,5,5,4,4
38.375,145.375,5,5,5,2,2
29.375,128.125,5,5,5,1,1
37.625,-9.875,5,5,5,1,1
59.375,-147.375,5,5,5,1,1
36.875,142.875,5,5,5,3,3
61.875,-175.625,5,5,5,1,1
38.625,-71.875,5,5,5,1,1
38.625,14.875,5,5,5,1,1
-69.375,-86.625,5,5,5,1,1
-63.375,-52.375,5,5,5,1,1
59.125,-179.875,5,5,5,1,1
44.125,13.375,5,5,5,1,1
-68.625,-75.875,5,5,5,1,1
76.375,-4.375,5,5,5,1,1
-63.375,-53.875,5,5,5,1,1
-63.375,-54.375,5,5,5,1,1
79.125,3.625,5,5,5,1,1
56.625,-146.125,5,5,5,1,1
56.625,-150.375,5,5,5,1,1
-59.875,-53.375,5,5,5,1,1
-38.375,172.125,5,5,5,1,1
31.625,129.625,5,5,5,2,2
31.625,139.125,5,5,5,1,1
31.625,138.875,5,5,5,1,1
65.125,-169.875,5,5,5,1,1
37.875,134.875,5,5,5,2,2
18.625,-19.375,5,5,5,1,1
77.875,34.625,5,5,5,1,1
-62.875,-54.625,5,5,5,1,1
-62.875,-59.375,5,5,5,1,1
-52.625,-61.875,5,5,5,1,1
19.125,-108.625,5,5,5,1,1
34.625,-123.125,5,5,5,1,1
-68.125,4.125,5,5,5,1,1
56.625,-144.375,5,5,5,1,1
40.625,-73.375,5,5,5,1,1
19.125,-108.875,5,5,5,1,1
-15.375,42.875,5,5,5,1,1
71.875,-145.375,5,5,5,1,1
18.125,-106.125,5,5,5,1,1
31.625,137.875,5,5,5,1,1
70.875,-166.125,5,5,5,1,2
18.375,-104.125,5,5,5,4,5
18.625,-107.375,5,5,5,1,1
64.875,6.375,5,5,5,1,1
46.125,-8.375,5,5,5,1,1
74.125,-88.625,5,5,5,1,1
-72.125,-103.875,5,5,5,1,1
-72.125,-105.125,5,5,5,1,1
77.375,0.125,5,5,5,1,1
37.875,137.875,5,5,5,2,2
70.625,-146.875,5,5,5,1,1
17.625,-104.625,5,5,5,1,1
17.625,-104.875,5,5,5,1,1
17.625,-19.875,5,5,5,2,2
58.375,-8.875,5,5,5,1,1
17.625,-68.125,5,5,5,1,1
70.875,-147.375,5,5,5,1,1
-61.125,-55.875,5,5,5,1,1
-61.125,-56.375,5,5,5,1,1
17.875,-105.375,5,5,5,1,1
17.875,-105.625,5,5,5,1,1
18.125,-105.875,5,5,5,1,1
-70.375,-99.875,5,5,5,1,1
31.625,134.625,5,5,5,1,1
-68.375,-73.875,5,5,5,1,1
32.625,141.625,5,5,5,2,2
42.875,14.875,5,5,5,1,1
71.875,14.375,5,5,5,1,1
74.375,27.125,5,5,5,1,1
-46.625,166.125,5,5,5,1,1
19.375,-105.875,5,5,5,3,3
40.375,145.625,5,5,5,3,3
56.625,-141.875,5,5,5,1,1
-38.625,151.125,5,5,5,1,1
-38.625,151.375,5,5,5,1,1
-52.625,-67.625,5,5,5,1,1
75.375,28.375,5,5,5,1,1
61.375,-18.125,5,5,5,1,1
61.375,-18.375,5,5,5,1,1
63.875,-8.875,5,5,5,1,1
58.625,-168.625,5,5,5,1,1
70.875,12.875,5,5,5,1,1
75.375,8.125,5,5,5,1,1
37.875,143.875,5,5,5,2,2
37.875,142.625,5,5,5,2,2
19.875,-110.875,5,5,5,1,1
53.875,176.625,5,5,5,2,2
59.125,-143.625,5,5,5,1,1
37.125,143.125,5,5,5,2,2
47.875,153.875,5,5,5,1,1
63.875,-164.875,5,5,5,1,1
62.875,-174.375,5,5,5,1,1
36.875,12.875,5,5,5,1,1
-72.375,-83.875,5,5,5,1,1
50.375,-12.125,5,5,5,1,1
59.875,-178.625,5,5,5,1,1
40.375,4.875,5,5,5,1,1
-65.375,-67.375,5,5,5,1,1
19.875,-84.125,5,5,5,1,1
31.875,-119.625,5,5,5,1,1
16.875,-101.375,5,5,5,1,1
77.875,7.625,5,5,5,1,1
-62.875,114.625,5,5,5,1,1
70.875,15.375,5,5,5,1,1
-38.375,152.125,5,5,5,1,1
-38.125,169.875,5,5,5,1,1
54.125,-157.375,5,5,5,1,1
31.375,138.375,5,5,5,1,1
-62.875,-67.125,5,5,5,1,1
-38.875,170.875,5,5,5,1,1
-38.625,170.625,5,5,5,1,1
78.125,0.375,5,5,5,1,1
34.375,-124.375,5,5,5,1,1
64.125,-172.125,5,5,5,1,1
-14.625,53.125,5,5,5,1,1
-14.375,43.625,5,5,5,1,1
32.625,135.875,5,5,5,2,2
39.875,18.875,5,5,5,1,1
40.125,146.625,5,5,5,2,2
-65.375,-72.125,5,5,5,1,1
31.125,134.125,5,5,5,2,2
31.375,-118.125,5,5,5,1,1
-67.875,-74.625,5,5,5,1,1
33.625,138.875,5,5,5,4,5
-34.375,170.125,5,5,5,1,1
20.125,-111.625,5,5,5,1,1
-67.875,-81.625,5,5,5,1,1
40.125,143.625,5,5,5,2,2
-39.375,171.625,5,5,5,1,1
-39.125,-58.375,5,5,5,1,1
73.375,-75.625,5,5,5,1,1
53.875,172.125,5,5,5,2,2
64.625,9.875,5,5,5,1,1
41.125,6.125,5,5,5,1,1
47.625,153.625,5,5,5,1,1
72.125,-164.375,5,5,5,1,1
42.875,149.625,5,5,5,1,1
37.125,143.625,5,5,5,2,2
31.375,-121.875,5,5,5,1,1
-67.875,-78.625,5,5,5,1,1
39.875,146.625,5,5,5,2,2
60.875,-175.125,5,5,5,1,1
62.375,-172.625,5,5,5,1,1
-52.875,-67.125,5,5,5,1,1
61.375,-176.375,5,5,5,1,1
-14.125,124.125,5,5,5,1,1
42.625,-125.875,5,5,5,1,1
36.375,142.375,5,5,5,2,3
36.375,142.125,5,5,5,3,3
36.375,135.875,5,5,5,2,2
34.375,-124.875,5,5,5,1,1
58.375,-148.875,5,5,5,1,1
20.625,-66.625,5,5,5,1,1
50.875,-127.875,5,5,5,1,1
78.375,1.125,5,5,5,1,1
78.375,0.875,5,5,5,1,1
78.125,32.875,5,5,5,1,1
56.875,-6.875,5,5,5,1,1
-67.875,-80.875,5,5,5,1,1
46.875,154.875,5,5,5,1,1
34.375,-122.875,5,5,5,1,1
16.625,-102.125,5,5,5,1,1
17.375,-104.125,5,5,5,1,1
17.125,-68.875,5,5,5,1,1
-52.625,-55.875,5,5,5,1,1
-52.625,-57.625,5,5,5,1,1
71.875,-161.375,5,5,5,2,2
42.625,149.375,5,5,5,1,1
-54.125,-55.125,5,5,5,1,1
-53.375,-58.375,5,5,5,1,1
30.875,133.375,5,5,5,1,1
57.125,-156.375,5,5,5,1,1
39.875,-67.625,5,5,5,1,1
-34.875,18.875,5,5,5,1,1
39.875,-74.125,5,5,5,1,1
52.875,-13.875,5,5,5,1,1
38.125,17.875,5,5,5,1,1
-64.875,113.625,5,5,5,1,1
-70.375,-98.875,5,5,5,1,1
-62.375,-56.625,5,5,5,1,1
32.625,139.125,5,5,5,1,1
32.625,136.625,5,5,5,1,1
-13.875,52.125,5,5,5,1,1
32.625,133.875,5,5,5,2,2
16.875,-102.875,5,5,5,1,1
32.875,139.125,5,5,5,1,1
-19.125,41.375,5,5,5,1,1
-68.625,6.375,5,5,5,1,1
72.125,-156.375,5,5,5,1,1
72.125,-159.375,5,5,5,1,1
-19.875,118.625,5,5,5,1,1
34.375,-122.625,5,5,5,1,1
-37.875,-53.375,5,5,5,1,1
54.125,-14.875,5,5,5,1,1
73.125,-155.125,5,5,5,1,1
41.125,145.125,5,5,5,2,2
31.875,132.375,5,5,5,2,2
37.625,144.875,5,5,5,2,2
15.875,-99.375,5,5,5,1,1
16.125,-70.375,5,5,5,1,1
16.125,-99.875,5,5,5,1,1
59.125,-59.875,5,5,5,1,1
74.375,-92.875,5,5,5,1,1
72.125,-160.625,5,5,5,1,1
60.875,-176.375,5,5,5,1,1
21.375,-68.125,5,5,5,2,2
-67.875,-72.125,5,5,5,1,1
21.625,-109.375,5,5,5,1,1
48.875,155.375,5,5,5,1,1
-70.375,-89.625,5,5,5,1,1
-68.625,76.875,5,5,5,1,1
54.625,-171.125,5,5,5,1,1
65.875,9.625,5,5,5,1,1
22.625,-111.125,5,5,5,1,1
15.375,-98.375,5,5,5,1,1
71.125,-97.875,5,5,5,1,1
15.625,-98.875,5,5,5,1,1
15.625,-99.125,5,5,5,3,4
-73.875,-103.875,5,5,5,1,1
65.875,-167.875,5,5,5,1,1
70.125,-167.125,5,5,5,1,1
22.125,-110.375,5,5,5,1,1
39.625,18.875,5,5,5,1,1
22.375,-110.625,5,5,5,1,1
15.375,-98.125,5,5,5,1,1
42.375,144.625,5,5,5,3,3
-64.875,112.625,5,5,5,1,1
-67.125,-69.875,5,5,5,1,1
59.625,-10.625,5,5,5,1,1
59.625,-11.375,5,5,5,1,1
22.625,-17.875,5,5,5,3,4
38.125,0.375,5,5,5,1,1
39.625,136.625,5,5,5,2,2
39.625,136.125,5,5,5,1,1
-34.125,17.875,5,5,5,1,1
-34.125,17.625,5,5,5,1,1
77.125,29.875,5,5,5,1,1
77.125,29.375,5,5,5,1,1
23.125,-112.625,5,5,5,2,2
52.875,-157.875,5,5,5,1,1
37.125,143.875,5,5,5,2,3
33.875,142.125,5,5,5,2,2
35.875,-10.125,5,5,5,1,1
-52.375,-58.375,5,5,5,1,1
15.875,-67.125,5,5,5,1,1
15.875,-67.375,5,5,5,1,1
14.875,-97.125,5,5,5,1,1
43.375,145.625,5,5,5,1,1
43.375,14.125,5,5,5,1,1
-69.625,-101.625,5,5,5,1,1
52.125,-128.625,5,5,5,3,3
-69.375,-103.875,5,5,5,1,1
23.375,-79.625,5,5,5,1,1
23.125,-112.875,5,5,5,1,1
22.875,-111.625,5,5,5,1,1
22.875,-20.375,5,5,5,1,1
-55.125,-65.375,5,5,5,1,1
39.375,134.375,5,5,5,2,2
39.625,-127.875,5,5,5,1,1
15.375,-20.125,5,5,5,1,1
-35.375,21.125,5,5,5,1,1
-35.375,15.125,5,5,5,1,1
33.875,138.625,5,5,5,1,1
72.875,-149.375,5,5,5,1,1
42.375,149.125,5,5,5,1,1
42.375,147.375,5,5,5,1,1
-65.875,-71.625,5,5,5,1,1
69.625,11.625,5,5,5,1,1
73.375,34.875,5,5,5,1,1
74.375,10.125,5,5,5,1,1
33.125,137.875,5,5,5,2,2
32.875,142.375,5,5,5,3,3
13.875,-73.875,5,5,5,1,1
41.375,147.875,5,5,5,1,1
41.375,146.375,5,5,5,1,1
37.625,143.625,5,5,5,2,2
34.875,143.875,5,5,5,1,1
34.875,143.625,5,5,5,2,2
31.875,138.375,5,5,5,1,1
15.125,-71.875,5,5,5,1,1
39.375,1.125,5,5,5,1,1
57.375,-146.875,5,5,5,1,1
23.375,-112.875,5,5,5,2,2
30.625,131.875,5,5,5,4,4
34.375,-123.375,5,5,5,1,1
34.375,-123.875,5,5,5,1,1
36.625,144.375,5,5,5,2,2
36.625,143.875,5,5,5,1,1
30.625,134.125,5,5,5,2,2
30.625,132.875,5,5,5,1,1
52.625,170.375,5,5,5,1,1
24.125,-76.125,5,5,5,1,1
23.875,-113.625,5,5,5,2,2
24.125,-114.375,5,5,5,1,1
24.125,-114.625,5,5,5,1,1
-11.875,46.875,5,5,5,1,1
-10.625,-35.625,5,5,5,1,1
-9.625,144.375,5,5,5,2,2
14.625,-96.625,5,5,5,1,1
72.375,-164.625,5,5,5,1,1
-23.875,49.625,5,5,5,1,1
54.875,175.125,5,5,5,1,1
-33.875,169.625,5,5,5,1,1
-33.875,26.625,5,5,5,1,1
34.625,142.625,5,5,5,1,2
34.625,141.125,5,5,5,2,2
24.875,-115.875,5,5,5,1,1
57.375,-7.625,5,5,5,1,1
-52.125,-66.875,5,5,5,1,1
13.375,-74.625,5,5,5,1,1
71.125,17.625,5,5,5,1,1
60.375,-177.875,5,5,5,1,1
74.125,-160.875,5,5,5,1,1
-64.375,111.125,5,5,5,1,1
73.625,-153.625,5,5,5,1,1
36.625,144.875,5,5,5,2,2
33.625,134.625,5,5,5,1,1
36.125,143.125,5,5,5,2,2
30.625,135.375,5,5,5,1,1
30.625,134.375,5,5,5,2,2
34.625,130.125,5,5,5,2,2
25.125,-116.125,5,5,5,2,2
32.375,138.125,5,5,5,1,1
58.625,-11.375,5,5,5,1,1
24.875,-115.375,5,5,5,1,1
37.375,144.625,5,5,5,2,2
37.375,144.375,5,5,5,2,3
63.625,-14.125,5,5,5,1,1
-24.875,41.875,5,5,5,1,1
69.125,-167.125,5,5,5,1,1
25.625,-116.125,5,5,5,1,1
24.625,-115.375,5,5,5,1,1
24.625,-114.875,5,5,5,1,1
63.125,-173.875,5,5,5,1,1
37.125,-126.875,5,5,5,1,1
36.875,145.375,5,5,5,1,1
38.875,146.375,5,5,5,2,2
78.625,31.625,5,5,5,1,1
78.625,29.875,5,5,5,1,1
34.375,143.625,5,5,5,2,2
74.125,10.375,5,5,5,1,1
-52.375,-56.625,5,5,5,1,1
14.375,-96.125,5,5,5,1,1
41.625,4.625,5,5,5,1,1
56.125,-164.375,5,5,5,1,1
39.125,-125.625,5,5,5,1,1
39.125,-125.875,5,5,5,1,1
52.625,169.625,5,5,5,1,1
35.125,-12.375,5,5,5,1,1
61.125,-172.875,5,5,5,1,1
-40.875,173.625,5,5,5,1,1
73.625,-76.625,5,5,5,1,1
54.875,-138.125,5,5,5,1,1
25.875,-117.125,5,5,5,1,1
25.875,-117.625,5,5,5,1,1
25.625,-18.625,5,5,5,1,1
25.625,-18.875,5,5,5,1,1
53.625,-158.375,5,5,5,1,1
-37.125,-55.125,5,5,5,1,1
71.375,-149.125,5,5,5,1,1
71.375,-166.125,5,5,5,2,2
50.625,-136.375,5,5,5,1,1
36.375,15.625,5,5,5,1,1
31.875,141.125,5,5,5,2,2
25.375,-115.375,5,5,5,2,2
30.625,-15.125,5,5,5,1,1
38.125,13.875,5,5,5,1,1
38.875,144.875,5,5,5,1,1
60.625,-173.875,5,5,5,1,1
-11.125,-33.375,5,5,5,1,1
-68.375,-67.875,5,5,5,1,1
-68.375,-73.125,5,5,5,1,1
71.625,-68.125,5,5,5,1,1
53.625,-157.875,5,5,5,1,1
36.375,14.625,5,5,5,1,1
58.125,-138.625,5,5,5,1,1
76.875,-1.875,5,5,5,1,1
-69.125,-98.125,5,5,5,1,1
52.125,-136.875,5,5,5,1,1
34.375,-12.875,5,5,5,1,1
37.125,-126.625,5,5,5,1,1
-26.125,154.875,5,5,5,1,1
54.875,-154.875,5,5,5,1,1
43.625,8.625,5,5,5,1,1
11.875,-76.625,5,5,5,1,1
-62.875,134.625,5,5,5,1,1
-62.875,134.125,5,5,5,1,1
-50.125,-63.875,5,5,5,1,1
74.875,9.625,5,5,5,1,1
74.875,32.625,5,5,5,2,2
-51.875,-57.625,5,5,5,2,2
57.625,-143.375,5,5,5,1,1
26.125,-118.125,5,5,5,1,1
30.375,127.875,5,5,5,1,1
68.625,-61.875,5,5,5,1,1
75.875,30.875,5,5,5,1,1
-66.375,64.875,5,5,5,1,1
75.875,27.125,5,5,5,1,1
75.875,35.875,5,5,5,1,1
49.125,-129.125,5,5,5,1,1
26.375,-17.625,5,5,5,1,1
-68.375,11.875,5,5,5,1,1
12.125,-74.875,5,5,5,1,1
32.125,128.375,5,5,5,1,1
64.375,9.375,5,5,5,1,1
32.125,138.875,5,5,5,1,1
71.375,-68.125,5,5,5,1,1
12.375,-75.875,5,5,5,1,1
33.375,128.625,5,5,5,1,1
-67.375,-76.375,5,5,5,1,1
-64.875,121.625,5,5,5,1,1
-62.125,-56.875,5,5,5,1,1
77.125,26.125,5,5,5,1,1
35.875,133.875,5,5,5,2,2
38.875,18.375,5,5,5,1,1
52.625,-10.875,5,5,5,1,1
-35.625,170.625,5,5,5,1,1
50.625,-133.375,5,5,5,1,1
32.125,133.375,5,5,5,1,1
60.375,-18.875,5,5,5,1,1
26.625,-76.875,5,5,5,1,1
26.625,-83.625,5,5,5,1,1
44.625,-8.625,5,5,5,1,1
-69.625,-97.125,5,5,5,2,2
-69.625,-98.125,5,5,5,2,2
33.375,140.875,5,5,5,2,2
-68.875,-101.375,5,5,5,1,1
26.625,-117.625,5,5,5,2,2
27.375,-118.375,5,5,5,1,1
26.125,-17.625,5,5,5,1,1
26.125,-17.875,5,5,5,1,1
-66.625,140.375,5,5,5,1,1
53.875,-162.875,5,5,5,1,1
-68.625,-97.125,5,5,5,1,1
38.875,143.625,5,5,5,1,1
26.375,-17.375,5,5,5,1,1
10.125,-87.125,5,5,5,1,1
10.625,-78.625,5,5,5,1,1
10.625,-79.125,5,5,5,3,3
-36.875,-179.875,5,5,5,1,1
-36.625,171.125,5,5,5,1,1
35.625,144.125,5,5,5,1,1
45.125,150.125,5,5,5,1,1
45.375,-9.625,5,5,5,1,1
45.625,-128.875,5,5,5,2,2
-64.125,83.875,5,5,5,1,1
-64.125,79.875,5,5,5,1,1
48.125,-7.375,5,5,5,1,1
28.125,131.875,5,5,5,1,1
-64.625,140.375,5,5,5,1,1
64.375,6.875,5,5,5,1,1
54.375,-169.875,5,5,5,1,1
54.125,175.875,5,5,5,1,1
-68.625,-83.125,5,5,5,1,1
50.625,-9.875,5,5,5,1,1
-27.125,153.125,5,5,5,1,1
35.875,141.875,5,5,5,2,2
76.625,30.625,5,5,5,1,1
76.625,30.125,5,5,5,1,1
37.125,-76.125,5,5,5,1,1
-66.625,65.875,5,5,5,1,1
27.875,131.875,5,5,5,1,1
-25.875,44.125,5,5,5,1,1
30.375,-15.125,5,5,5,1,1
35.875,141.625,5,5,5,4,5
50.375,-132.875,5,5,5,1,1
7.375,-84.375,5,5,5,1,1
32.375,133.625,5,5,5,2,2
42.125,16.375,5,5,5,1,1
-69.875,-92.375,5,5,5,2,2
42.125,141.125,5,5,5,1,1
62.625,-1.875,5,5,5,1,1
8.125,-87.625,5,5,5,1,1
8.625,-53.625,5,5,5,1,1
38.625,146.125,5,5,5,2,2
38.625,145.875,5,5,5,2,2
57.875,-167.625,5,5,5,1,1
57.875,-141.375,5,5,5,1,1
57.875,-142.125,5,5,5,1,1
30.125,131.875,5,5,5,2,2
57.875,-138.625,5,5,5,1,1
77.375,34.875,5,5,5,1,1
64.375,-168.875,5,5,5,1,1
64.375,-170.375,5,5,5,2,2
42.125,10.125,5,5,5,1,1
53.125,172.625,5,5,5,1,1
54.375,-154.375,5,5,5,1,1
68.125,6.375,5,5,5,1,1
-58.875,-57.125,5,5,5,1,1
-68.875,-100.625,5,5,5,1,1
28.625,132.625,5,5,5,2,2
38.625,135.375,5,5,5,2,2
28.375,-80.375,5,5,5,1,1
-41.375,152.125,5,5,5,1,1
34.375,141.875,5,5,5,2,2
63.375,-62.375,5,5,5,1,1
28.875,131.875,5,5,5,1,1
7.625,-85.125,5,5,5,1,1
41.875,148.375,5,5,5,1,1
41.875,146.875,5,5,5,1,1
41.875,146.375,5,5,5,2,2
77.625,0.375,5,5,5,1,1
72.375,15.625,5,5,5,1,1
-64.875,131.875,5,5,5,1,1
33.625,-118.625,5,5,5,2,2
-32.625,115.125,5,5,5,1,1
-69.625,-90.125,5,5,5,1,1
38.375,-71.625,5,5,5,1,1
76.375,-4.875,5,5,5,1,1
28.625,131.875,5,5,5,1,1
38.625,144.625,5,5,5,1,1
38.625,143.875,5,5,5,1,1
57.875,-7.625,5,5,5,1,1
60.875,-0.875,5,5,5,1,1
49.625,-12.375,5,5,5,1,1
79.375,5.375,5,5,5,1,1
37.125,16.875,5,5,5,1,1
37.375,-124.375,5,5,5,1,1
29.875,131.125,5,5,5,1,1
-59.125,-57.125,5,5,5,1,1
76.375,16.625,5,5,5,1,1
52.375,169.875,5,5,5,1,1
74.125,10.875,5,5,5,1,1
-44.625,174.375,5,5,5,1,1
36.625,135.375,5,5,5,2,2
73.875,-150.625,5,5,5,1,1
73.875,-146.625,5,5,5,2,2
50.875,0.875,5,5,5,1,1
36.875,16.375,5,5,5,1,1
59.375,-150.625,5,5,5,1,1
36.625,-125.875,5,5,5,1,1
36.375,144.875,5,5,5,3,3
32.625,141.375,5,5,5,3,3
56.625,-157.375,5,5,5,1,1
-60.125,-52.875,5,5,5,1,1
18.625,-107.625,5,5,5,1,1
56.625,-167.875,5,5,5,1,2
18.875,-107.875,5,5,5,1,1
18.875,-108.125,5,5,5,1,1
74.125,-89.125,5,5,5,1,1
73.125,15.875,5,5,5,1,1
35.625,-72.625,5,5,5,1,1
29.375,131.625,5,5,5,1,1
29.625,129.375,5,5,5,1,1
79.125,5.625,4,4,4,1,1
29.375,132.125,4,4,4,1,1
29.375,129.875,4,4,4,2,2
66.875,-167.375,4,4,4,1,1
29.625,131.375,4,4,4,1,1
79.375,3.875,4,4,4,1,1
36.625,144.625,4,4,4,1,1
36.125,142.875,4,4,4,1,1
28.875,129.125,4,4,4,2,2
38.625,15.125,4,4,4,1,1
38.625,134.625,4,4,4,2,2
47.375,-130.875,4,4,4,1,1
47.375,-130.625,4,4,4,1,1
74.125,11.625,4,4,4,1,1
54.625,176.625,4,4,4,1,1
-68.625,-74.875,4,4,4,1,1
-32.125,14.875,4,4,4,1,1
-60.375,-66.125,4,4,4,1,1
57.875,-59.375,4,4,4,1,1
-70.125,-101.875,4,4,4,1,1
28.875,132.125,4,4,4,1,1
28.875,-15.875,4,4,4,1,1
67.625,-167.625,4,4,4,1,1
45.625,-125.875,4,4,4,1,1
54.375,-167.125,4,4,4,1,1
32.125,135.375,4,4,4,2,2
8.875,-85.625,4,4,4,3,3
8.375,-88.625,4,4,4,1,1
33.875,129.625,4,4,4,2,2
-69.875,-91.625,4,4,4,1,1
42.125,148.625,4,4,4,1,1
52.125,169.625,4,4,4,1,1
52.375,-171.875,4,4,4,1,1
52.375,-158.875,4,4,4,1,1
49.625,156.375,4,4,4,1,1
49.875,-133.625,4,4,4,2,2
37.625,137.125,4,4,4,1,1
-62.625,-52.125,4,4,4,1,1
45.125,-11.875,4,4,4,1,1
73.125,-165.375,4,4,4,1,1
41.875,4.625,4,4,4,1,1
77.375,31.875,4,4,4,1,1
55.625,-150.875,4,4,4,1,1
-35.875,150.375,4,4,4,1,1
-35.875,175.125,4,4,4,1,1
72.875,-156.375,4,4,4,1,1
34.625,143.125,4,4,4,1,1
-36.875,150.125,4,4,4,1,1
-73.125,-106.375,4,4,4,1,1
10.125,-79.375,4,4,4,1,1
50.625,-10.125,4,4,4,1,1
50.625,-131.375,4,4,4,1,1
41.875,17.375,4,4,4,1,1
41.875,138.125,4,4,4,2,2
35.125,-124.875,4,4,4,1,1
12.875,-70.875,4,4,4,2,2
47.375,-5.625,4,4,4,1,1
47.375,153.375,4,4,4,1,1
71.625,-150.125,4,4,4,1,1
71.625,-149.375,4,4,4,1,1
37.625,137.875,4,4,4,2,2
60.625,-177.375,4,4,4,1,1
77.375,31.375,4,4,4,1,1
48.375,-10.625,4,4,4,1,1
-49.375,-65.125,4,4,4,1,1
11.875,-76.875,4,4,4,1,1
12.875,-75.125,4,4,4,1,1
71.375,-153.375,4,4,4,1,1
12.375,-94.375,4,4,4,1,1
12.375,-76.125,4,4,4,1,1
32.125,139.125,4,4,4,2,2
36.375,143.875,4,4,4,1,1
36.375,144.125,4,4,4,1,1
58.625,-59.875,4,4,4,1,1
58.625,-11.125,4,4,4,1,1
64.125,-166.875,4,4,4,1,1
-6.625,153.875,4,4,4,3,3
13.125,-69.625,4,4,4,2,2
55.875,175.375,4,4,4,1,1
71.375,-165.375,4,4,4,2,2
71.375,-163.875,4,4,4,2,2
48.625,155.125,4,4,4,1,1
-52.375,-55.875,4,4,4,1,1
41.625,144.375,4,4,4,1,1
41.625,144.625,4,4,4,1,1
36.375,15.875,4,4,4,1,1
71.125,32.125,4,4,4,1,1
13.875,-94.875,4,4,4,1,1
13.875,-73.625,4,4,4,1,1
41.375,138.125,4,4,4,2,2
41.375,11.625,4,4,4,1,1
72.875,-73.375,4,4,4,1,1
-11.375,-34.625,4,4,4,1,1
37.625,142.625,4,4,4,2,2
36.375,144.625,4,4,4,1,1
13.375,-93.875,4,4,4,1,1
13.375,-74.375,4,4,4,1,1
37.625,144.625,4,4,4,2,2
36.875,135.625,4,4,4,2,2
74.125,-151.125,4,4,4,1,1
49.875,156.875,4,4,4,1,1
-61.125,-51.375,4,4,4,1,1
-60.875,-64.125,4,4,4,1,1
34.875,144.625,4,4,4,1,1
35.125,-125.625,4,4,4,1,1
35.125,-125.375,4,4,4,1,1
35.125,-125.125,4,4,4,1,1
35.875,-10.375,4,4,4,1,1
-69.625,-105.125,4,4,4,1,1
59.125,-170.125,4,4,4,1,1
54.375,172.875,4,4,4,1,1
56.125,-146.875,4,4,4,2,2
15.125,-72.125,4,4,4,1,1
51.625,-163.125,4,4,4,1,1
34.875,143.125,4,4,4,2,2
34.875,144.125,4,4,4,1,1
34.875,144.375,4,4,4,1,1
41.625,-126.375,4,4,4,1,1
41.375,136.875,4,4,4,2,2
15.625,-71.375,4,4,4,1,1
15.625,-20.125,4,4,4,1,1
71.125,6.625,4,4,4,1,1
37.625,145.125,4,4,4,2,2
37.625,145.875,4,4,4,1,1
31.875,140.625,4,4,4,3,3
31.875,128.375,4,4,4,2,2
-12.875,144.625,4,4,4,1,1
37.625,17.125,4,4,4,1,1
37.625,17.375,4,4,4,1,1
73.125,-158.375,4,4,4,1,1
37.375,-125.125,4,4,4,1,1
15.375,-20.375,4,4,4,1,1
51.625,-164.375,4,4,4,1,1
51.625,-163.625,4,4,4,1,1
15.875,-20.375,4,4,4,1,1
54.125,-152.125,4,4,4,1,1
54.125,-137.625,4,4,4,1,1
-68.625,-95.875,4,4,4,1,1
-68.625,-94.875,4,4,4,1,1
34.125,-9.875,4,4,4,1,1
35.375,144.875,4,4,4,2,2
48.125,-127.375,4,4,4,1,1
48.125,-132.125,4,4,4,1,1
48.125,-131.875,4,4,4,1,1
32.625,133.375,4,4,4,1,1
32.375,139.875,4,4,4,1,1
74.625,25.375,4,4,4,1,1
76.625,-3.625,4,4,4,1,1
-69.125,-100.125,4,4,4,1,1
50.625,-10.625,4,4,4,1,1
15.625,-98.625,4,4,4,1,1
58.375,-5.625,4,4,4,1,1
41.125,139.625,4,4,4,2,2
71.875,-158.625,4,4,4,1,1
-13.625,122.625,4,4,4,1,1
-13.375,51.125,4,4,4,1,1
-12.625,127.375,4,4,4,1,1
-11.875,-37.125,4,4,4,1,1
-37.875,169.625,4,4,4,1,1
16.125,-100.125,4,4,4,1,1
16.125,-70.625,4,4,4,1,1
-72.375,-105.125,4,4,4,1,1
-72.375,-104.875,4,4,4,1,1
41.125,146.625,4,4,4,2,2
16.625,-102.375,4,4,4,1,1
-68.125,-70.375,4,4,4,1,1
73.125,-147.375,4,4,4,1,1
62.375,-167.625,4,4,4,1,1
34.375,-125.125,4,4,4,1,1
34.375,-124.625,4,4,4,1,1
50.375,-135.875,4,4,4,1,1
-14.125,43.875,4,4,4,1,1
41.125,139.875,4,4,4,2,2
17.125,-69.125,4,4,4,1,1
17.375,-104.375,4,4,4,1,1
17.375,-103.875,4,4,4,1,1
16.875,-63.875,4,4,4,1,1
17.125,-103.625,4,4,4,1,1
71.125,-165.125,4,4,4,1,1
52.875,170.125,4,4,4,1,1
41.125,138.125,4,4,4,2,2
16.875,-102.125,4,4,4,4,4
31.875,-123.125,4,4,4,2,2
77.875,10.625,4,4,4,1,1
77.875,12.625,4,4,4,1,1
17.125,-101.875,4,4,4,1,1
41.125,139.375,4,4,4,2,2
31.875,135.625,4,4,4,1,1
-14.375,43.875,4,4,4,1,1
45.125,-127.375,4,4,4,1,1
45.125,-127.125,4,4,4,1,1
62.375,-62.125,4,4,4,1,1
52.125,-170.625,4,4,4,1,1
40.875,138.875,4,4,4,2,2
56.125,175.375,4,4,4,1,1
16.875,-69.375,4,4,4,1,1
16.625,-20.125,4,4,4,1,1
71.125,-164.875,4,4,4,1,1
46.125,-126.875,4,4,4,1,1
17.625,-68.375,4,4,4,1,1
64.875,7.375,4,4,4,1,1
70.875,-98.375,4,4,4,1,1
70.875,-65.875,4,4,4,1,1
70.875,6.625,4,4,4,1,1
-46.625,167.125,4,4,4,1,1
-46.875,162.625,4,4,4,1,1
42.625,15.125,4,4,4,1,1
42.625,137.875,4,4,4,2,2
-38.375,152.375,4,4,4,1,1
-38.375,170.125,4,4,4,1,1
46.625,-126.125,4,4,4,1,1
75.375,5.875,4,4,4,1,1
-68.125,-3.625,4,4,4,1,1
37.875,-72.625,4,4,4,3,3
77.875,10.125,4,4,4,1,1
74.125,-88.875,4,4,4,1,1
31.625,131.625,4,4,4,1,1
70.875,-168.875,4,4,4,2,2
36.625,-125.625,4,4,4,1,1
54.625,-166.875,4,4,4,1,1
34.625,142.875,4,4,4,1,1
61.625,-173.625,4,4,4,1,1
61.625,-169.625,4,4,4,1,1
31.625,138.375,4,4,4,1,1
51.875,160.125,4,4,4,1,1
64.875,6.125,4,4,4,1,1
-65.125,71.125,4,4,4,1,1
40.875,145.125,4,4,4,2,2
17.875,-87.125,4,4,4,1,1
70.875,-160.125,4,4,4,1,1
70.875,-159.625,4,4,4,1,1
19.125,-74.125,4,4,4,1,1
31.375,134.375,4,4,4,1,1
71.875,-146.125,4,4,4,1,1
-72.625,-105.625,4,4,4,1,1
40.375,12.875,4,4,4,1,1
40.625,136.875,4,4,4,2,2
-38.625,-56.125,4,4,4,1,1
40.625,138.125,4,4,4,2,2
-69.875,-99.625,4,4,4,2,2
-72.125,-108.625,4,4,4,1,1
74.125,-80.125,4,4,4,1,1
-59.375,-60.875,4,4,4,1,1
-59.875,-53.875,4,4,4,1,1
51.625,-165.875,4,4,4,1,1
45.875,-2.625,4,4,4,1,1
-64.625,81.375,4,4,4,1,1
19.875,-111.125,4,4,4,1,1
70.375,17.625,4,4,4,1,1
-65.375,132.125,4,4,4,1,1
19.375,-78.125,4,4,4,1,1
70.625,-164.625,4,4,4,2,2
19.625,-110.125,4,4,4,1,1
37.625,-126.875,4,4,4,1,1
37.625,-126.625,4,4,4,1,1
59.875,-170.375,4,4,4,1,1
50.375,-1.625,4,4,4,1,1
40.375,13.125,4,4,4,1,1
59.375,179.875,4,4,4,1,1
37.125,-124.125,4,4,4,2,2
37.125,136.375,4,4,4,1,1
73.375,-168.875,4,4,4,1,1
-38.625,150.875,4,4,4,1,1
19.625,-109.875,4,4,4,1,1
78.125,10.875,4,4,4,1,1
78.125,28.875,4,4,4,1,1
40.375,137.875,4,4,4,2,2
31.625,-120.125,4,4,4,1,1
40.125,147.125,4,4,4,1,1
19.625,-18.875,4,4,4,1,1
37.875,145.125,4,4,4,1,1
54.375,-14.625,4,4,4,1,1
63.875,-13.625,4,4,4,1,1
-46.625,162.875,4,4,4,1,1
-46.625,163.125,4,4,4,1,1
-46.625,163.375,4,4,4,1,1
53.375,-12.875,4,4,4,1,1
37.375,145.125,4,4,4,1,1
37.625,-127.125,4,4,4,1,1
40.125,136.375,4,4,4,2,2
-68.875,-84.125,4,4,4,1,1
-17.875,148.375,4,4,4,1,1
-18.125,41.875,4,4,4,1,1
-18.125,148.875,4,4,4,1,1
-19.375,41.375,4,4,4,1,1
42.875,147.875,4,4,4,1,1
-34.375,112.875,4,4,4,1,1
62.875,-1.625,4,4,4,1,1
73.375,-158.875,4,4,4,1,1
73.375,-155.375,4,4,4,1,1
-39.125,168.375,4,4,4,1,1
-70.125,-84.875,4,4,4,1,1
37.875,145.625,4,4,4,2,2
78.125,9.375,4,4,4,1,1
73.375,-145.125,4,4,4,1,1
65.625,-13.375,4,4,4,1,1
70.375,-165.375,4,4,4,2,2
33.625,142.875,4,4,4,2,2
33.625,143.125,4,4,4,1,1
32.875,134.125,4,4,4,1,1
42.875,9.625,4,4,4,1,1
-68.875,-98.125,4,4,4,1,1
-68.875,-96.125,4,4,4,1,1
-68.875,-84.375,4,4,2,2,2
-39.125,171.375,4,4,4,1,1
46.875,156.375,4,4,4,1,1
62.375,-175.875,4,4,4,1,1
20.375,-107.375,4,4,4,1,1
-65.375,-70.625,4,4,4,1,1
31.375,127.875,4,4,4,1,1
38.125,-127.125,4,4,4,1,1
61.375,-169.625,4,4,4,1,1
57.125,-148.125,4,4,4,1,1
63.875,-172.875,4,4,4,1,1
37.625,-126.125,4,4,4,1,1
37.625,-125.875,4,4,4,1,1
72.625,18.375,4,4,4,1,1
59.125,-168.125,4,4,4,1,1
-39.375,169.125,4,4,4,1,1
51.375,168.625,4,4,4,2,2
51.625,-170.875,4,4,4,1,1
50.875,-13.875,4,4,4,1,1
20.625,-66.125,4,4,4,1,1
53.875,171.125,4,4,4,1,1
35.625,132.125,4,4,4,1,1
-67.875,-79.375,4,4,4,1,1
31.125,134.625,4,4,4,1,1
21.375,-74.875,4,4,4,1,1
21.125,-18.375,4,4,4,2,2
57.125,-150.875,4,4,4,1,1
34.375,-122.375,4,4,4,1,1
37.125,12.375,4,4,4,1,1
43.125,150.125,4,4,4,1,1
43.375,-126.625,4,4,4,1,1
-21.125,111.625,4,4,4,1,1
-71.875,-85.125,4,4,4,1,1
39.625,137.125,4,4,4,2,2
39.625,137.375,4,4,4,1,1
30.875,134.125,4,4,4,1,1
39.625,145.625,4,4,4,1,1
35.125,-73.625,4,4,4,1,1
-64.125,122.375,4,4,4,1,1
61.375,-176.125,4,4,4,1,1
70.125,-166.125,4,4,4,2,2
69.875,-62.875,4,4,4,1,1
30.875,134.375,4,4,4,1,1
38.125,-71.125,4,4,4,1,1
-64.125,111.625,4,4,4,1,1
33.125,134.375,4,4,4,1,1
34.625,143.375,4,4,4,1,1
34.875,-124.625,4,4,4,1,1
34.875,-124.375,4,4,4,1,1
34.875,-124.125,4,4,4,1,1
37.125,-126.375,4,4,4,1,1
37.125,16.625,4,4,4,1,1
30.875,127.875,4,4,4,1,1
38.125,134.625,4,4,4,2,2
21.625,-68.625,4,4,4,1,1
-65.625,-73.875,4,4,4,1,1
58.375,-168.125,4,4,4,1,1
50.625,157.875,4,4,4,1,1
69.875,-164.375,4,4,4,1,1
66.125,-168.875,4,4,4,1,1
72.125,-151.875,4,4,4,1,1
43.375,-53.625,4,4,4,1,1
43.375,-52.375,4,4,4,1,1
-22.875,-41.375,4,4,4,2,2
58.875,-169.625,4,4,4,1,1
72.125,-146.625,4,4,4,1,1
33.125,134.125,4,4,4,1,1
-64.125,113.625,4,4,4,1,1
52.875,-138.125,4,4,4,1,1
52.875,-130.625,4,4,4,1,1
59.625,-150.125,4,4,4,1,1
22.375,-110.875,4,4,4,1,1
78.625,1.125,4,4,4,1,1
-65.875,67.875,4,4,4,1,1
66.125,-167.875,4,4,4,1,1
22.875,-78.375,4,4,4,2,2
69.875,-166.125,4,4,4,1,1
39.375,144.625,4,4,4,1,1
-62.125,-49.125,4,4,4,1,1
77.125,27.375,4,4,4,1,1
-62.125,-67.875,4,4,4,1,1
51.875,-12.875,4,4,4,1,1
50.125,-0.375,4,4,4,1,1
50.125,157.125,4,4,4,1,1
77.125,-1.125,4,4,4,1,1
77.125,-0.625,4,4,4,1,1
54.625,-172.375,4,4,4,1,1
39.625,136.875,4,4,4,2,2
61.125,-22.125,4,4,4,1,1
38.125,-71.375,4,4,4,1,1
65.875,5.375,4,4,4,1,1
49.875,-132.625,4,4,4,2,2
52.125,160.625,4,4,4,1,1
52.125,-15.375,4,4,4,1,1
32.875,141.125,4,4,4,2,2
23.125,-111.875,4,4,4,1,1
39.625,-128.625,4,4,4,2,2
39.625,-128.375,4,4,4,1,1
39.625,-128.125,4,4,4,1,1
73.375,17.375,4,4,4,1,1
-39.625,172.875,4,4,4,3,3
-68.625,-99.125,4,4,4,1,1
73.625,-152.875,4,4,4,1,1
78.625,0.875,4,4,4,1,1
39.375,-126.625,4,4,4,1,1
75.875,4.875,4,4,4,1,1
36.625,143.625,4,4,4,2,2
34.375,-123.625,4,4,4,1,1
34.375,-123.125,4,4,4,1,1
-40.125,171.875,4,4,4,1,1
43.625,-127.375,4,4,4,1,1
-24.125,49.375,4,4,4,1,1
58.875,-166.125,4,4,4,1,1
33.125,138.375,4,4,4,1,1
33.125,138.875,4,4,4,2,2
63.625,-1.125,4,4,4,1,1
35.875,134.125,4,4,4,1,1
48.125,-130.875,4,4,4,1,1
-39.625,169.875,4,4,4,1,1
-39.625,170.375,4,4,4,1,1
78.625,2.125,4,4,4,1,1
-63.125,-53.125,4,4,4,1,1
36.125,143.375,4,4,4,1,1
60.125,18.875,4,4,4,1,1
72.625,-72.125,4,4,4,1,1
54.875,173.125,4,4,4,1,1
43.625,8.875,4,4,4,1,1
43.625,9.375,4,4,4,1,1
43.625,13.875,4,4,4,1,1
43.375,150.375,4,4,4,1,1
39.125,145.375,4,4,4,2,2
39.375,-127.625,4,4,4,1,1
39.375,-127.375,4,4,4,1,1
30.625,131.625,4,4,4,2,2
30.625,132.625,4,4,4,1,1
-39.875,171.125,4,4,4,1,1
39.125,144.375,4,4,4,1,1
52.625,170.125,4,4,4,1,1
-45.125,150.375,4,4,4,1,1
34.625,142.125,4,4,4,3,3
33.625,135.375,4,4,4,1,1
36.875,-126.625,4,4,4,1,1
-64.375,79.625,4,4,4,1,1
-64.375,83.875,4,4,4,1,1
53.625,170.875,4,4,4,1,1
24.375,-115.125,4,4,4,1,1
24.125,-114.125,4,4,4,1,1
69.625,-168.625,4,4,4,1,1
24.125,-80.375,4,4,4,2,2
69.375,5.625,4,4,4,1,1
52.625,172.625,4,4,4,1,1
30.625,133.125,4,4,4,1,1
35.125,-12.125,4,4,4,1,1
75.875,24.125,4,4,4,1,1
49.125,-123.875,4,4,4,1,1
52.625,169.875,4,4,4,1,1
63.625,-61.875,4,4,4,1,1
-24.875,41.125,4,4,4,1,1
-69.375,-75.625,4,4,4,1,1
37.375,144.125,4,4,4,2,2
52.125,-14.625,4,4,4,1,1
24.875,-115.625,4,4,4,2,2
24.875,-114.625,4,4,4,2,2
69.125,10.125,4,4,4,1,1
-67.875,76.875,4,4,4,1,1
47.625,-131.375,4,4,4,1,1
24.625,-115.625,4,4,4,1,1
24.625,-115.125,4,4,4,2,2
25.375,-116.125,4,4,4,1,1
25.625,-82.625,4,4,4,1,1
37.375,143.375,4,4,4,2,2
54.875,-139.375,4,4,4,1,1
43.625,8.375,4,4,4,1,1
35.875,142.125,4,4,4,2,2
-25.375,42.625,4,4,4,1,1
-69.375,-95.375,4,4,4,1,1
30.375,132.875,4,4,4,2,2
30.375,134.125,4,4,4,1,1
30.375,134.375,4,4,4,1,1
30.625,-77.125,4,4,4,1,1
25.125,-116.375,4,4,4,1,1
73.625,-75.625,4,4,4,1,1
-39.625,171.875,4,4,4,1,1
61.125,-176.375,4,4,4,1,1
-68.875,-101.625,4,4,4,1,1
59.625,-149.875,4,4,4,1,1
49.125,155.625,4,4,4,1,1
26.375,-116.875,4,4,4,1,1
-26.625,11.125,4,4,4,1,1
37.375,136.625,4,4,4,1,1
68.625,10.375,4,4,4,1,1
25.875,-15.875,4,4,4,3,3
25.875,-18.625,4,4,4,1,1
76.875,-1.625,4,4,4,1,1
53.875,-158.625,4,4,4,1,1
-57.125,-64.125,4,4,4,1,1
-55.625,-61.375,4,4,4,1,1
-66.375,140.125,4,4,4,1,1
50.125,-135.375,4,4,4,1,1
58.125,-139.875,4,4,4,1,1
-71.375,-103.875,4,4,4,1,1
66.375,7.875,4,4,4,1,1
78.875,2.125,4,4,4,1,1
-64.125,-65.875,4,4,4,1,1
-44.875,145.875,4,4,4,1,1
53.375,170.375,4,4,4,1,1
33.375,141.375,4,4,4,2,2
54.625,-155.625,4,4,4,1,1
-69.625,-99.125,4,4,4,1,1
68.625,-166.875,4,4,4,2,2
68.625,-108.125,4,4,4,2,2
57.625,-139.625,4,4,4,1,1
57.625,-137.375,4,4,4,1,1
76.125,6.125,4,4,4,1,1
49.375,156.125,4,4,4,1,1
-69.125,-75.125,4,4,4,1,1
-70.375,-100.625,4,4,4,1,1
34.375,-124.125,4,4,4,1,1
-44.625,143.625,4,4,4,1,1
47.375,-129.875,4,4,4,1,1
47.125,152.875,4,4,4,1,1
-67.625,-73.625,4,4,4,1,1
52.625,-170.125,4,4,4,1,1
76.125,-7.125,4,4,4,1,1
76.125,-6.875,4,4,4,1,1
76.125,5.625,4,4,4,1,1
38.875,135.625,4,4,4,2,2
38.875,137.125,4,4,4,2,2
53.875,-138.625,4,4,4,1,1
46.875,157.125,4,4,4,1,1
-64.625,143.125,4,4,4,1,1
-66.625,70.125,4,4,4,1,1
76.125,17.375,4,4,4,1,1
52.625,-171.875,4,4,4,1,1
28.125,130.875,4,4,4,1,1
-42.625,177.625,4,4,4,1,1
34.625,130.375,4,4,4,2,2
34.625,137.375,4,4,4,2,2
36.625,13.625,4,4,4,1,1
77.125,-0.375,4,4,4,1,1
77.125,-0.125,4,4,4,1,1
-70.625,-102.375,4,4,4,1,1
34.375,140.125,4,4,4,3,3
30.125,128.375,4,4,4,1,1
38.375,-72.625,4,4,4,4,4
27.875,129.625,4,4,4,2,2
-67.625,-77.125,4,4,4,1,1
27.625,-15.375,4,4,4,1,1
76.375,-4.625,4,4,4,1,1
29.875,129.375,4,4,4,1,1
47.125,157.625,4,4,4,1,1
-69.625,-89.375,4,4,4,1,1
-33.125,151.875,4,4,4,2,2
33.625,-119.375,4,4,4,1,1
58.875,-145.625,4,4,4,1,1
-28.125,155.375,4,4,4,1,1
38.625,13.125,4,4,4,1,1
28.625,130.375,4,4,4,1,1
76.375,-135.625,4,4,4,1,1
76.375,-5.125,4,4,4,1,1
-43.375,176.875,4,4,4,1,1
28.625,132.125,4,4,4,2,2
67.875,11.625,4,4,4,2,2
-58.875,-57.375,4,4,4,1,1
-67.125,-73.125,4,4,4,1,1
-74.125,-108.125,4,4,4,1,1
53.375,172.875,4,4,4,1,1
47.625,-129.625,4,4,4,1,1
-44.375,147.625,4,4,4,1,1
-64.375,78.875,4,4,4,1,1
29.625,-15.375,4,4,4,1,1
-59.125,-57.375,4,4,4,1,1
29.125,133.875,4,4,4,1,1
29.125,128.375,4,4,4,1,1
57.875,17.875,4,4,4,1,1
29.125,132.125,4,4,4,2,2
73.875,-153.125,4,4,4,1,1
-64.375,-70.875,4,4,4,1,1
28.875,128.125,4,4,4,1,1
28.875,129.625,4,4,4,2,2
45.125,-55.875,4,4,4,1,1
54.375,-155.625,4,4,4,1,1
71.625,-163.875,4,4,4,1,1
53.125,166.625,4,4,4,1,1
53.125,171.125,4,4,4,1,1
50.375,157.625,4,4,4,1,1
42.125,6.625,4,4,4,1,1
-65.125,137.875,4,4,4,1,1
7.375,-50.125,4,4,4,1,1
7.875,-84.875,4,4,4,1,1
36.875,143.125,4,4,4,1,1
59.375,-144.875,4,4,4,1,1
42.125,138.625,4,4,4,1,1
32.375,134.875,4,4,4,1,1
-36.125,-53.375,4,4,4,1,1
79.375,4.625,4,4,4,1,1
-70.125,-95.875,3,3,3,1,1
-70.125,-99.375,3,3,3,1,1
-58.625,-59.125,3,3,3,1,1
-58.875,-68.625,3,3,3,1,1
52.375,162.625,3,3,3,1,1
52.375,162.375,3,3,3,1,1
52.375,162.125,3,3,3,1,1
52.375,161.875,3,3,3,1,1
52.375,161.625,3,3,3,1,1
29.625,-12.125,3,3,3,1,1
-60.375,-59.375,3,3,3,1,1
53.625,169.125,3,3,3,1,1
53.625,168.875,3,3,3,1,1
53.625,168.625,3,3,3,1,1
29.125,131.625,3,3,3,1,1
29.125,129.875,3,3,3,1,1
63.625,-167.375,3,3,3,1,1
61.625,-168.375,3,3,3,2,2
77.125,23.125,3,3,3,1,1
-31.125,15.875,3,3,3,1,1
-30.625,15.375,3,3,3,1,1
44.375,-129.125,3,3,3,1,1
44.125,151.125,3,3,3,1,1
72.375,22.375,3,3,3,1,1
-27.625,113.125,3,3,3,1,1
58.875,-145.375,3,3,3,1,1
63.375,1.875,3,3,3,1,1
63.125,19.125,3,3,3,1,1
33.625,-121.875,3,3,3,1,1
72.625,-163.375,3,3,3,1,1
-68.625,-73.875,3,3,3,1,1
-68.625,-74.375,3,3,3,1,1
-67.375,-73.625,3,3,3,1,1
-67.375,-81.875,3,3,3,1,1
37.375,137.625,3,3,3,2,2
-61.875,-62.375,3,3,3,1,1
60.625,-168.375,3,3,3,3,3
35.875,133.625,3,3,3,2,2
72.625,-163.125,3,3,3,1,1
53.375,170.875,3,3,3,1,1
53.375,168.375,3,3,3,1,1
53.375,168.125,3,3,3,1,1
53.375,167.875,3,3,3,1,1
53.375,167.625,3,3,3,1,1
53.375,167.375,3,3,3,1,1
44.375,-126.625,3,3,3,1,1
33.375,-75.625,3,3,3,1,1
33.375,-76.875,3,3,3,1,1
32.875,141.625,3,3,3,1,1
-25.125,47.625,3,3,3,1,1
-25.125,42.625,3,3,3,1,1
54.875,-13.625,3,3,3,1,1
43.625,9.125,3,3,3,1,1
72.125,33.875,3,3,3,1,1
-25.375,153.375,3,3,3,2,2
51.875,-14.375,3,3,3,1,1
-33.875,113.875,3,3,3,1,1
-68.625,-78.125,3,3,3,1,1
-33.625,169.375,3,3,3,1,1
34.625,141.875,3,3,3,1,1
74.125,33.125,3,3,3,1,1
51.625,159.625,3,3,3,1,1
-25.375,109.875,3,3,3,1,1
72.375,-164.375,3,3,3,1,1
74.375,7.375,3,3,3,1,1
74.375,-93.375,3,3,3,1,1
72.125,-160.375,3,3,3,1,1
-23.125,153.375,3,3,3,1,1
72.125,-150.875,3,3,3,1,1
-34.625,173.875,3,3,3,3,3
35.875,132.875,3,3,3,1,1
77.125,-0.875,3,3,3,1,1
-61.875,-68.875,3,3,3,1,1
51.625,159.875,3,3,3,1,1
32.875,140.875,3,3,3,1,1
52.125,161.125,3,3,3,1,1
52.125,160.875,3,3,3,1,1
60.875,-17.625,3,3,3,1,1
33.125,138.625,3,3,3,1,1
43.375,8.125,3,3,3,1,1
72.125,-163.875,3,3,3,1,1
-18.375,121.375,3,3,3,1,1
-68.375,-83.625,3,3,3,1,1
-68.375,-84.125,3,3,3,1,1
43.125,-127.375,3,3,3,1,1
-33.875,25.875,3,3,3,1,1
32.875,139.375,3,3,3,1,1
32.875,138.625,3,3,3,1,1
-21.125,40.625,3,3,3,1,1
-19.125,-38.875,3,3,3,2,3
63.875,-171.375,3,3,3,1,1
32.875,134.375,3,3,3,1,1
-21.625,-40.375,3,3,3,1,1
-21.375,114.375,3,3,3,1,1
-21.375,-39.625,3,3,3,1,1
-19.875,151.125,3,3,3,1,1
53.375,-15.125,3,3,3,1,1
-68.875,-80.875,3,3,3,1,1
-46.625,163.625,3,3,3,2,2
-46.375,167.125,3,3,3,1,1
-46.625,172.625,3,3,3,1,1
-66.875,-73.875,3,3,3,1,1
-66.875,-74.125,3,3,3,1,1
33.625,139.625,3,3,3,1,1
-34.375,113.875,3,3,3,1,1
-34.125,169.875,3,3,3,1,1
-17.125,42.375,3,3,3,1,1
55.375,-167.875,3,3,3,1,1
32.875,133.375,3,3,3,1,1
-66.875,-71.375,3,3,3,1,1
-20.625,152.375,3,3,3,1,1
43.125,149.875,3,3,3,1,1
-46.375,167.375,3,3,3,1,1
-46.875,164.125,3,3,3,1,1
-46.875,162.375,3,3,3,1,1
-46.875,162.125,3,3,3,1,1
59.375,-168.125,3,3,3,1,1
-34.875,170.625,3,3,3,3,3
-34.875,29.625,3,3,3,1,1
42.875,-65.625,3,3,3,1,1
71.875,-145.875,3,3,3,1,1
42.875,-63.375,3,3,3,1,1
42.875,-64.375,3,3,3,1,1
-62.125,-61.375,3,3,3,1,1
-69.375,-97.875,3,3,3,1,1
42.875,-62.375,3,3,3,1,1
55.125,173.375,3,3,3,1,1
32.875,-77.375,3,3,3,1,1
32.625,137.375,3,3,3,1,1
42.375,10.125,3,3,3,1,1
-13.375,45.125,3,3,3,1,1
42.625,145.625,3,3,3,2,2
-14.125,120.625,3,3,3,1,1
71.875,-158.125,3,3,3,1,1
-69.375,-101.625,3,3,3,1,1
-62.625,116.625,3,3,3,1,1
77.375,25.625,3,3,3,1,1
50.375,-131.875,3,3,3,1,1
60.875,-178.875,3,3,3,1,1
-35.625,21.875,3,3,3,1,1
63.875,4.875,3,3,3,1,1
71.875,-146.875,3,3,3,1,1
-14.375,52.375,3,3,3,1,1
-62.375,-56.875,3,3,3,1,1
42.375,-69.375,3,3,3,1,1
-11.625,49.375,3,3,3,1,1
42.375,9.875,3,3,3,1,1
55.375,174.375,3,3,3,1,1
42.375,144.375,3,3,3,1,1
-9.625,-35.375,3,3,3,1,1
37.375,134.875,3,3,3,2,2
62.875,-173.125,3,3,3,1,1
32.375,139.375,3,3,3,1,1
-64.875,78.625,3,3,3,1,1
36.625,142.625,3,3,3,1,1
53.125,166.125,3,3,3,1,1
48.125,-131.125,3,3,3,1,1
-47.375,171.375,3,3,3,1,1
-12.375,45.875,3,3,3,1,1
32.625,139.375,3,3,3,1,1
32.375,132.875,3,3,3,1,1
6.625,-83.875,3,3,3,1,1
7.125,-83.375,3,3,3,1,1
42.125,148.875,3,3,3,1,1
71.625,-153.125,3,3,3,1,1
32.375,132.375,3,3,3,1,1
72.875,-72.125,3,3,3,1,1
-35.625,29.875,3,3,3,1,1
54.375,-137.625,3,3,3,1,1
42.125,144.375,3,3,3,1,1
-69.375,-99.125,3,3,3,1,1
-68.375,-70.875,3,3,3,1,1
-68.375,-72.125,3,3,3,1,1
-5.125,-32.125,3,3,3,1,1
32.625,134.375,3,3,3,1,1
32.625,134.125,3,3,3,1,1
77.625,7.875,3,3,3,1,1
77.625,7.125,3,3,3,1,1
53.125,166.375,3,3,3,1,1
-48.375,174.125,3,3,3,1,1
37.625,134.625,3,3,3,1,1
7.625,-83.625,3,3,3,1,1
33.875,-75.375,3,3,3,1,1
71.625,-166.125,3,3,3,1,1
32.125,139.875,3,3,3,1,1
32.375,132.625,3,3,3,1,1
42.125,5.125,3,3,3,1,1
50.375,157.375,3,3,3,1,1
-47.125,171.125,3,3,3,1,1
-47.875,172.625,3,3,3,1,1
53.125,170.125,3,3,3,1,1
53.125,166.875,3,3,3,1,1
77.625,9.625,3,3,3,1,1
41.875,10.625,3,3,3,1,1
74.875,-137.625,3,3,3,1,1
7.875,-83.125,3,3,3,3,3
8.625,-88.125,3,3,3,1,1
32.125,138.125,3,3,3,1,1
32.125,140.625,3,3,3,1,1
45.625,-126.125,3,3,3,1,1
33.875,136.375,3,3,3,2,2
62.625,-174.625,3,3,3,1,1
45.125,-10.375,3,3,3,1,1
-60.125,-59.625,3,3,3,1,1
76.375,36.625,3,3,3,1,1
48.375,-126.875,3,3,3,1,1
7.875,-86.625,3,3,3,1,1
77.625,8.375,3,3,3,1,1
12.625,-92.125,3,3,3,1,1
12.875,-75.375,3,3,3,1,1
55.875,-152.875,3,3,3,1,1
32.125,131.875,3,3,3,1,1
73.125,-165.625,3,3,3,1,1
-64.625,-67.875,3,3,3,1,1
72.875,32.875,3,3,3,1,1
-36.375,17.125,3,3,3,1,1
74.625,41.625,3,3,3,1,1
74.625,40.875,3,3,3,1,1
53.125,165.875,3,3,3,1,1
34.875,-7.875,3,3,3,1,1
11.125,-77.625,3,3,3,1,1
41.875,7.625,3,3,3,1,1
41.875,18.375,3,3,3,1,1
77.625,10.625,3,3,3,1,1
71.375,-158.375,3,3,3,1,1
31.875,141.375,3,3,3,1,1
41.625,144.875,3,3,3,1,1
71.375,-161.875,3,3,3,2,2
-43.625,-63.875,3,3,3,1,1
-44.125,148.875,3,3,3,1,1
-44.125,-64.375,3,3,3,1,1
47.375,153.125,3,3,3,1,1
12.875,-69.375,3,3,3,2,2
32.125,-118.625,3,3,3,1,1
32.125,-120.375,3,3,3,1,1
71.375,-149.375,3,3,3,1,1
-62.625,-69.375,3,3,3,1,1
77.625,11.875,3,3,3,2,2
-52.125,-56.625,3,3,3,1,1
12.625,-78.375,3,3,3,1,1
13.875,-95.875,3,3,3,2,2
31.875,136.625,3,3,3,1,1
31.875,136.375,3,3,3,2,2
14.125,-95.375,3,3,3,1,1
14.625,-72.875,3,3,3,1,1
-61.375,-56.375,3,3,3,1,1
-49.875,168.125,3,3,3,1,1
-50.125,-63.375,3,3,3,1,1
75.125,11.125,3,3,3,1,1
48.625,-132.625,3,3,3,1,1
48.375,154.625,3,3,3,1,1
53.125,-159.125,3,3,3,1,1
13.125,-60.125,3,3,3,1,1
71.125,31.125,3,3,3,1,1
12.875,-92.625,3,3,3,1,1
12.625,-69.125,3,3,3,2,2
51.625,-164.875,3,3,3,1,1
51.625,-165.125,3,3,3,1,1
77.625,33.375,3,3,3,1,1
14.875,-97.375,3,3,3,2,3
14.875,-99.125,3,3,3,1,1
41.375,4.625,3,3,3,1,1
-37.625,17.875,3,3,3,1,1
73.125,-158.625,3,3,3,1,1
37.125,144.125,3,3,3,1,1
-52.375,-58.875,3,3,3,1,1
51.625,-162.875,3,3,3,1,1
51.625,-163.375,3,3,3,1,1
71.125,14.375,3,3,3,1,1
71.125,9.625,3,3,3,1,1
56.125,-147.625,3,3,3,1,1
41.625,17.375,3,3,3,1,1
41.125,18.625,3,3,3,1,1
41.125,12.125,3,3,3,1,1
15.875,-99.125,3,3,3,1,1
15.875,-99.625,3,3,3,1,1
16.125,-99.625,3,3,3,1,1
-37.875,171.875,3,3,3,1,1
-68.625,-94.625,3,3,3,1,1
31.875,131.875,3,3,3,1,1
31.875,129.625,3,3,3,2,2
31.875,128.125,3,3,3,1,1
31.875,139.875,3,3,3,1,1
31.875,139.125,3,3,3,1,1
51.625,-162.125,3,3,3,1,1
51.625,-163.875,3,3,3,1,1
51.625,-164.125,3,3,3,1,1
51.625,-164.625,3,3,3,1,1
51.625,-167.125,3,3,3,1,1
51.625,-168.375,3,3,3,1,1
70.875,16.375,3,3,3,1,1
16.625,-69.875,3,3,3,1,1
41.125,-11.375,3,3,3,1,1
40.875,139.125,3,3,3,2,2
40.875,138.625,3,3,3,2,2
49.875,156.625,3,3,3,1,1
37.375,-125.375,3,3,3,1,1
46.125,-126.625,3,3,3,1,1
75.375,-6.125,3,3,3,1,1
75.125,32.375,3,3,3,1,1
48.625,154.875,3,3,3,1,1
52.875,174.625,3,3,3,1,1
59.375,-141.625,3,3,3,1,1
71.125,-166.125,3,3,3,1,1
18.125,-106.375,3,3,3,1,1
17.375,-19.875,3,3,3,1,1
61.375,-20.875,3,3,3,1,1
61.375,-21.625,3,3,3,1,1
52.875,164.625,3,3,3,1,1
52.875,164.375,3,3,3,1,1
-59.875,-59.375,3,3,3,1,1
53.875,177.875,3,3,3,1,1
53.875,177.625,3,3,3,1,1
53.875,177.375,3,3,3,1,1
54.125,-157.875,3,3,3,2,2
45.875,-7.625,3,3,3,1,1
58.375,19.125,3,3,3,2,3
40.875,138.375,3,3,3,2,2
51.625,-166.625,3,3,3,1,1
51.625,-166.875,3,3,3,1,1
31.625,139.375,3,3,3,1,1
37.875,17.625,3,3,3,1,1
40.625,146.125,3,3,3,1,1
18.625,-107.125,3,3,3,1,1
18.875,-108.375,3,3,3,1,1
31.625,139.875,3,3,3,1,1
46.375,-125.875,3,3,3,1,1
-38.375,170.375,3,3,3,1,1
53.875,174.625,3,3,3,1,1
53.875,174.375,3,3,3,1,1
53.875,174.125,3,3,3,1,1
53.875,173.875,3,3,3,1,1
53.875,173.625,3,3,3,1,1
53.875,173.375,3,3,3,1,1
51.875,169.375,3,3,3,1,1
17.875,-105.125,3,3,3,1,1
31.625,-121.625,3,3,3,1,1
31.625,128.375,3,3,3,2,2
31.625,127.875,3,3,3,1,1
-59.625,-64.375,3,3,3,1,1
-59.625,-64.625,3,3,3,1,1
52.375,-136.375,3,3,3,1,1
-65.125,-71.125,3,3,3,1,1
18.875,-68.125,3,3,3,1,1
61.625,-22.125,3,3,3,1,1
46.625,-127.125,3,3,3,1,1
51.625,-165.375,3,3,3,1,1
51.625,-165.625,3,3,3,1,1
51.625,-166.125,3,3,3,1,1
51.625,-166.375,3,3,3,1,1
40.625,147.375,3,3,3,2,2
31.625,128.625,3,3,3,1,1
52.875,165.125,3,3,3,1,1
52.875,164.875,3,3,3,1,1
36.875,13.375,3,3,3,1,1
58.375,-145.125,3,3,3,1,1
31.375,134.875,3,3,3,1,1
31.375,133.875,3,3,3,1,1
40.375,143.875,3,3,3,1,1
73.125,29.125,3,3,3,1,1
53.875,178.625,3,3,3,1,1
53.875,178.375,3,3,3,1,1
53.875,178.125,3,3,3,1,1
-38.625,171.875,3,3,3,1,1
47.625,-131.125,3,3,3,1,1
-65.125,70.125,3,3,3,1,1
40.625,12.875,3,3,3,1,1
40.625,143.375,3,3,3,2,2
40.125,146.875,3,3,3,2,2
-71.125,-104.625,3,3,3,1,1
65.375,-169.625,3,3,3,1,1
-68.125,6.875,3,3,3,1,1
19.375,-109.125,3,3,3,1,1
40.375,-10.125,3,3,3,1,1
46.875,-125.875,3,3,3,1,1
53.875,177.125,3,3,3,1,1
53.875,176.875,3,3,3,1,1
53.875,175.125,3,3,3,1,1
53.875,174.875,3,3,3,1,1
37.125,143.375,3,3,3,2,2
37.125,136.125,3,3,3,1,1
53.875,172.625,3,3,3,1,1
46.875,-5.125,3,3,3,1,1
52.875,165.375,3,3,3,1,1
20.625,-83.125,3,3,3,1,1
20.125,-107.875,3,3,3,3,3
31.375,132.875,3,3,3,1,1
37.875,144.625,3,3,3,1,1
37.875,144.375,3,3,3,1,1
19.625,-64.875,3,3,3,1,1
-69.875,-105.625,3,3,3,1,1
70.375,14.125,3,3,3,1,1
19.875,-106.625,3,3,3,1,1
-38.875,-54.375,3,3,3,1,1
-38.875,-54.875,3,3,3,1,1
73.375,-152.875,3,3,3,1,1
73.375,-153.125,3,3,3,1,1
78.125,10.625,3,3,3,1,1
78.125,7.125,3,3,3,1,1
60.375,-167.625,3,3,3,1,1
70.375,-166.375,3,3,3,1,1
70.375,-166.625,3,3,3,1,1
70.375,-166.875,3,3,3,1,1
70.375,-167.125,3,3,3,1,1
53.875,170.875,3,3,3,1,1
53.875,170.625,3,3,3,1,1
60.875,-173.875,3,3,3,1,1
34.375,-122.125,3,3,3,1,1
53.875,170.375,3,3,3,1,1
46.875,156.875,3,3,3,1,1
46.875,156.625,3,3,3,1,1
46.875,155.375,3,3,3,1,1
-39.125,171.125,3,3,3,1,1
-53.375,-58.625,3,3,3,1,1
-53.375,-59.125,3,3,3,1,1
-65.375,-71.375,3,3,3,1,1
35.125,-73.375,3,3,3,1,1
39.625,145.125,3,3,3,2,2
51.625,-171.125,3,3,3,1,1
51.375,159.125,3,3,3,1,1
-39.375,168.875,3,3,3,1,1
-39.375,168.625,3,3,3,1,1
73.375,-132.375,3,3,3,1,1
53.875,172.375,3,3,3,1,1
70.375,-168.125,3,3,3,1,1
31.125,132.375,3,3,3,1,1
-72.125,-103.375,3,3,3,1,1
70.375,-146.625,3,3,3,1,1
31.125,127.875,3,3,3,1,1
58.375,-150.875,3,3,3,1,1
70.125,30.375,3,3,3,1,1
20.875,-108.125,3,3,3,1,1
69.875,-63.625,3,3,3,1,1
31.125,-77.625,3,3,3,1,1
57.125,-143.875,3,3,3,1,1
39.625,13.875,3,3,3,1,1
37.125,12.875,3,3,3,1,1
37.125,12.625,3,3,3,1,1
76.875,14.625,3,3,3,1,1
57.125,-151.125,3,3,3,2,2
21.375,-108.875,3,3,3,1,1
30.875,133.625,3,3,3,1,1
39.625,144.625,3,3,3,1,1
57.125,-143.125,3,3,3,1,1
21.125,-66.375,3,3,3,1,1
39.875,13.875,3,3,3,1,1
39.875,-11.375,3,3,3,1,1
31.125,128.375,3,3,3,1,1
-70.125,-105.875,3,3,3,1,1
38.125,136.125,3,3,3,1,1
-65.875,-73.625,3,3,3,1,1
61.125,-17.125,3,3,3,1,1
61.125,-17.625,3,3,3,1,1
-39.375,169.375,3,3,3,1,1
-39.625,170.125,3,3,3,1,1
39.375,144.375,3,3,3,1,1
22.625,-112.125,3,3,3,1,1
22.875,-111.375,3,3,3,1,1
78.375,29.375,3,3,3,1,1
65.875,2.625,3,3,3,1,1
30.875,135.375,3,3,3,1,1
-70.125,-104.625,3,3,3,1,1
-63.125,113.875,3,3,3,1,1
38.125,-0.125,3,3,3,1,1
57.375,-147.375,3,3,3,1,1
39.375,136.375,3,3,3,2,2
39.375,134.625,3,3,3,2,2
57.375,-11.625,3,3,3,1,1
39.375,-126.375,3,3,3,1,1
59.125,-5.875,3,3,3,1,1
-39.875,170.875,3,3,3,1,1
-39.875,170.625,3,3,3,1,1
-40.125,172.375,3,3,3,1,1
-40.125,172.125,3,3,3,1,1
-40.125,171.625,3,3,3,1,1
36.625,142.875,3,3,3,1,2
69.625,5.125,3,3,3,1,1
-66.125,147.875,3,3,3,1,1
-65.875,-72.375,3,3,3,1,1
30.875,132.125,3,3,3,1,1
66.125,8.875,3,3,3,1,1
24.375,-16.125,3,3,3,2,2
-66.125,-69.375,3,3,3,1,1
-66.125,-71.375,3,3,3,1,1
-66.125,-71.625,3,3,3,1,1
-43.375,177.625,3,3,3,1,1
73.625,-154.375,3,3,3,1,1
-59.125,-61.125,3,3,3,1,1
52.375,-15.125,3,3,3,1,1
52.375,-134.625,3,3,3,1,1
36.875,-124.875,3,3,3,1,1
23.875,-113.875,3,3,3,1,1
23.875,-16.875,3,3,3,1,1
60.375,-179.125,3,3,3,1,1
78.625,2.375,3,3,3,1,1
39.375,3.125,3,3,3,1,1
25.125,-115.625,3,3,3,1,1
-69.375,-96.625,3,3,3,1,1
-69.375,-86.875,3,3,3,1,1
78.625,33.625,3,3,3,1,1
36.375,15.125,3,3,3,1,1
-39.625,172.125,3,3,3,1,1
-40.375,172.875,3,3,3,1,1
-39.875,171.375,3,3,3,1,1
-60.875,-55.875,3,3,3,1,1
30.625,127.875,3,3,3,1,1
58.125,-12.375,3,3,3,1,1
25.625,-115.875,3,3,3,1,1
-54.875,-64.625,3,3,3,2,2
39.125,-11.625,3,3,3,1,1
39.125,18.375,3,3,3,1,1
24.375,-114.625,3,3,3,1,1
26.125,-14.875,3,3,3,1,1
26.875,-118.125,3,3,3,1,1
76.125,14.625,3,3,3,1,1
75.875,28.625,3,3,3,1,1
-56.375,-60.625,3,3,3,1,1
-56.625,-62.875,3,3,3,1,1
52.625,163.125,3,3,3,1,1
52.625,162.875,3,3,3,1,1
76.625,33.875,3,3,3,1,1
34.375,-75.125,3,3,3,1,1
25.375,-18.875,3,3,3,1,1
-66.375,65.875,3,3,3,1,1
25.375,-115.875,3,3,3,1,1
-67.625,-71.625,3,3,3,1,1
38.875,145.375,3,3,3,1,1
38.875,145.125,3,3,3,1,1
76.125,-7.375,3,3,3,1,1
36.625,16.375,3,3,3,1,1
36.625,14.125,3,3,3,1,1
36.625,13.875,3,3,3,1,1
38.375,-71.125,3,3,3,1,1
-67.625,-74.375,3,3,3,1,1
73.625,18.125,3,3,3,1,1
53.875,-166.875,3,3,3,1,1
46.875,157.375,3,3,3,1,1
53.875,-150.625,3,3,3,1,1
-40.625,173.625,3,3,3,1,1
-66.625,70.875,3,3,3,1,1
60.125,-168.125,3,3,3,1,1
66.375,7.125,3,3,3,1,1
30.375,136.875,3,3,3,2,2
30.375,131.875,3,3,3,1,1
-58.875,-60.375,3,3,3,1,1
52.625,-169.375,3,3,3,1,1
38.375,-123.625,3,3,3,1,1
57.875,-142.625,3,3,3,1,1
38.625,145.625,3,3,3,1,1
30.125,129.375,3,3,3,1,1
30.125,127.875,3,3,3,1,1
-41.375,175.625,3,3,3,1,1
34.375,142.125,3,3,3,1,1
37.125,-75.875,3,3,3,1,1
27.625,-118.625,3,3,3,1,1
-67.625,-75.125,3,3,3,1,1
36.125,135.375,3,3,3,1,1
68.375,-168.625,3,3,3,1,1
27.875,130.625,3,3,3,1,1
27.875,130.375,3,3,3,1,1
38.625,12.625,3,3,3,1,1
28.625,128.125,3,3,3,1,1
28.625,133.125,3,3,3,1,1
28.625,132.875,3,3,3,1,1
28.375,131.625,3,3,3,1,1
29.875,127.875,3,3,3,1,1
47.375,-126.875,3,3,3,1,1
47.375,-127.625,3,3,3,1,1
73.875,7.375,3,3,3,1,1
73.875,-76.625,3,3,3,1,1
-64.375,-67.375,3,3,3,2,2
28.125,131.125,3,3,3,1,1
-58.375,-63.375,3,3,3,1,1
-58.625,-59.375,3,3,3,1,1
-58.625,-59.625,3,3,3,1,1
-58.875,-60.125,3,3,3,1,1
67.375,12.625,3,3,3,1,1
28.875,131.375,3,3,3,1,1
28.875,131.125,3,3,3,1,1
28.875,130.875,3,3,3,1,1
-70.125,-103.375,3,3,3,1,1
76.625,27.375,3,3,3,1,1
-69.625,-85.125,3,3,3,1,1
36.625,136.125,3,3,3,1,1
36.875,143.375,3,3,3,1,2
47.125,155.875,3,3,3,1,1
53.625,-12.875,3,3,3,1,1
76.375,14.875,3,3,3,1,1
76.375,-4.125,3,3,3,1,1
76.125,42.375,3,3,3,1,1
28.625,130.625,3,3,3,1,1
38.625,13.625,3,3,3,1,1
29.875,134.125,3,3,3,1,1
29.125,128.125,3,3,3,1,1
79.125,3.125,3,3,3,1,1
29.125,133.625,3,3,3,1,1
67.375,10.125,3,3,3,1,1
67.375,-61.125,3,3,3,1,1
67.375,-167.375,3,3,3,1,1
29.125,-85.625,3,3,3,1,1
28.875,133.125,3,3,3,1,1
28.875,132.875,3,3,3,1,1
61.875,-168.375,3,3,3,1,1
61.875,-175.125,3,3,3,1,1
28.625,133.625,3,3,3,1,1
28.625,133.375,3,3,3,1,1
67.625,11.625,3,3,3,1,1
28.875,-15.375,3,3,3,1,1
-63.625,-70.125,3,3,3,1,1
79.625,7.625,3,3,3,1,1
79.625,8.875,3,3,3,1,1
79.125,4.375,3,3,3,1,1
51.375,-166.125,3,3,3,1,1
60.875,-170.375,3,3,3,1,1
35.625,142.125,3,3,3,1,1
-60.625,-52.875,3,3,3,1,1
-60.625,-56.875,3,3,3,1,1
76.625,24.375,3,3,3,1,1
-60.375,-58.875,3,3,3,1,1
29.375,133.125,3,3,3,1,1
29.375,132.875,3,3,3,1,1
29.375,129.625,3,3,3,1,1
29.625,127.875,3,3,3,1,1
29.375,134.375,3,3,3,1,1
-32.125,14.125,3,3,3,1,1
37.375,-1.125,3,3,3,1,1
44.125,13.125,3,3,3,1,1
53.375,171.125,3,3,3,1,1
58.875,-144.375,3,3,3,1,1
79.625,8.125,3,3,3,1,1
29.625,130.625,3,3,3,3,3
29.625,130.125,3,3,3,2,2
29.625,129.875,3,3,3,2,2
79.375,3.375,3,3,3,1,1
79.375,3.125,3,3,3,1,1
38.375,134.375,3,3,3,2,2
29.375,134.125,3,3,3,1,1
-59.125,-66.375,3,3,3,1,1
-58.875,-68.125,3,3,3,1,1
51.125,168.375,3,3,3,2,2
79.625,8.375,2,2,2,1,1
79.125,5.125,2,2,2,1,1
-63.375,-61.125,2,2,2,1,1
29.375,132.625,2,2,2,1,1
29.125,133.375,2,2,2,1,1
29.375,133.875,2,2,2,1,1
52.375,161.375,2,2,2,1,1
76.375,15.125,2,2,2,1,1
76.375,17.375,2,2,2,1,1
-59.125,-60.875,2,2,2,1,1
29.375,-15.375,2,2,2,1,1
29.875,133.625,2,2,2,1,1
29.875,133.875,2,2,2,1,1
29.625,134.375,2,2,2,1,1
66.875,12.125,2,2,2,1,1
38.375,13.375,2,2,2,1,1
38.375,15.125,2,2,2,1,1
79.125,2.375,2,2,2,1,1
79.125,2.875,2,2,2,1,1
-39.875,172.375,2,2,2,1,1
-39.625,169.625,2,2,2,1,1
-73.375,-107.125,2,2,2,1,1
59.125,-7.375,2,2,2,1,1
-43.375,148.875,2,2,2,1,1
73.875,9.125,2,2,2,1,1
73.625,9.125,2,2,2,1,1
-40.625,-60.125,2,2,2,1,1
34.375,143.375,2,2,2,1,1
76.875,-2.375,2,2,2,1,1
73.625,11.625,2,2,2,1,1
73.625,15.625,2,2,2,1,1
53.875,-152.625,2,2,2,1,1
34.375,142.875,2,2,2,1,1
34.375,143.125,2,2,2,1,1
-69.625,-95.125,2,2,2,1,1
76.875,23.625,2,2,2,1,1
51.875,160.375,2,2,2,1,1
46.125,-2.125,2,2,2,1,1
-70.375,-99.625,2,2,2,1,1
37.125,135.875,2,2,2,1,1
-38.625,170.375,2,2,2,1,1
73.375,-153.375,2,2,2,1,1
-38.875,149.375,2,2,2,1,1
73.375,-159.625,2,2,2,1,1
73.375,-159.125,2,2,2,1,1
46.875,155.125,2,2,2,1,1
46.875,156.125,2,2,2,1,1
62.375,-173.625,2,2,2,1,1
-39.375,169.625,2,2,2,1,1
-60.875,-54.375,2,2,2,1,1
-39.875,172.125,2,2,2,1,1
54.375,-166.875,2,2,2,1,1
45.125,150.375,2,2,2,1,1
-73.125,-104.875,2,2,2,1,1
-37.375,171.625,2,2,2,1,1
-61.125,-64.375,2,2,2,1,1
34.125,-73.375,2,2,2,1,1
73.125,-160.125,2,2,2,2,2
73.125,-159.625,2,2,2,1,1
73.125,-158.875,2,2,2,1,1
-68.625,-84.625,2,2,2,1,1
54.125,-12.375,2,2,2,1,1
73.125,-74.375,2,2,2,1,1
73.125,-73.375,2,2,2,1,1
35.625,132.625,2,2,2,1,1
35.625,132.875,2,2,2,1,1
35.625,141.625,2,2,2,1,1
-34.125,170.125,2,2,2,1,1
-35.125,-53.625,2,2,2,1,1
54.375,172.125,2,2,2,1,1
36.875,16.625,2,2,2,1,1
-67.125,30.875,2,2,2,1,1
50.125,-128.625,2,2,2,1,1
33.875,-11.625,2,2,2,1,1
33.875,-11.125,2,2,2,1,1
37.375,135.375,2,2,2,1,1
-35.375,-53.125,2,2,2,1,1
72.875,-161.375,2,2,2,1,1
45.125,-126.875,2,2,2,1,1
54.375,-131.375,2,2,2,1,1
44.875,-8.375,2,2,2,1,1
33.875,130.375,2,2,2,1,1
37.125,135.375,2,2,2,1,1
33.375,142.875,2,2,2,1,1
37.375,17.125,2,2,2,1,1
-72.875,-104.875,2,2,2,1,1
44.375,12.875,2,2,2,1,1
37.375,136.125,2,2,2,1,1
53.375,172.375,2,2,2,1,1
54.625,-155.875,2,2,2,1,1
33.375,141.125,2,2,2,1,1
33.375,142.625,2,2,2,1,1
44.375,13.125,2,2,2,1,1
72.625,-162.875,2,2,2,1,1
35.875,133.375,2,2,2,2,2
63.125,-165.875,2,2,2,1,1
50.125,157.375,2,2,2,1,1
-34.625,29.375,2,2,2,1,1
33.625,136.625,2,2,2,1,1
37.375,137.375,2,2,2,2,2
43.875,150.875,2,2,2,1,1
43.875,151.125,2,2,2,1,1
53.375,167.125,2,2,2,1,1
33.375,129.125,2,2,2,1,1
72.375,-71.375,2,2,2,1,1
-29.625,14.375,2,2,2,1,1
-29.125,13.875,2,2,2,1,1
54.625,172.625,2,2,2,1,1
59.875,-179.375,2,2,2,1,1
33.375,138.625,2,2,2,1,1
43.875,8.875,2,2,2,1,1
-30.125,114.375,2,2,2,1,1
-64.875,146.125,2,2,2,1,1
44.375,-125.375,2,2,2,1,1
-68.625,-75.625,2,2,2,1,1
54.875,173.625,2,2,2,1,1
72.125,14.625,2,2,2,1,1
-24.875,48.125,2,2,2,1,1
-24.625,48.625,2,2,2,1,1
74.375,-151.125,2,2,2,1,1
36.875,144.875,2,2,2,1,1
72.375,-163.875,2,2,2,1,1
-25.625,10.625,2,2,2,1,1
33.125,143.375,2,2,2,1,1
33.125,-9.625,2,2,2,1,1
-25.375,47.125,2,2,2,1,1
51.625,159.375,2,2,2,1,1
43.625,14.375,2,2,2,1,1
35.875,-3.125,2,2,2,1,1
35.875,132.375,2,2,2,1,1
-25.875,10.875,2,2,2,1,1
33.125,133.375,2,2,2,1,1
63.625,4.375,2,2,2,1,1
43.375,9.375,2,2,2,1,1
-61.875,-68.125,2,2,2,1,1
77.125,28.125,2,2,2,1,1
-69.125,-101.125,2,2,2,1,1
35.625,-74.625,2,2,2,1,1
60.875,-18.125,2,2,2,1,1
76.625,4.375,2,2,2,1,1
76.625,15.375,2,2,2,1,1
43.375,150.125,2,2,2,1,1
-24.875,47.625,2,2,2,1,1
-23.875,-43.875,2,2,2,1,1
-23.875,49.375,2,2,2,1,1
37.375,144.875,2,2,2,1,1
63.625,-9.875,2,2,2,1,1
-18.875,41.375,2,2,2,1,1
-20.875,40.875,2,2,2,1,1
-21.375,-40.125,2,2,2,1,1
-21.875,-40.125,2,2,2,1,1
-68.625,5.625,2,2,2,1,1
37.125,-126.125,2,2,2,1,1
37.125,-125.625,2,2,2,1,1
37.125,-125.375,2,2,2,1,1
55.125,-156.125,2,2,2,1,1
72.125,-151.125,2,2,2,1,1
-68.625,8.625,2,2,2,1,1
-22.875,40.625,2,2,2,1,1
35.875,134.375,2,2,2,1,1
35.875,134.625,2,2,2,1,1
35.875,134.875,2,2,2,1,1
-23.625,49.875,2,2,2,1,1
32.625,141.875,2,2,2,1,1
32.625,142.125,2,2,2,1,1
-68.375,-78.625,2,2,2,1,1
53.375,-14.375,2,2,2,1,1
-45.875,148.875,2,2,2,1,1
32.875,129.375,2,2,2,1,1
32.875,133.125,2,2,2,1,1
32.875,133.875,2,2,2,1,1
32.875,-118.875,2,2,2,1,1
32.875,-118.375,2,2,2,1,1
-19.875,41.125,2,2,2,1,1
43.125,5.875,2,2,2,1,1
42.875,149.875,2,2,2,1,1
42.875,137.875,2,2,2,2,2
43.125,14.875,2,2,2,1,1
-20.625,115.875,2,2,2,1,1
71.875,-157.375,2,2,2,1,1
42.625,8.625,2,2,2,1,1
-13.875,44.125,2,2,2,1,1
-14.375,52.875,2,2,2,1,1
71.875,-148.125,2,2,2,1,1
71.875,-147.125,2,2,2,1,1
-46.875,163.875,2,2,2,1,1
-46.875,164.375,2,2,2,1,1
-15.375,53.625,2,2,2,1,1
42.875,-64.875,2,2,2,1,1
55.375,-151.875,2,2,2,1,1
36.625,-126.125,2,2,2,1,1
36.625,-125.375,2,2,2,2,2
42.875,-64.125,2,2,2,1,1
42.875,-63.875,2,2,2,1,1
-70.375,-90.125,2,2,2,1,1
64.125,-168.875,2,2,2,1,1
32.625,128.375,2,2,2,1,1
-12.375,50.375,2,2,2,1,1
-46.875,165.625,2,2,2,1,1
-46.875,165.875,2,2,2,1,1
-46.875,166.125,2,2,2,1,1
74.625,14.125,2,2,2,1,1
53.125,177.125,2,2,2,1,1
-47.375,171.625,2,2,2,1,1
47.875,154.125,2,2,2,1,1
60.625,-178.125,2,2,2,1,1
32.625,129.375,2,2,2,1,1
32.625,138.875,2,2,2,1,1
36.375,134.625,2,2,2,1,1
36.375,134.875,2,2,2,1,1
36.375,135.125,2,2,2,1,1
-9.625,-34.875,2,2,2,1,1
42.375,139.375,2,2,2,1,1
-12.375,49.875,2,2,2,1,1
42.375,148.875,2,2,2,1,1
42.375,138.375,2,2,2,1,1
42.375,139.125,2,2,2,1,1
-48.125,173.375,2,2,2,1,1
-47.875,-60.625,2,2,2,1,1
76.625,-3.875,2,2,2,1,1
76.625,-3.125,2,2,2,1,1
59.625,-9.875,2,2,2,1,1
-12.375,-35.125,2,2,2,1,1
37.625,12.125,2,2,2,1,1
37.625,-71.125,2,2,2,1,1
58.625,-8.375,2,2,2,1,1
-70.375,-98.625,2,2,2,1,1
32.375,135.125,2,2,2,1,1
32.375,135.875,2,2,2,1,1
32.375,136.375,2,2,2,1,1
64.125,6.125,2,2,2,1,1
-47.875,172.875,2,2,2,1,1
-48.375,173.875,2,2,2,1,1
-47.125,161.875,2,2,2,1,1
-47.125,169.875,2,2,2,1,1
-47.125,170.875,2,2,2,1,1
-47.625,171.875,2,2,2,1,1
42.375,7.125,2,2,2,1,1
32.375,133.875,2,2,2,1,1
42.125,142.625,2,2,2,1,1
42.125,137.625,2,2,2,1,1
-6.125,154.125,2,2,2,2,2
55.625,-151.625,2,2,2,1,1
77.625,8.625,2,2,2,1,1
41.875,148.625,2,2,2,1,1
7.625,-85.625,2,2,2,1,1
-72.375,-107.125,2,2,2,1,1
7.625,-85.375,2,2,2,1,1
-48.375,174.375,2,2,2,1,1
-48.125,173.125,2,2,2,1,1
48.375,-128.625,2,2,2,1,1
34.875,-11.375,2,2,2,1,1
7.125,-80.375,2,2,2,1,1
55.625,174.125,2,2,2,1,1
42.125,10.375,2,2,2,1,1
6.875,-50.625,2,2,2,1,1
55.875,-167.625,2,2,2,1,1
5.375,-52.625,2,2,2,2,2
42.125,138.375,2,2,2,1,1
10.875,-89.375,2,2,2,1,1
10.375,-78.125,2,2,2,1,1
77.625,8.875,2,2,2,1,1
77.625,9.125,2,2,2,1,1
77.625,9.375,2,2,2,1,1
41.875,141.625,2,2,2,1,1
9.875,-79.125,2,2,2,1,1
41.875,10.875,2,2,2,1,1
-59.875,-56.875,2,2,2,1,1
49.625,156.625,2,2,2,1,1
-60.125,-65.625,2,2,2,1,1
37.625,135.375,2,2,2,1,1
37.625,136.125,2,2,2,1,1
37.625,136.875,2,2,2,1,1
-62.625,-50.875,2,2,2,1,1
77.625,8.125,2,2,2,1,1
36.125,-126.625,2,2,2,1,1
55.875,-151.875,2,2,2,1,1
10.875,-77.125,2,2,2,1,1
11.625,-77.125,2,2,2,1,1
34.875,131.375,2,2,2,1,1
34.875,-8.625,2,2,2,1,1
53.125,165.625,2,2,2,1,1
10.125,-78.625,2,2,2,1,1
10.375,-87.625,2,2,2,2,2
9.625,-79.625,2,2,2,1,1
77.625,10.125,2,2,2,1,1
36.125,-7.625,2,2,2,1,1
41.875,137.125,2,2,2,2,2
41.875,137.375,2,2,2,2,2
32.375,-123.875,2,2,2,1,1
32.125,135.125,2,2,2,1,1
51.625,-137.125,2,2,2,1,1
71.375,-130.125,2,2,2,1,1
55.875,173.125,2,2,2,1,1
12.875,-73.125,2,2,2,1,1
71.375,-159.375,2,2,2,1,1
74.875,24.125,2,2,2,1,1
-49.375,168.875,2,2,2,1,1
-49.625,-62.625,2,2,2,1,1
41.625,146.375,2,2,2,2,2
12.375,-68.875,2,2,2,2,2
11.625,-76.875,2,2,2,1,1
32.125,138.375,2,2,2,1,1
32.125,129.625,2,2,2,1,1
32.125,132.125,2,2,2,1,1
32.125,132.375,2,2,2,2,2
12.125,-76.125,2,2,2,1,1
13.375,-69.875,2,2,2,1,1
13.625,-94.375,2,2,2,1,1
13.625,-74.375,2,2,2,1,1
13.375,-72.125,2,2,2,1,1
37.625,144.375,2,2,2,1,1
14.125,-73.625,2,2,2,1,1
48.625,-132.125,2,2,2,1,1
71.375,-166.375,2,2,2,1,1
13.125,-72.625,2,2,2,1,1
56.125,-158.375,2,2,2,1,1
-62.625,-67.375,2,2,2,1,1
77.625,32.125,2,2,2,1,1
71.375,-163.625,2,2,2,1,1
13.375,-71.625,2,2,2,2,2
71.375,-158.125,2,2,2,1,1
50.625,-15.125,2,2,2,1,1
50.625,-12.125,2,2,2,1,1
15.375,-71.375,2,2,2,1,1
14.625,-71.125,2,2,2,1,1
51.625,-162.625,2,2,2,1,1
34.875,141.875,2,2,2,1,1
34.875,142.125,2,2,2,1,1
59.375,-142.875,2,2,2,1,1
75.125,8.875,2,2,2,1,1
14.875,-72.125,2,2,2,1,1
14.625,-96.375,2,2,2,1,1
37.625,143.875,2,2,2,1,1
14.875,-72.375,2,2,2,1,1
41.625,10.875,2,2,2,1,1
41.625,11.375,2,2,2,1,1
14.375,-95.875,2,2,2,1,1
-68.125,-83.125,2,2,2,1,1
71.125,-165.375,2,2,2,1,1
31.875,-118.125,2,2,2,1,1
37.875,136.125,2,2,2,1,1
75.375,-5.875,2,2,2,1,1
52.875,170.375,2,2,2,1,1
16.875,-103.125,2,2,2,1,1
16.875,-102.375,2,2,2,1,1
16.125,-101.125,2,2,2,1,1
71.125,-147.125,2,2,2,1,1
31.875,139.375,2,2,2,1,1
56.125,-137.625,2,2,2,1,1
56.125,-58.625,2,2,2,1,1
56.125,-14.625,2,2,2,1,1
41.125,143.625,2,2,2,1,1
15.875,-72.375,2,2,2,1,1
15.875,-70.625,2,2,2,1,1
31.625,138.125,2,2,2,1,1
70.875,-136.625,2,2,2,1,1
17.625,-105.125,2,2,2,1,1
17.625,-104.375,2,2,2,1,1
70.875,-65.625,2,2,2,1,1
58.625,-169.125,2,2,2,1,1
37.875,-71.375,2,2,2,1,1
31.875,-121.625,2,2,2,1,1
17.375,-68.375,2,2,2,1,1
77.875,7.375,2,2,2,1,1
50.625,-6.125,2,2,2,1,1
51.625,-167.375,2,2,2,1,1
31.875,135.375,2,2,2,1,1
16.875,-69.125,2,2,2,1,1
71.125,-167.875,2,2,2,1,1
17.125,-103.875,2,2,2,1,1
40.375,146.375,2,2,2,2,2
40.625,142.375,2,2,2,1,1
40.625,18.875,2,2,2,1,1
-69.875,-102.125,2,2,2,1,1
-69.125,-83.875,2,2,2,1,1
36.375,-12.875,2,2,2,1,1
31.625,129.875,2,2,2,1,1
40.625,146.625,2,2,2,1,1
56.375,173.875,2,2,2,1,1
40.875,137.125,2,2,2,1,1
56.375,-142.375,2,2,2,1,1
18.375,-106.375,2,2,2,1,1
-65.125,112.625,2,2,2,1,1
40.875,144.875,2,2,2,1,1
40.875,146.125,2,2,2,1,1
40.875,146.375,2,2,2,1,1
70.375,31.625,2,2,2,1,1
36.125,-73.125,2,2,2,1,1
40.375,136.875,2,2,2,1,1
40.375,137.125,2,2,2,1,1
40.375,137.375,2,2,2,1,1
61.375,-19.375,2,2,2,1,1
31.375,134.125,2,2,2,1,1
31.375,134.625,2,2,2,1,1
37.875,137.125,2,2,2,1,1
70.625,-64.875,2,2,2,1,1
19.125,-109.125,2,2,2,1,1
40.625,137.125,2,2,2,1,1
40.625,137.375,2,2,2,1,1
31.625,133.875,2,2,2,1,1
31.375,139.125,2,2,2,1,1
56.625,-151.875,2,2,2,1,1
-67.875,-79.625,2,2,2,1,1
20.625,-63.625,2,2,2,1,1
20.625,-74.625,2,2,2,1,1
75.625,-6.125,2,2,2,1,1
-52.625,-68.625,2,2,2,1,1
40.125,137.375,2,2,2,1,1
40.125,-67.375,2,2,2,1,1
-67.875,-75.375,2,2,2,1,1
70.375,-99.125,2,2,2,1,1
31.375,128.125,2,2,2,1,1
39.875,134.625,2,2,2,1,1
-65.375,-73.625,2,2,2,1,1
19.875,-65.375,2,2,2,1,1
51.375,158.875,2,2,2,1,1
40.125,144.375,2,2,2,2,2
37.875,145.375,2,2,2,1,1
21.375,-76.375,2,2,2,1,1
70.125,-89.125,2,2,2,1,1
21.125,-75.875,2,2,2,1,1
21.125,-66.875,2,2,2,1,1
70.125,10.625,2,2,2,1,1
61.125,-1.625,2,2,2,1,1
75.625,5.625,2,2,2,1,1
-54.125,-65.375,2,2,2,1,2
51.375,159.375,2,2,2,1,1
50.625,-9.375,2,2,2,1,1
70.125,16.125,2,2,2,1,1
-65.625,138.125,2,2,2,1,1
31.125,128.875,2,2,2,1,1
31.125,132.625,2,2,2,1,1
31.125,133.625,2,2,2,1,1
70.375,-167.375,2,2,2,1,1
-71.125,-106.375,2,2,2,1,1
50.625,158.125,2,2,2,1,1
78.375,6.625,2,2,2,1,1
-63.125,-51.125,2,2,2,1,1
48.875,-4.875,2,2,2,1,1
35.125,131.625,2,2,2,1,1
22.125,-110.625,2,2,2,2,2
39.625,145.875,2,2,2,1,1
22.375,-77.375,2,2,2,1,1
30.875,135.125,2,2,2,1,1
57.125,-60.625,2,2,2,1,1
21.875,-109.625,2,2,2,1,1
30.875,128.375,2,2,2,1,1
21.625,-77.125,2,2,2,1,1
30.875,133.125,2,2,2,1,1
39.625,145.375,2,2,2,1,1
39.375,135.875,2,2,2,1,1
39.375,136.125,2,2,2,2,2
69.625,-62.625,2,2,2,1,1
-59.375,-63.125,2,2,2,1,1
38.125,-71.625,2,2,2,1,1
23.125,-79.875,2,2,2,1,1
69.625,9.375,2,2,2,1,1
22.875,-112.625,2,2,2,1,1
57.375,-166.875,2,2,2,1,1
39.375,137.625,2,2,2,1,1
39.375,145.625,2,2,2,1,1
22.625,-20.625,2,2,2,1,1
69.875,-120.375,2,2,2,1,1
22.625,-110.875,2,2,2,1,1
-70.125,-87.625,2,2,2,1,1
39.375,145.125,2,2,2,1,1
39.125,137.625,2,2,2,1,1
39.125,144.125,2,2,2,1,1
24.375,-113.875,2,2,2,1,1
-59.125,-61.875,2,2,2,1,1
78.625,6.625,2,2,2,1,1
78.625,9.125,2,2,2,1,1
-63.125,-57.375,2,2,2,1,1
60.125,-19.125,2,2,2,1,1
23.625,-113.875,2,2,2,1,1
23.625,-113.625,2,2,2,1,1
30.625,130.625,2,2,2,1,1
39.375,136.875,2,2,2,1,1
39.375,137.375,2,2,2,1,1
38.125,136.875,2,2,2,1,1
38.125,137.125,2,2,2,1,1
39.375,14.625,2,2,2,1,1
30.625,-76.625,2,2,2,1,1
30.625,128.375,2,2,2,1,1
25.125,-79.375,2,2,2,1,1
61.125,-173.375,2,2,2,1,1
35.125,-11.875,2,2,2,1,1
52.625,163.375,2,2,2,1,1
-70.125,-93.625,2,2,2,1,1
24.875,-82.375,2,2,2,1,1
24.875,-116.125,2,2,2,1,1
-71.625,-85.125,2,2,2,1,1
-66.125,-71.875,2,2,2,1,1
69.375,8.125,2,2,2,1,1
66.125,10.125,2,2,2,1,1
39.125,135.375,2,2,2,1,1
39.125,135.625,2,2,2,1,1
39.125,136.875,2,2,2,1,1
30.375,131.625,2,2,2,1,1
25.875,-17.875,2,2,2,1,1
26.125,-116.875,2,2,2,1,1
26.125,-116.375,2,2,2,1,1
25.875,-116.625,2,2,2,1,1
75.875,29.875,2,2,2,1,1
25.625,-117.375,2,2,2,1,1
68.625,13.875,2,2,2,1,1
-69.375,-94.125,2,2,2,1,1
39.125,-69.625,2,2,2,1,1
38.125,136.625,2,2,2,1,1
68.875,-115.375,2,2,2,1,1
36.375,14.375,2,2,2,1,1
78.875,1.875,2,2,2,1,1
-70.125,-91.625,2,2,2,1,1
25.375,-116.375,2,2,2,1,1
26.625,-88.125,2,2,2,1,1
58.125,-145.625,2,2,2,1,1
-66.375,-73.375,2,2,2,1,1
57.625,-136.875,2,2,2,1,1
38.875,1.125,2,2,2,1,1
26.625,-118.375,2,2,2,1,1
49.375,-11.875,2,2,2,1,1
35.125,131.875,2,2,2,1,1
49.125,155.875,2,2,2,1,1
49.125,-11.125,2,2,2,1,1
38.875,18.125,2,2,2,1,1
38.875,134.625,2,2,2,1,1
26.375,-117.375,2,2,2,1,1
30.375,128.375,2,2,2,1,1
30.375,130.625,2,2,2,1,1
30.375,131.375,2,2,2,1,1
27.375,-16.375,2,2,2,1,1
57.625,19.125,2,2,2,1,1
29.875,135.125,2,2,2,1,1
36.625,14.375,2,2,2,1,1
35.375,141.375,2,2,2,2,2
76.125,-6.625,2,2,2,1,1
76.125,-6.375,2,2,2,1,1
76.125,-5.625,2,2,2,1,1
30.375,132.125,2,2,2,1,1
78.875,4.375,2,2,2,1,1
78.875,4.625,2,2,2,1,1
59.875,-5.625,2,2,2,1,1
38.875,135.875,2,2,2,2,2
38.875,137.625,2,2,2,1,1
27.125,-117.875,2,2,2,1,1
26.625,-117.125,2,2,2,1,1
30.125,-89.125,2,2,2,1,1
66.625,-8.625,2,2,2,1,1
28.375,131.375,2,2,2,1,1
57.875,-146.875,2,2,2,1,1
38.625,137.625,2,2,2,1,1
29.875,130.875,2,2,2,1,1
49.375,155.875,2,2,2,1,1
-58.875,-59.875,2,2,2,1,1
76.125,16.125,2,2,2,1,1
52.375,170.125,2,2,2,1,1
38.375,-71.875,2,2,2,1,1
27.875,130.125,2,2,2,1,1
38.625,142.875,2,2,2,2,2
28.375,128.375,2,2,2,1,1
36.125,134.125,2,2,2,1,1
36.125,134.375,2,2,2,1,1
79.125,3.875,2,2,2,1,1
28.875,128.375,2,2,2,1,1
28.625,130.125,2,2,2,1,1
28.875,132.625,2,2,2,1,1
67.375,11.375,2,2,2,1,1
28.875,-15.625,2,2,2,1,1
76.375,-5.375,2,2,2,1,1
49.625,-130.125,2,2,2,1,1
49.625,-128.625,2,2,2,1,1
29.875,128.375,2,2,2,1,1
57.875,-140.125,2,2,2,1,1
67.875,-61.375,2,2,2,1,1
28.625,128.375,2,2,2,1,1
28.375,129.625,2,2,2,2,2
38.625,145.125,2,2,2,1,1
58.125,-166.375,2,2,2,1,1
79.375,3.625,2,2,2,1,1
51.125,158.875,2,2,2,1,1
-63.875,141.875,2,2,2,1,1
79.375,4.125,2,2,2,1,1
-59.125,-62.375,2,2,2,1,1
-69.125,-91.875,2,2,2,1,1
-67.125,-72.875,2,2,2,1,1
-67.125,-72.125,2,2,2,1,1
35.375,131.875,2,2,2,1,1
35.375,132.125,2,2,2,1,1
38.375,137.375,2,2,2,2,2
79.625,6.125,2,2,2,1,1
38.375,-71.375,2,2,2,1,1
29.625,128.375,2,2,2,1,1
29.375,128.375,2,2,2,1,1
29.375,132.375,2,2,2,1,1
-70.375,-100.875,2,2,2,1,1
34.375,-11.125,2,2,2,1,1
-42.375,176.125,2,2,2,1,1
34.625,137.625,2,2,2,1,1
34.625,138.125,2,2,2,1,1
53.625,-136.875,2,2,2,1,1
47.125,155.625,2,2,2,1,1
73.875,-153.375,2,2,2,1,1
47.125,153.125,2,2,2,1,1
36.625,135.125,2,2,2,1,1
73.875,-148.375,2,2,2,1,1
73.875,-80.625,2,2,2,1,1
-69.125,-92.875,2,2,2,1,1
51.125,-135.875,2,2,2,1,1
79.375,6.875,2,2,2,1,1
79.375,2.875,2,2,2,1,1
79.625,8.625,1,1,1,1,1
38.375,12.875,1,1,1,1,1
29.625,134.625,1,1,1,1,1
29.125,129.375,1,1,1,1,1
28.875,133.375,1,1,1,1,1
29.125,132.375,1,1,1,1,1
51.375,-129.375,1,1,1,1,1
79.125,2.125,1,1,1,1,1
28.625,128.625,1,1,1,1,1
29.875,129.875,1,1,1,1,1
38.625,144.375,1,1,1,1,1
29.875,130.375,1,1,1,1,1
38.625,135.625,1,1,1,1,1
-67.625,-74.875,1,1,1,1,1
28.375,132.625,1,1,1,1,1
28.375,132.125,1,1,1,1,1
28.375,130.125,1,1,1,1,1
-54.625,-54.875,1,1,1,1,1
48.875,155.125,1,1,1,1,1
-54.875,-56.375,1,1,1,1,1
75.625,42.375,1,1,1,1,1
36.625,143.375,1,1,1,1,1
-55.375,-62.375,1,1,1,1,1
-59.375,-62.875,1,1,1,1,1
52.875,-171.875,1,1,1,1,1
-55.625,-63.875,1,1,1,1,1
61.125,-171.625,1,1,1,1,1
35.125,144.125,1,1,1,1,1
-55.375,-64.125,1,1,1,1,1
49.375,156.375,1,1,1,1,1
36.625,15.875,1,1,1,1,1
-58.625,-68.875,1,1,1,1,1
-58.125,-62.875,1,1,1,1,1
48.375,154.875,1,1,1,1,1
75.125,28.625,1,1,1,1,1
53.125,-172.625,1,1,1,1,1
59.375,-142.125,1,1,1,1,1
61.375,-61.125,1,1,1,1,1
48.875,-130.625,1,1,1,1,1
-52.625,-54.375,1,1,1,1,1
-59.625,-64.125,1,1,1,1,1
52.375,-157.625,1,1,1,1,1
-52.625,-62.375,1,1,1,1,1
52.875,165.625,1,1,1,1,1
-67.375,29.875,1,1,1,1,1
59.625,-170.875,1,1,1,1,1
-52.875,-53.375,1,1,1,1,1
-68.875,-97.875,1,1,1,1,1
-54.625,-54.375,1,1,1,1,1
-47.875,172.375,1,1,1,1,1
53.125,170.625,1,1,1,1,1
53.125,167.125,1,1,1,1,1
36.875,136.375,1,1,1,1,1
36.875,136.125,1,1,1,1,1
49.625,-1.125,1,1,1,1,1
49.625,-2.875,1,1,1,1,1
52.375,-171.625,1,1,1,1,1
61.375,-5.125,1,1,1,1,1
61.375,-17.625,1,1,1,1,1
36.875,-9.375,1,1,1,1,1
36.875,-71.375,1,1,1,1,1
74.875,32.875,1,1,1,1,1
-50.625,-64.125,1,1,1,1,1
-51.125,-65.375,1,1,1,1,1
36.875,135.125,1,1,1,1,1
-68.875,-81.875,1,1,1,1,1
-68.875,-83.625,1,1,1,1,1
-46.875,166.375,1,1,1,1,1
-46.875,165.375,1,1,1,1,1
-46.875,164.625,1,1,1,1,1
35.625,-7.625,1,1,1,1,1
35.625,-10.625,1,1,1,1,1
36.625,13.375,1,1,1,1,1
-69.125,-100.375,1,1,1,1,1
76.625,-3.375,1,1,1,1,1
-48.125,173.625,1,1,1,1,1
-47.625,172.375,1,1,1,1,1
-47.125,165.375,1,1,1,1,1
-47.125,165.125,1,1,1,1,1
-48.375,173.625,1,1,1,1,1
-47.875,173.125,1,1,1,1,1
47.625,153.375,1,1,1,1,1
61.625,-61.375,1,1,1,1,1
47.875,-126.125,1,1,1,1,1
-44.625,144.625,1,1,1,1,1
74.375,-150.875,1,1,1,1,1
52.125,161.375,1,1,1,1,1
52.125,160.375,1,1,1,1,1
74.375,-92.625,1,1,1,1,1
74.375,-93.125,1,1,1,1,1
34.875,-124.875,1,1,1,1,1
-45.625,142.125,1,1,1,1,1
-45.625,-80.125,1,1,1,1,1
-64.125,-54.125,1,1,1,1,1
74.375,18.125,1,1,1,1,1
-46.875,161.875,1,1,1,1,1
-46.625,163.875,1,1,1,1,1
73.625,32.875,1,1,1,1,1
73.875,-152.875,1,1,1,1,1
47.125,157.875,1,1,1,1,1
37.125,-123.875,1,1,1,1,1
73.875,-78.875,1,1,1,1,1
73.875,-80.125,1,1,1,1,1
-69.125,-93.125,1,1,1,1,1
53.625,169.375,1,1,1,1,1
34.625,131.125,1,1,1,1,1
-43.375,179.125,1,1,1,1,1
-43.375,178.125,1,1,1,1,1
53.625,171.375,1,1,1,1,1
73.875,33.625,1,1,1,1,1
74.125,-88.375,1,1,1,1,1
74.125,-159.875,1,1,1,1,1
59.375,-167.625,1,1,1,1,1
62.125,-61.375,1,1,1,1,1
62.125,-167.625,1,1,1,1,1
61.875,-3.625,1,1,1,1,1
-64.625,141.625,1,1,1,1,1
-69.625,-92.125,1,1,1,1,1
34.375,140.375,1,1,1,1,1
61.875,-1.875,1,1,1,1,1
61.875,-2.625,1,1,1,1,1
-69.625,-89.875,1,1,1,1,1
36.625,135.875,1,1,1,1,1
36.875,144.375,1,1,1,1,1
36.875,143.875,1,1,1,1,1
47.125,156.125,1,1,1,1,1
47.125,155.375,1,1,1,1,1
47.125,155.125,1,1,1,1,1
53.625,171.875,1,1,1,1,1
-40.875,173.875,1,1,1,1,1
-40.875,173.375,1,1,1,1,1
-64.625,122.125,1,1,1,1,1
-40.125,-59.625,1,1,1,1,1
-40.375,173.875,1,1,1,1,1
-39.875,171.625,1,1,1,1,1
-60.875,-56.875,1,1,1,1,1
76.875,-1.125,1,1,1,1,1
76.875,-1.375,1,1,1,1,1
-69.125,-93.875,1,1,1,1,1
34.375,-8.375,1,1,1,1,1
34.375,142.625,1,1,1,1,1
47.125,-129.875,1,1,1,1,1
73.625,13.875,1,1,1,1,1
-68.625,-99.375,1,1,1,1,1
62.125,-25.125,1,1,1,1,1
53.875,170.125,1,1,1,1,1
46.875,155.625,1,1,1,1,1
-39.125,168.625,1,1,1,1,1
-39.125,168.125,1,1,1,1,1
-39.375,171.875,1,1,1,1,1
-39.375,171.375,1,1,1,1,1
-39.125,-55.125,1,1,1,1,1
73.375,-74.625,1,1,1,1,1
35.625,132.375,1,1,1,1,1
-60.875,-53.375,1,1,1,1,1
46.875,154.625,1,1,1,1,1
73.375,22.875,1,1,1,1,1
73.375,34.625,1,1,1,1,1
-39.875,172.625,1,1,1,1,1
73.625,-150.875,1,1,1,1,1
-39.625,170.625,1,1,1,1,1
45.625,-3.125,1,1,1,1,1
-37.375,26.125,1,1,1,1,1
-37.375,-55.625,1,1,1,1,1
-38.125,148.875,1,1,1,1,1
-38.125,170.125,1,1,1,1,1
-38.125,169.625,1,1,1,1,1
51.875,159.875,1,1,1,1,1
50.125,-133.625,1,1,1,1,1
73.125,18.375,1,1,1,1,1
-38.375,147.625,1,1,1,1,1
-38.625,151.625,1,1,1,1,1
-38.625,147.875,1,1,1,1,1
37.125,-124.875,1,1,1,1,1
73.375,-158.625,1,1,1,1,1
73.375,-159.375,1,1,1,1,1
-38.875,171.125,1,1,1,1,1
-36.375,-53.375,1,1,1,1,1
45.375,12.875,1,1,1,1,1
34.125,-121.625,1,1,1,1,1
-37.125,25.375,1,1,1,1,1
72.875,33.125,1,1,1,1,1
-36.875,171.375,1,1,1,1,1
-61.125,-63.625,1,1,1,1,1
-61.125,-50.625,1,1,1,1,1
54.125,171.625,1,1,1,1,1
73.125,-157.875,1,1,1,1,1
73.125,-159.125,1,1,1,1,1
73.125,-159.375,1,1,1,1,1
73.125,-159.875,1,1,1,1,1
37.125,144.375,1,1,1,1,1
54.125,171.375,1,1,1,1,1
54.125,-138.625,1,1,1,1,1
-34.625,170.375,1,1,1,1,1
45.125,-127.625,1,1,1,1,1
-35.375,170.625,1,1,1,1,1
62.875,-167.125,1,1,1,1,1
33.625,143.875,1,1,1,1,1
-61.375,-64.625,1,1,1,1,1
-61.125,-62.625,1,1,1,1,1
37.375,134.625,1,1,1,1,1
-35.875,22.625,1,1,1,1,1
45.375,150.375,1,1,1,1,1
-36.125,23.375,1,1,1,1,1
37.125,135.625,1,1,1,1,1
37.125,134.875,1,1,1,1,1
72.875,16.125,1,1,1,1,1
-36.375,171.125,1,1,1,1,1
45.375,-128.875,1,1,1,1,1
-30.625,153.125,1,1,1,1,1
33.375,143.125,1,1,1,1,1
44.625,-129.125,1,1,1,1,1
33.625,129.625,1,1,1,1,1
63.125,-166.875,1,1,1,1,1
63.125,-167.125,1,1,1,1,1
-33.375,169.625,1,1,1,1,1
76.875,39.375,1,1,1,1,1
-61.625,-63.125,1,1,1,1,1
44.625,13.125,1,1,1,1,1
44.875,-127.625,1,1,1,1,1
44.875,-9.125,1,1,1,1,1
-34.375,112.375,1,1,1,1,1
59.125,-153.125,1,1,1,1,1
72.625,34.625,1,1,1,1,1
-35.125,20.375,1,1,1,1,1
37.375,136.875,1,1,1,1,1
37.375,136.375,1,1,1,1,1
72.375,-145.125,1,1,1,1,1
-26.375,10.875,1,1,1,1,1
72.375,10.375,1,1,1,1,1
59.875,-167.625,1,1,1,1,1
77.125,24.375,1,1,1,1,1
54.625,171.875,1,1,1,1,1
72.375,25.125,1,1,1,1,1
-30.125,153.625,1,1,1,1,1
-28.875,13.625,1,1,1,1,1
44.125,-6.875,1,1,1,1,1
44.125,148.875,1,1,1,1,1
54.875,-172.375,1,1,1,1,1
54.625,173.375,1,1,1,1,1
44.375,-62.375,1,1,1,1,1
33.125,141.625,1,1,1,1,1
33.125,141.375,1,1,1,1,1
72.375,-163.375,1,1,1,1,1
72.375,-158.125,1,1,1,1,1
72.375,-159.875,1,1,1,1,1
54.875,-131.875,1,1,1,1,1
37.375,143.875,1,1,1,1,1
63.625,-12.125,1,1,1,1,1
-62.125,-57.125,1,1,1,1,1
-26.125,44.625,1,1,1,1,1
43.875,13.375,1,1,1,1,1
72.375,-151.625,1,1,1,1,1
-25.875,45.875,1,1,1,1,1
-25.875,43.875,1,1,1,1,1
33.375,128.875,1,1,1,1,1
33.375,-8.875,1,1,1,1,1
-20.375,153.125,1,1,1,1,1
72.125,-154.625,1,1,1,1,1
43.375,-60.875,1,1,1,1,1
55.125,-164.625,1,1,1,1,1
72.125,-70.375,1,1,1,1,1
72.125,-144.875,1,1,1,1,1
72.125,-149.375,1,1,1,1,1
43.375,148.125,1,1,1,1,1
-23.875,40.625,1,1,1,1,1
-23.875,-44.125,1,1,1,1,1
72.125,-69.375,1,1,1,1,1
-24.375,49.125,1,1,1,1,1
-25.125,156.375,1,1,1,1,1
72.375,-168.875,1,1,1,1,1
33.375,-119.875,1,1,1,1,1
33.125,143.625,1,1,1,1,1
-14.875,145.625,1,1,1,1,1
-14.875,123.625,1,1,1,1,1
42.625,149.625,1,1,1,1,1
71.875,-145.625,1,1,1,1,1
-72.625,-108.875,1,1,1,1,1
42.875,-62.875,1,1,1,1,1
-68.375,-79.625,1,1,1,1,1
-16.875,146.875,1,1,1,1,1
42.875,15.125,1,1,1,1,1
-17.875,121.625,1,1,1,1,1
-67.375,-74.625,1,1,1,1,1
-68.375,-79.875,1,1,1,1,1
55.125,-131.625,1,1,1,1,1
55.125,-139.625,1,1,1,1,1
72.125,-164.625,1,1,1,1,1
72.125,-168.875,1,1,1,1,1
-68.375,3.875,1,1,1,1,1
-13.625,44.875,1,1,1,1,1
-13.625,44.375,1,1,1,1,1
-13.375,51.625,1,1,1,1,1
-13.125,45.375,1,1,1,1,1
-69.375,-101.375,1,1,1,1,1
77.375,13.125,1,1,1,1,1
-62.375,-62.875,1,1,1,1,1
-62.375,114.125,1,1,1,1,1
32.625,138.125,1,1,1,1,1
42.625,7.625,1,1,1,1,1
71.875,-159.875,1,1,1,1,1
42.625,149.125,1,1,1,1,1
42.625,145.375,1,1,1,1,1
64.125,-172.375,1,1,1,1,1
71.875,-147.625,1,1,1,1,1
64.125,6.625,1,1,1,1,1
55.625,-12.125,1,1,1,1,1
55.625,-140.625,1,1,1,1,1
-69.875,-93.375,1,1,1,1,1
42.125,139.375,1,1,1,1,1
32.375,132.125,1,1,1,1,1
50.375,-0.625,1,1,1,1,1
-63.875,85.625,1,1,1,1,1
-69.125,-102.875,1,1,1,1,1
64.125,-61.875,1,1,1,1,1
71.625,-152.125,1,1,1,1,1
71.625,-68.875,1,1,1,1,1
32.625,-119.125,1,1,1,1,1
-64.875,79.375,1,1,1,1,1
42.375,138.625,1,1,1,1,1
42.375,146.125,1,1,1,1,1
10.625,-58.625,1,1,1,1,1
32.125,134.375,1,1,1,1,1
32.125,141.875,1,1,1,1,1
-65.125,127.875,1,1,1,1,1
8.625,-54.125,1,1,1,1,1
8.875,-84.875,1,1,1,1,1
32.125,136.625,1,1,1,1,1
51.625,-13.375,1,1,1,1,1
37.625,137.625,1,1,1,1,1
37.625,134.375,1,1,1,1,1
42.125,15.875,1,1,1,1,1
-72.625,-85.125,1,1,1,1,1
41.875,147.125,1,1,1,1,1
32.125,139.375,1,1,1,1,1
64.125,8.875,1,1,1,1,1
71.625,-167.625,1,1,1,1,1
64.375,8.625,1,1,1,1,1
71.375,-127.875,1,1,1,1,1
11.625,-89.875,1,1,1,1,1
10.625,-77.625,1,1,1,1,1
10.625,-78.375,1,1,1,1,1
11.125,-76.625,1,1,1,1,1
71.375,7.875,1,1,1,1,1
71.375,-67.125,1,1,1,1,1
41.875,7.125,1,1,1,1,1
36.125,-8.875,1,1,1,1,1
77.625,10.375,1,1,1,1,1
77.625,9.875,1,1,1,1,1
9.625,-86.125,1,1,1,1,1
10.375,-79.125,1,1,1,1,1
10.875,-77.875,1,1,1,1,1
10.875,-78.125,1,1,1,1,1
13.125,-74.625,1,1,1,1,1
13.125,-75.125,1,1,1,1,1
13.125,-93.125,1,1,1,1,1
32.125,133.875,1,1,1,1,1
32.125,133.625,1,1,1,1,1
41.625,144.125,1,1,1,1,1
77.625,28.875,1,1,1,1,1
77.625,12.875,1,1,1,1,1
12.125,-76.625,1,1,1,1,1
71.375,-147.375,1,1,1,1,1
12.375,-74.125,1,1,1,1,1
41.625,147.875,1,1,1,1,1
41.625,146.875,1,1,1,1,1
55.875,-10.625,1,1,1,1,1
41.875,10.375,1,1,1,1,1
12.125,-74.625,1,1,1,1,1
16.375,-69.875,1,1,1,1,1
16.375,-100.125,1,1,1,1,1
31.875,131.625,1,1,1,1,1
41.125,147.625,1,1,1,1,1
41.375,145.375,1,1,1,1,1
15.625,-20.375,1,1,1,1,1
15.625,-74.375,1,1,1,1,1
-62.875,-53.875,1,1,1,1,1
15.125,-97.625,1,1,1,1,1
41.375,147.625,1,1,1,1,1
41.375,146.875,1,1,1,1,1
58.625,-167.125,1,1,1,1,1
31.875,137.875,1,1,1,1,1
13.875,-72.375,1,1,1,1,1
13.375,-93.625,1,1,1,1,1
13.625,-73.875,1,1,1,1,1
-65.125,114.625,1,1,1,1,1
17.875,-67.625,1,1,1,1,1
70.875,11.875,1,1,1,1,1
17.625,-64.625,1,1,1,1,1
58.375,21.125,1,1,1,1,1
51.625,-168.125,1,1,1,1,1
50.625,-0.125,1,1,1,1,1
17.375,-68.875,1,1,1,1,1
56.125,174.875,1,1,1,1,1
64.875,-167.875,1,1,1,1,1
17.125,-103.125,1,1,1,1,1
16.875,-87.125,1,1,1,1,1
58.375,-6.125,1,1,1,1,1
16.375,-70.375,1,1,1,1,1
41.125,136.625,1,1,1,1,1
41.125,11.625,1,1,1,1,1
31.625,128.125,1,1,1,1,1
31.625,-76.625,1,1,1,1,1
19.125,-108.375,1,1,1,1,1
-69.875,-101.875,1,1,1,1,1
40.625,138.375,1,1,1,1,1
31.625,-120.875,1,1,1,1,1
-70.625,-79.375,1,1,1,1,1
56.375,-6.625,1,1,1,1,1
31.625,129.375,1,1,1,1,1
65.125,-168.625,1,1,1,1,1
31.625,132.125,1,1,1,1,1
31.625,138.625,1,1,1,1,1
18.375,-106.625,1,1,1,1,1
18.375,-107.125,1,1,1,1,1
17.875,-68.125,1,1,1,1,1
70.875,-160.875,1,1,1,1,1
-66.875,29.875,1,1,1,1,1
31.375,135.875,1,1,1,1,1
37.875,145.875,1,1,1,1,1
37.875,144.125,1,1,1,1,1
40.375,5.125,1,1,1,1,1
50.875,-164.125,1,1,1,1,1
19.625,-75.625,1,1,1,1,1
-71.125,-82.625,1,1,1,1,1
-71.125,-83.875,1,1,1,1,1
56.875,-166.875,1,1,1,1,1
40.375,136.625,1,1,1,1,1
19.625,-106.125,1,1,1,1,1
56.625,-143.375,1,1,1,1,1
-68.125,29.875,1,1,1,1,1
40.375,146.875,1,1,1,1,1
-68.125,74.875,1,1,1,1,1
21.625,-66.625,1,1,1,1,1
-65.625,-68.375,1,1,1,1,1
39.625,144.875,1,1,1,1,1
57.125,-165.625,1,1,1,1,1
-65.625,67.875,1,1,1,1,1
31.125,128.125,1,1,1,1,1
70.375,-168.375,1,1,1,1,1
20.625,-107.625,1,1,1,1,1
56.875,-9.375,1,1,1,1,1
-67.625,29.875,1,1,1,1,1
-67.625,-10.625,1,1,1,1,1
38.125,-125.875,1,1,1,1,1
31.375,133.125,1,1,1,1,1
31.375,130.125,1,1,1,1,1
40.125,13.125,1,1,1,1,1
65.375,6.875,1,1,1,1,1
69.875,-168.125,1,1,1,1,1
69.625,13.375,1,1,1,1,1
22.625,-70.375,1,1,1,1,1
22.375,-78.125,1,1,1,1,1
22.375,-110.375,1,1,1,1,1
22.375,-112.875,1,1,1,1,1
-65.875,78.625,1,1,1,1,1
-65.875,77.125,1,1,1,1,1
-63.125,-51.625,1,1,1,1,1
78.375,1.375,1,1,1,1,1
-69.375,-90.375,1,1,1,1,1
30.875,-11.625,1,1,1,1,1
22.125,-110.125,1,1,1,1,1
39.875,-125.625,1,1,1,1,1
69.875,18.125,1,1,1,1,1
21.875,-109.875,1,1,1,1,1
57.625,-166.625,1,1,1,1,1
66.125,7.625,1,1,1,1,1
24.375,-79.875,1,1,1,1,1
-67.625,-78.375,1,1,1,1,1
39.125,144.875,1,1,1,1,1
-66.125,142.625,1,1,1,1,1
23.875,-113.125,1,1,1,1,1
23.875,-75.875,1,1,1,1,1
60.375,-177.625,1,1,1,1,1
23.875,-114.375,1,1,1,1,1
23.625,-80.125,1,1,1,1,1
23.625,-80.875,1,1,1,1,1
38.125,137.875,1,1,1,1,1
39.375,14.125,1,1,1,1,1
-65.875,-73.125,1,1,1,1,1
38.125,136.375,1,1,1,1,1
25.875,-116.875,1,1,1,1,1
26.125,-117.375,1,1,1,1,1
25.875,-117.875,1,1,1,1,1
58.125,-135.625,1,1,1,1,1
38.875,144.625,1,1,1,1,1
38.875,144.125,1,1,1,1,1
25.625,-115.625,1,1,1,1,1
66.375,-167.125,1,1,1,1,1
25.125,-114.875,1,1,1,1,1
39.125,2.875,1,1,1,1,1
25.375,-116.875,1,1,1,1,1
38.125,12.125,1,1,1,1,1
58.125,-7.625,1,1,1,1,1
39.125,18.625,1,1,1,1,1
69.375,-164.125,1,1,1,1,1
-70.125,-94.625,1,1,1,1,1
28.125,131.375,1,1,1,1,1
28.125,129.875,1,1,1,1,1
38.875,-71.375,1,1,1,1,1
68.375,6.125,1,1,1,1,1
68.375,-61.625,1,1,1,1,1
27.625,-15.875,1,1,1,1,1
-67.625,-76.125,1,1,1,1,1
78.875,4.875,1,1,1,1,1
26.875,-91.375,1,1,1,1,1
-66.625,68.125,1,1,1,1,1
-71.375,-105.375,1,1,1,1,1
30.375,135.125,1,1,1,1,1
57.625,-58.875,1,1,1,1,1
30.375,128.875,1,1,1,1,1
26.375,-117.875,1,1,1,1,1
25.875,-116.125,1,1,1,1,1
51.375,-163.125,1,1,1,1,1
79.875,9.125,1,1,1,1,1
51.125,158.625,1,1,1,1,1
51.125,167.875,1,1,1,1,1
79.375,6.125,1,1,1,1,1
60.125,-171.625,1,1,1,1,1
79.125,5.375,1,1,1,1,1
79.125,4.875,1,1,1,1,1
-63.375,-69.875,1,1,1,1,1
-69.375,-89.875,1,1,1,1,1
50.875,-9.375,1,1,1,1,1
29.625,128.125,1,1,1,1,1
79.625,6.375,1,1,1,1,1
38.625,-72.125,1,1,1,1,1
29.625,-15.625,1,1,1,1,1
29.375,131.875,1,1,1,1,1
-68.875,-98.625,1,1,1,1,1
76.375,4.125,1,1,1,1,1
76.375,-3.875,1,1,1,1,1
76.375,17.125,1,1,1,1,1
35.375,132.375,1,1,1,1,1
-69.125,-91.625,1,1,1,1,1
-59.125,-62.125,1,1,1,1,1
-58.875,-64.125,1,1,1,1,1
79.375,4.375,1,1,1,1,1
79.125,9.625,1,1,1,1,1
36.375,-126.875,1,1,1,1,1
-67.125,-75.625,1,1,1,1,1
79.625,5.875,1,1,1,1,1
79.375,7.375,1,1,1,1,1
79.375,6.625,1,1,1,1,1
79.375,6.375,1,1,1,1,1
